snapshot_id,historical_project_id,snapshot_date,current_stage,next_stage,approvals_required,approvals_completed,approvals_pending,approval_progress_pct,oldest_pending_approval_days,legal_cases_total,legal_cases_pending,legal_cases_resolved,disputed_land_area,oldest_pending_case_days,compensation_total_amount,compensation_paid_amount,compensation_pending_amount,beneficiaries_eligible,beneficiaries_compensated,beneficiaries_pending,compensation_progress_pct,documents_required,documents_submitted,documents_verified,documents_incomplete,documentation_progress_pct,notifications_required,notifications_issued,notifications_pending,notification_progress_pct,parcels_total,parcels_disputed,ownership_conflicts_pending,ownership_conflicts_resolved,rr_families_required,rr_families_completed,rr_families_pending,rr_progress_pct,land_required_for_possession,land_acquired_for_possession,possession_progress_pct,stakeholder_requests_raised,stakeholder_responses_received,stakeholder_requests_pending,average_response_time_days,departments_involved,coordination_requests_raised,coordination_requests_resolved,coordination_requests_pending,average_coordination_response_days,days_in_current_stage,total_project_days,next_stage_delayed_30d,next_stage_delay_days,next_stage_planned_completion_date,next_stage_actual_completion_date,is_synthetic
53b4e3b2-b924-4115-84eb-87ec55c60e0f,21c35aaf-1c28-4ff2-8cbc-5828ae2445dc,2020-09-03,Objection / Hearing,Land & Ownership Verification,9,2,7,22.2,28,3,3,0,6.3,45,193.22,25.5,167.72,320,42,278,13.2,24,11,7,13,29.2,5,2,3,40.0,98,19,5,14,120,5,115,4.2,82.2,0.0,0.0,19,4,15,26.7,4,17,3,14,35.3,32,177,1.0,50.0,2020-11-01,2020-12-21,True
52d5a597-c856-4624-9ded-c983835263a2,21c35aaf-1c28-4ff2-8cbc-5828ae2445dc,2020-10-08,Land & Ownership Verification,Award / Valuation,9,3,6,33.3,59,3,3,0,6.0,146,193.22,27.17,166.05,320,44,276,14.1,24,11,7,13,29.2,5,2,3,40.0,98,28,14,14,120,1,119,0.8,82.2,16.7,20.3,19,8,11,27.4,4,17,4,13,29.7,33,212,1.0,61.0,2020-12-05,2021-02-04,True
cc33e0a8-ad1e-4b51-9018-e515023df28b,21c35aaf-1c28-4ff2-8cbc-5828ae2445dc,2020-11-22,Land & Ownership Verification,Award / Valuation,9,4,5,44.4,44,3,2,1,5.4,153,193.22,63.9,129.32,320,105,215,33.1,24,14,10,10,41.7,5,2,3,40.0,98,28,17,11,120,37,83,30.8,82.2,2.9,3.5,19,4,15,23.8,4,17,7,10,7.6,78,257,1.0,61.0,2020-12-05,2021-02-04,True
adcca722-488a-401a-8cb1-a58b4ae61376,21c35aaf-1c28-4ff2-8cbc-5828ae2445dc,2020-11-23,Land & Ownership Verification,Award / Valuation,9,5,4,55.6,20,3,2,1,5.4,128,193.22,44.12,149.1,320,73,247,22.8,24,8,5,16,20.8,5,2,3,40.0,98,14,2,12,120,41,79,34.2,82.2,0.0,0.0,19,10,9,14.1,4,17,4,13,40.0,79,258,1.0,61.0,2020-12-05,2021-02-04,True
1e7a9201-7496-4db8-8f96-2d9e370c09c6,21c35aaf-1c28-4ff2-8cbc-5828ae2445dc,2020-12-22,Award / Valuation,Compensation Disbursement,9,5,4,55.6,12,3,2,1,5.2,91,193.22,41.67,151.55,320,69,251,21.6,24,13,8,11,33.3,5,3,2,60.0,98,15,4,11,120,26,94,21.7,82.2,0.0,0.0,19,9,10,21.6,4,17,4,13,25.5,1,287,1.0,58.0,2021-01-19,2021-03-18,True
456d9fa1-bc27-4e6d-9719-8c3bb9850555,21c35aaf-1c28-4ff2-8cbc-5828ae2445dc,2021-01-23,Award / Valuation,Compensation Disbursement,9,5,4,55.6,10,3,2,1,5.1,35,193.22,58.79,134.43,320,97,223,30.4,24,13,8,11,33.3,5,3,2,60.0,98,19,1,18,120,42,78,35.0,82.2,8.6,10.5,19,12,7,6.6,4,17,7,10,32.5,33,319,1.0,58.0,2021-01-19,2021-03-18,True
109969f5-7db1-42e5-887a-bde6778b5838,21c35aaf-1c28-4ff2-8cbc-5828ae2445dc,2021-02-10,Compensation Disbursement,Rehabilitation & Resettlement,9,6,3,66.7,45,3,2,1,4.2,70,193.22,64.05,129.17,320,106,214,33.1,24,11,7,13,29.2,5,3,2,60.0,98,17,0,17,120,27,93,22.5,82.2,17.8,21.7,19,8,11,20.5,4,17,6,11,24.2,6,337,1.0,76.0,2021-02-26,2021-05-13,True
b4768969-d4fc-43fa-bbaa-525a6305a76c,21c35aaf-1c28-4ff2-8cbc-5828ae2445dc,2021-04-04,Rehabilitation & Resettlement,Possession,9,6,3,66.7,33,3,2,1,3.1,168,193.22,111.24,81.98,320,184,136,57.6,24,20,16,4,66.7,5,3,2,60.0,98,6,0,6,120,56,64,46.7,82.2,33.3,40.5,19,11,8,3.2,4,17,6,11,14.0,17,390,1.0,77.0,2021-05-06,2021-07-22,True
7717c50c-5d35-413a-8262-ae006b257dfe,21c35aaf-1c28-4ff2-8cbc-5828ae2445dc,2021-08-03,Acquisition Completion,,9,8,1,88.9,67,3,2,1,4.3,100,193.22,161.81,31.41,320,267,53,83.7,24,21,17,3,70.8,5,4,1,80.0,98,5,0,5,120,95,25,79.2,82.2,59.8,72.7,19,15,4,22.1,4,17,10,7,35.7,12,511,,,,,True
997ab00e-e23b-4a5a-b3d4-d839fa2236c7,21c35aaf-1c28-4ff2-8cbc-5828ae2445dc,2021-10-06,Acquisition Completion,,9,9,0,100.0,0,3,1,2,2.2,24,193.22,160.72,32.5,320,266,54,83.2,24,23,16,1,66.7,5,4,1,80.0,98,1,0,1,120,120,0,100.0,82.2,77.3,94.0,19,18,1,6.7,4,17,11,6,5.1,76,575,,,,,True
377387c6-4e93-4c9f-a3b3-e7434733aac7,83ca3544-7d38-4e22-b074-c8df93107fd4,2023-05-19,Notification,Objection / Hearing,12,4,8,33.3,60,18,16,2,14.9,65,569.13,15.28,553.85,1859,49,1810,2.7,28,6,4,22,14.3,8,2,6,25.0,68,17,8,9,1072,0,1072,0.0,177.7,11.2,6.3,10,2,8,20.0,2,13,1,12,29.4,94,238,1.0,115.0,2023-07-29,2023-11-21,True
25befe9f-7164-4f71-a6a0-55c03ffa6bb4,83ca3544-7d38-4e22-b074-c8df93107fd4,2023-07-14,Objection / Hearing,Land & Ownership Verification,12,3,9,25.0,47,18,17,1,16.5,102,569.13,115.86,453.27,1859,378,1481,20.4,28,14,11,14,39.3,8,1,7,12.5,68,4,1,3,1072,0,1072,0.0,177.7,4.4,2.5,10,3,7,28.7,2,13,3,10,38.9,27,294,1.0,143.0,2023-09-29,2024-02-19,True
eec36173-cce2-4d84-b85a-d2d304f2b836,83ca3544-7d38-4e22-b074-c8df93107fd4,2023-10-11,Objection / Hearing,Land & Ownership Verification,12,4,8,33.3,21,18,13,5,12.1,91,569.13,20.44,548.69,1859,66,1793,3.6,28,10,8,18,28.6,8,4,4,50.0,68,15,5,10,1072,281,791,26.2,177.7,13.0,7.3,10,3,7,8.3,2,13,3,10,11.7,116,383,1.0,143.0,2023-09-29,2024-02-19,True
430d4279-50f2-415c-a514-46f7e8915884,83ca3544-7d38-4e22-b074-c8df93107fd4,2024-03-06,Award / Valuation,Compensation Disbursement,12,9,3,75.0,78,18,10,8,9.6,145,569.13,342.01,227.12,1859,1117,742,60.1,28,17,12,11,42.9,8,7,1,87.5,68,3,0,3,1072,284,788,26.5,177.7,57.0,32.1,10,4,6,8.0,2,13,5,8,16.8,16,530,1.0,214.0,2024-01-27,2024-08-28,True
f2e61c65-d1c1-4de7-b51d-b07b2fcaf3d0,83ca3544-7d38-4e22-b074-c8df93107fd4,2024-04-09,Award / Valuation,Compensation Disbursement,12,8,4,66.7,82,18,10,8,9.0,140,569.13,252.81,316.32,1859,825,1034,44.4,28,19,14,9,50.0,8,4,4,50.0,68,8,0,8,1072,590,482,55.0,177.7,52.1,29.3,10,6,4,18.0,2,13,5,8,15.2,50,564,1.0,214.0,2024-01-27,2024-08-28,True
13b66192-3840-453e-aeaf-eb79560055f7,83ca3544-7d38-4e22-b074-c8df93107fd4,2024-05-01,Award / Valuation,Compensation Disbursement,12,8,4,66.7,45,18,9,9,7.9,101,569.13,233.46,335.67,1859,762,1097,41.0,28,19,14,9,50.0,8,6,2,75.0,68,4,0,4,1072,332,740,31.0,177.7,46.2,26.0,10,6,4,7.8,2,13,6,7,17.5,72,586,1.0,214.0,2024-01-27,2024-08-28,True
bd3563b5-4d11-42ba-9470-32c00961f3f3,83ca3544-7d38-4e22-b074-c8df93107fd4,2024-12-25,Possession,Acquisition Completion,12,11,1,91.7,6,18,8,10,7.0,67,569.13,384.12,185.01,1859,1254,605,67.5,28,27,17,1,60.7,8,8,0,100.0,68,5,0,5,1072,728,344,67.9,177.7,104.5,58.8,10,9,1,25.1,2,13,10,3,29.1,9,824,1.0,298.0,2024-08-24,2025-06-18,True
65311bd6-6b2b-43b8-bbf4-96130a050560,83ca3544-7d38-4e22-b074-c8df93107fd4,2025-06-01,Acquisition Completion,,12,11,1,91.7,75,18,3,15,2.8,123,569.13,544.57,24.56,1859,1778,81,95.7,28,28,21,0,75.0,8,8,0,100.0,68,0,0,0,1072,901,171,84.0,177.7,138.0,77.7,10,9,1,4.9,2,13,13,0,30.6,62,982,,,,,True
73b5bd77-f835-4ce5-8bc2-7b325e6f768f,4735b0eb-7578-4560-9a45-8bdce3b2eb7a,2021-07-31,Notification,Objection / Hearing,12,5,7,41.7,20,15,11,4,6.6,25,57.61,0.0,57.61,114,0,114,0.0,8,1,0,7,0.0,7,1,6,14.3,20,4,3,1,29,2,27,6.9,99.2,0.0,0.0,23,4,19,12.6,5,15,1,14,35.3,17,123,0.0,0.0,2021-10-19,2021-10-08,True
69eba2b0-d339-46b4-8218-4fdc2a3310f7,4735b0eb-7578-4560-9a45-8bdce3b2eb7a,2022-02-28,Award / Valuation,Compensation Disbursement,12,8,4,66.7,81,15,10,5,6.1,38,57.61,22.08,35.53,114,43,71,38.3,8,4,2,4,25.0,7,5,2,71.4,20,1,0,1,29,8,21,27.6,99.2,28.3,28.5,23,10,13,16.7,5,15,8,7,28.9,45,335,0.0,1.0,2022-07-02,2022-07-03,True
94bea00c-60f9-41da-9e49-19bd36ae175e,4735b0eb-7578-4560-9a45-8bdce3b2eb7a,2022-06-14,Compensation Disbursement,Rehabilitation & Resettlement,12,11,1,91.7,32,15,7,8,4.1,179,57.61,44.05,13.56,114,87,27,76.5,8,7,5,1,62.5,7,6,1,85.7,20,1,0,1,29,17,12,58.6,99.2,53.7,54.1,23,18,5,29.5,5,15,10,5,31.2,88,441,0.0,3.0,2022-08-06,2022-08-09,True
722b97bd-2e2d-4181-ba28-6678d7153ed7,4735b0eb-7578-4560-9a45-8bdce3b2eb7a,2022-06-25,Compensation Disbursement,Rehabilitation & Resettlement,12,11,1,91.7,88,15,6,9,3.4,163,57.61,38.25,19.36,114,75,39,66.4,8,6,4,2,50.0,7,7,0,100.0,20,1,0,1,29,20,9,69.0,99.2,54.8,55.2,23,18,5,20.6,5,15,9,6,17.6,99,452,0.0,3.0,2022-08-06,2022-08-09,True
1ecd1e31-ec7b-48a2-935d-4df98e71e46a,4735b0eb-7578-4560-9a45-8bdce3b2eb7a,2022-08-14,Possession,Acquisition Completion,12,12,0,100.0,0,15,6,9,3.5,84,57.61,48.35,9.26,114,95,19,83.9,8,8,5,0,62.5,7,6,1,85.7,20,0,0,0,29,21,8,72.4,99.2,71.5,72.1,23,20,3,18.6,5,15,11,4,34.5,5,502,0.0,0.0,2022-11-15,2022-10-30,True
5e97893b-dfdf-4c83-acd7-f439684bd311,4735b0eb-7578-4560-9a45-8bdce3b2eb7a,2022-09-05,Possession,Acquisition Completion,12,10,2,83.3,35,15,4,11,2.4,21,57.61,52.53,5.08,114,103,11,91.2,8,7,5,1,62.5,7,6,1,85.7,20,0,0,0,29,24,5,82.8,99.2,70.4,71.0,23,20,3,23.6,5,15,12,3,21.3,27,524,0.0,0.0,2022-11-15,2022-10-30,True
87c061d4-343e-4d10-88a5-82248390de38,8dd67c04-4804-4fa4-a878-e939c1977db3,2020-12-17,Initial Assessment / SIA,Notification,3,0,3,0.0,88,5,5,0,36.0,138,1633.12,0.0,1633.12,1333,0,1333,0.0,16,1,0,15,0.0,6,0,6,0.0,46,17,15,2,58,0,58,0.0,395.3,17.4,4.4,6,0,6,7.4,4,6,0,6,24.1,39,39,0.0,0.0,2021-04-28,2021-04-20,True
9631349a-a40c-47ab-8907-ed9ecf8cbd0f,8dd67c04-4804-4fa4-a878-e939c1977db3,2021-01-18,Initial Assessment / SIA,Notification,3,0,3,0.0,32,5,5,0,39.5,154,1633.12,108.55,1524.57,1333,88,1245,6.6,16,3,2,13,12.5,6,0,6,0.0,46,15,15,0,58,0,58,0.0,395.3,0.0,0.0,6,0,6,22.7,4,6,0,6,8.8,71,71,0.0,0.0,2021-04-28,2021-04-20,True
232a3c5f-1920-477b-8d10-d92b368392c1,8dd67c04-4804-4fa4-a878-e939c1977db3,2021-02-11,Notification,Objection / Hearing,3,0,3,0.0,85,5,5,0,35.7,108,1633.12,274.33,1358.79,1333,223,1110,16.8,16,1,0,15,0.0,6,0,6,0.0,46,15,10,5,58,0,58,0.0,395.3,0.0,0.0,6,0,6,12.6,4,6,0,6,36.5,2,95,0.0,0.0,2021-05-31,2021-05-18,True
e10e70ff-0db0-48ef-9450-d5ff4fe960a3,8dd67c04-4804-4fa4-a878-e939c1977db3,2021-06-14,Land & Ownership Verification,Award / Valuation,3,1,2,33.3,85,5,4,1,29.1,108,1633.12,0.0,1633.12,1333,0,1333,0.0,16,6,3,10,18.8,6,2,4,33.3,46,13,8,5,58,0,58,0.0,395.3,0.0,0.0,6,1,5,14.8,4,6,1,5,28.2,27,218,0.0,0.0,2021-11-04,2021-11-03,True
3af96e5d-9e31-4311-9c33-e32849fa207a,8dd67c04-4804-4fa4-a878-e939c1977db3,2021-07-09,Land & Ownership Verification,Award / Valuation,3,1,2,33.3,77,5,4,1,29.0,45,1633.12,133.95,1499.17,1333,109,1224,8.2,16,3,2,13,12.5,6,3,3,50.0,46,8,4,4,58,8,50,13.8,395.3,12.9,3.3,6,1,5,4.9,4,6,1,5,7.8,52,243,0.0,0.0,2021-11-04,2021-11-03,True
643c3732-f389-4b65-9fc3-16f2a4132ff6,8dd67c04-4804-4fa4-a878-e939c1977db3,2021-07-13,Land & Ownership Verification,Award / Valuation,3,1,2,33.3,41,5,4,1,29.1,16,1633.12,354.95,1278.17,1333,289,1044,21.7,16,7,4,9,25.0,6,2,4,33.3,46,8,3,5,58,5,53,8.6,395.3,37.7,9.5,6,1,5,6.5,4,6,1,5,35.6,56,247,0.0,0.0,2021-11-04,2021-11-03,True
57aa7aa3-3ffc-4be7-9591-eeb009d7471c,8dd67c04-4804-4fa4-a878-e939c1977db3,2022-04-11,Rehabilitation & Resettlement,Possession,3,2,1,66.7,20,5,3,2,17.6,73,1633.12,858.56,774.56,1333,700,633,52.6,16,10,7,6,43.8,6,5,1,83.3,46,3,0,3,58,33,25,56.9,395.3,138.5,35.0,6,3,3,27.4,4,6,3,3,37.3,40,519,0.0,5.0,2022-09-02,2022-09-07,True
e972924d-028c-4eb7-9471-53cde803ba9a,8dd67c04-4804-4fa4-a878-e939c1977db3,2022-04-27,Rehabilitation & Resettlement,Possession,3,2,1,66.7,30,5,2,3,12.4,131,1633.12,819.32,813.8,1333,668,665,50.2,16,11,7,5,43.8,6,6,0,100.0,46,2,0,2,58,35,23,60.3,395.3,229.0,57.9,6,4,2,23.5,4,6,2,4,9.1,56,535,0.0,5.0,2022-09-02,2022-09-07,True
13787c79-9bb0-4fb4-a100-ba212d4cb386,b8916d3a-30de-4b05-93a9-dd42a2d21d41,2020-10-03,Objection / Hearing,Land & Ownership Verification,9,6,3,66.7,23,10,7,3,5.3,98,114.87,55.11,59.76,368,176,192,48.0,26,13,8,13,30.8,7,5,2,71.4,84,9,0,9,316,133,183,42.1,83.7,16.7,20.0,19,11,8,19.4,4,13,5,8,14.8,51,159,1.0,65.0,2020-12-08,2021-02-11,True
81d7ee93-e8ee-46d6-9480-e0c7240b40bf,b8916d3a-30de-4b05-93a9-dd42a2d21d41,2020-10-08,Objection / Hearing,Land & Ownership Verification,9,6,3,66.7,64,10,6,4,4.7,39,114.87,47.03,67.84,368,150,218,40.9,26,14,9,12,34.6,7,5,2,71.4,84,10,0,10,316,77,239,24.4,83.7,8.2,9.8,19,13,6,16.5,4,13,6,7,21.5,56,164,1.0,65.0,2020-12-08,2021-02-11,True
2e1b7679-91cd-457d-8ef8-5230637cb3fe,b8916d3a-30de-4b05-93a9-dd42a2d21d41,2020-10-28,Objection / Hearing,Land & Ownership Verification,9,7,2,77.8,48,10,5,5,3.5,81,114.87,53.07,61.8,368,170,198,46.2,26,18,11,8,42.3,7,6,1,85.7,84,12,1,11,316,137,179,43.4,83.7,26.3,31.4,19,10,9,3.5,4,13,6,7,36.7,76,184,1.0,65.0,2020-12-08,2021-02-11,True
0780dee5-d974-4364-9b1a-edfe81b227eb,b8916d3a-30de-4b05-93a9-dd42a2d21d41,2020-11-08,Objection / Hearing,Land & Ownership Verification,9,7,2,77.8,76,10,5,5,3.9,92,114.87,60.8,54.07,368,194,174,52.9,26,23,17,3,65.4,7,5,2,71.4,84,2,0,2,316,171,145,54.1,83.7,46.0,55.0,19,13,6,12.0,4,13,7,6,36.7,87,195,1.0,65.0,2020-12-08,2021-02-11,True
b32aa530-bfda-4a0b-9ba2-5271be3d8b3b,b8916d3a-30de-4b05-93a9-dd42a2d21d41,2020-11-29,Land & Ownership Verification,Award / Valuation,9,7,2,77.8,10,10,5,5,3.5,120,114.87,70.88,43.99,368,227,141,61.7,26,21,16,5,61.5,7,6,1,85.7,84,3,0,3,316,198,118,62.7,83.7,41.4,49.5,19,15,4,5.0,4,13,8,5,20.0,13,216,,,,,True
757bf015-d18f-45db-b16f-cf631d76f644,b8916d3a-30de-4b05-93a9-dd42a2d21d41,2020-12-16,Land & Ownership Verification,Award / Valuation,9,9,0,100.0,0,10,4,6,3.2,130,114.87,99.02,15.85,368,317,51,86.2,26,20,12,6,46.2,7,6,1,85.7,84,3,0,3,316,207,109,65.5,83.7,35.9,42.9,19,16,3,3.2,4,13,10,3,13.7,30,233,,,,,True
feabbf84-6cbd-4b82-a368-94297e8ca252,4eb77b1a-efe7-4dc8-a910-e320248dd3a0,2022-12-23,Notification,Objection / Hearing,12,2,10,16.7,80,19,16,3,23.0,12,891.62,0.0,891.62,142,0,142,0.0,12,1,0,11,0.0,8,1,7,12.5,63,10,8,2,82,0,82,0.0,276.5,6.4,2.3,8,1,7,11.7,6,4,0,4,27.2,42,168,1.0,114.0,2023-04-17,2023-08-09,True
1e001bb8-98cf-4908-9ff7-0d133a282713,4eb77b1a-efe7-4dc8-a910-e320248dd3a0,2023-03-19,Objection / Hearing,Land & Ownership Verification,12,2,10,16.7,32,19,14,5,19.5,90,891.62,54.89,836.73,142,8,134,6.2,12,4,2,8,16.7,8,2,6,25.0,63,8,8,0,82,0,82,0.0,276.5,7.3,2.6,8,1,7,11.6,6,4,1,3,24.6,13,254,1.0,187.0,2023-07-09,2024-01-12,True
054f652c-3984-4ac4-bccd-aa7df31d741a,4eb77b1a-efe7-4dc8-a910-e320248dd3a0,2023-03-22,Objection / Hearing,Land & Ownership Verification,12,3,9,25.0,70,19,14,5,20.1,62,891.62,0.0,891.62,142,0,142,0.0,12,4,3,8,25.0,8,3,5,37.5,63,8,5,3,82,0,82,0.0,276.5,0.0,0.0,8,2,6,16.3,6,4,1,3,36.9,16,257,1.0,187.0,2023-07-09,2024-01-12,True
3b701f79-6a91-4f8e-92d5-a44eba04bf47,4eb77b1a-efe7-4dc8-a910-e320248dd3a0,2023-03-26,Objection / Hearing,Land & Ownership Verification,12,4,8,33.3,9,19,17,2,23.9,60,891.62,0.0,891.62,142,0,142,0.0,12,4,3,8,25.0,8,2,6,25.0,63,10,8,2,82,4,78,4.9,276.5,26.6,9.6,8,1,7,28.2,6,4,0,4,25.9,20,261,1.0,187.0,2023-07-09,2024-01-12,True
41d59365-7aca-4275-ba06-822174de70ae,4eb77b1a-efe7-4dc8-a910-e320248dd3a0,2023-05-05,Objection / Hearing,Land & Ownership Verification,12,3,9,25.0,87,19,18,1,24.9,151,891.62,207.69,683.93,142,33,109,23.3,12,4,2,8,16.7,8,3,5,37.5,63,8,3,5,82,4,78,4.9,276.5,1.0,0.4,8,2,6,11.2,6,4,1,3,43.7,60,301,1.0,187.0,2023-07-09,2024-01-12,True
7fdc49df-ae38-499a-838a-83eb5a95409a,4eb77b1a-efe7-4dc8-a910-e320248dd3a0,2023-07-25,Objection / Hearing,Land & Ownership Verification,12,5,7,41.7,44,19,13,6,18.5,23,891.62,183.88,707.74,142,29,113,20.6,12,3,2,9,16.7,8,4,4,50.0,63,18,13,5,82,11,71,13.4,276.5,0.0,0.0,8,3,5,7.5,6,4,1,3,7.4,141,382,1.0,187.0,2023-07-09,2024-01-12,True
ea5c96ef-170b-4430-8135-9fad8ab8dad5,4eb77b1a-efe7-4dc8-a910-e320248dd3a0,2023-08-10,Land & Ownership Verification,Award / Valuation,12,4,8,33.3,20,19,14,5,19.5,54,891.62,177.33,714.29,142,28,114,19.9,12,5,4,7,33.3,8,5,3,62.5,63,12,9,3,82,1,81,1.2,276.5,35.0,12.7,8,2,6,17.2,6,4,1,3,9.4,1,398,1.0,212.0,2023-08-22,2024-03-21,True
739d0638-4207-49c6-bcf7-ce7d803103e9,4eb77b1a-efe7-4dc8-a910-e320248dd3a0,2023-12-17,Land & Ownership Verification,Award / Valuation,12,7,5,58.3,30,19,13,6,17.8,100,891.62,372.03,519.59,142,59,83,41.7,12,6,3,6,25.0,8,5,3,62.5,63,11,3,8,82,16,66,19.5,276.5,30.3,11.0,8,3,5,21.3,6,4,1,3,28.7,130,527,1.0,212.0,2023-08-22,2024-03-21,True
8cc31d2c-3c82-4f9a-92f1-e9b90910722c,4eb77b1a-efe7-4dc8-a910-e320248dd3a0,2024-01-15,Award / Valuation,Compensation Disbursement,12,7,5,58.3,72,19,12,7,16.9,165,891.62,361.01,530.61,142,57,85,40.5,12,7,4,5,33.3,8,6,2,75.0,63,6,0,6,82,40,42,48.8,276.5,53.3,19.3,8,1,7,12.7,6,4,1,3,17.3,3,556,1.0,222.0,2023-11-24,2024-07-03,True
07101792-27f2-4199-b519-4ca760c2e2c5,4eb77b1a-efe7-4dc8-a910-e320248dd3a0,2025-03-03,Acquisition Completion,,12,11,1,91.7,79,19,5,14,6.5,12,891.62,702.65,188.97,142,111,31,78.8,12,10,5,2,41.7,8,8,0,100.0,63,2,0,2,82,70,12,85.4,276.5,194.7,70.4,8,6,2,9.1,6,4,3,1,27.7,47,969,,,,,True
b488a32b-06f9-49da-ad35-fd2ace469d91,b3ad0bb8-caa3-4933-ae50-f865aaebe33d,2021-11-22,Objection / Hearing,Land & Ownership Verification,11,4,7,36.4,62,17,15,2,5.7,15,254.8,43.6,211.2,386,66,320,17.1,10,2,1,8,10.0,7,2,5,28.6,34,8,4,4,93,0,93,0.0,67.9,5.2,7.7,4,1,3,17.4,6,15,4,11,6.5,41,140,1.0,45.0,2022-03-28,2022-05-12,True
fe99264b-342b-4f7a-b4db-be3e729e7392,b3ad0bb8-caa3-4933-ae50-f865aaebe33d,2022-01-23,Land & Ownership Verification,Award / Valuation,11,6,5,54.5,32,17,13,4,4.9,172,254.8,89.18,165.62,386,135,251,35.0,10,3,2,7,20.0,7,4,3,57.1,34,4,1,3,93,11,82,11.8,67.9,5.1,7.5,4,2,2,6.3,6,15,5,10,5.7,17,202,1.0,50.0,2022-04-28,2022-06-17,True
ac07cd18-6463-41f5-b785-253924407c2f,b3ad0bb8-caa3-4933-ae50-f865aaebe33d,2022-03-10,Land & Ownership Verification,Award / Valuation,11,7,4,63.6,82,17,12,5,4.6,132,254.8,92.84,161.96,386,140,246,36.4,10,4,2,6,20.0,7,3,4,42.9,34,6,1,5,93,39,54,41.9,67.9,18.1,26.7,4,1,3,10.7,6,15,7,8,18.1,63,248,1.0,50.0,2022-04-28,2022-06-17,True
5bdcdbee-ca80-4821-920a-652077bf83b8,b3ad0bb8-caa3-4933-ae50-f865aaebe33d,2022-06-14,Award / Valuation,Compensation Disbursement,11,10,1,90.9,47,17,6,11,2.0,159,254.8,158.3,96.5,386,239,147,62.1,10,7,4,3,40.0,7,6,1,85.7,34,1,0,1,93,53,40,57.0,67.9,38.2,56.3,4,2,2,28.7,6,15,9,6,35.2,33,344,1.0,85.0,2022-08-10,2022-11-03,True
fb270c05-abae-4e9c-b9b7-8f0c760aadba,b3ad0bb8-caa3-4933-ae50-f865aaebe33d,2022-07-06,Compensation Disbursement,Rehabilitation & Resettlement,11,11,0,100.0,0,17,9,8,3.4,41,254.8,157.12,97.68,386,238,148,61.7,10,8,6,2,60.0,7,6,1,85.7,34,4,0,4,93,72,21,77.4,67.9,34.6,51.0,4,2,2,28.7,6,15,8,7,13.4,19,366,,,,,True
4424414e-0a85-45be-8147-f08332a81102,b3ad0bb8-caa3-4933-ae50-f865aaebe33d,2022-08-08,Compensation Disbursement,Rehabilitation & Resettlement,11,11,0,100.0,0,17,5,12,1.8,117,254.8,219.39,35.41,386,332,54,86.1,10,9,7,1,70.0,7,7,0,100.0,34,1,0,1,93,50,43,53.8,67.9,30.0,44.2,4,3,1,15.2,6,15,12,3,26.2,52,399,,,,,True
60ba18eb-8712-4527-a771-51a73bcaa4f0,b3ad0bb8-caa3-4933-ae50-f865aaebe33d,2022-08-18,Compensation Disbursement,Rehabilitation & Resettlement,11,11,0,100.0,0,17,5,12,1.9,82,254.8,213.94,40.86,386,324,62,84.0,10,9,6,1,60.0,7,7,0,100.0,34,1,0,1,93,72,21,77.4,67.9,47.9,70.5,4,3,1,29.1,6,15,8,7,31.3,62,409,,,,,True
56151fae-dbec-4ade-96b2-ea925f7b8247,985b3828-d09d-4b08-bd5c-c6b155f1bb45,2021-09-24,Initial Assessment / SIA,Notification,8,0,8,0.0,74,18,17,1,9.1,67,470.41,0.0,470.41,947,0,947,0.0,9,0,0,9,0.0,2,0,2,0.0,98,29,29,0,858,6,852,0.7,100.6,0.0,0.0,4,0,4,18.5,6,10,0,10,25.6,65,65,1.0,104.0,2021-12-30,2022-04-13,True
67626d9b-c04b-4759-b9c5-6fb2abdb9fca,985b3828-d09d-4b08-bd5c-c6b155f1bb45,2021-10-02,Initial Assessment / SIA,Notification,8,0,8,0.0,48,18,17,1,9.5,33,470.41,0.0,470.41,947,0,947,0.0,9,0,0,9,0.0,2,0,2,0.0,98,16,16,0,858,6,852,0.7,100.6,0.0,0.0,4,0,4,14.5,6,10,0,10,18.7,73,73,1.0,104.0,2021-12-30,2022-04-13,True
fce20997-10a4-494c-ba46-0380cbae8f93,985b3828-d09d-4b08-bd5c-c6b155f1bb45,2022-06-20,Objection / Hearing,Land & Ownership Verification,8,2,6,25.0,23,18,11,7,6.0,23,470.41,50.41,420.0,947,101,846,10.7,9,2,1,7,11.1,2,0,2,0.0,98,11,4,7,858,28,830,3.3,100.6,2.6,2.6,4,1,3,18.5,6,10,0,10,8.9,68,334,1.0,177.0,2022-03-27,2022-09-20,True
964e1d09-1f13-493e-94dd-eb77dc3acc46,985b3828-d09d-4b08-bd5c-c6b155f1bb45,2022-08-10,Land & Ownership Verification,Award / Valuation,8,4,4,50.0,81,18,14,4,7.3,169,470.41,73.02,397.39,947,147,800,15.5,9,5,3,4,33.3,2,1,1,50.0,98,26,15,11,858,0,858,0.0,100.6,0.0,0.0,4,1,3,29.5,6,10,2,8,39.7,44,385,1.0,232.0,2022-05-18,2023-01-05,True
1795c4af-cb19-4f58-be2c-67e0f78a7cd1,985b3828-d09d-4b08-bd5c-c6b155f1bb45,2022-10-13,Award / Valuation,Compensation Disbursement,8,4,4,50.0,23,18,11,7,6.1,142,470.41,131.68,338.73,947,265,682,28.0,9,5,3,4,33.3,2,1,1,50.0,98,20,6,14,858,101,757,11.8,100.6,0.6,0.6,4,1,3,8.5,6,10,4,6,15.4,23,449,1.0,334.0,2022-08-07,2023-07-07,True
a51890a9-3d13-46f6-8ce3-26e49c1734bd,985b3828-d09d-4b08-bd5c-c6b155f1bb45,2022-11-14,Award / Valuation,Compensation Disbursement,8,4,4,50.0,56,18,13,5,7.1,177,470.41,160.94,309.47,947,324,623,34.2,9,2,1,7,11.1,2,1,1,50.0,98,16,0,16,858,232,626,27.0,100.6,0.1,0.1,4,1,3,12.7,6,10,3,7,35.1,55,481,1.0,334.0,2022-08-07,2023-07-07,True
93fe16d3-ae06-491f-9774-901fe1bb295e,985b3828-d09d-4b08-bd5c-c6b155f1bb45,2023-11-05,Possession,Acquisition Completion,8,7,1,87.5,82,18,9,9,4.7,36,470.41,336.01,134.4,947,676,271,71.4,9,6,4,3,44.4,2,2,0,100.0,98,11,0,11,858,488,370,56.9,100.6,43.1,42.8,4,2,2,19.9,6,10,7,3,6.2,44,837,1.0,459.0,2023-04-08,2024-07-10,True
8f635b09-e5d9-4e98-874a-ef3a7cdb6c85,985b3828-d09d-4b08-bd5c-c6b155f1bb45,2023-12-30,Possession,Acquisition Completion,8,7,1,87.5,49,18,5,13,2.7,43,470.41,289.98,180.43,947,583,364,61.6,9,7,5,2,55.6,2,1,1,50.0,98,6,0,6,858,567,291,66.1,100.6,66.3,65.9,4,3,1,23.3,6,10,6,4,34.9,99,892,1.0,459.0,2023-04-08,2024-07-10,True
35b7cca9-8e76-48dc-9cbb-152566561018,51e43ee8-8eee-47ce-909f-645f46cc40c1,2021-10-31,Objection / Hearing,Land & Ownership Verification,14,5,9,35.7,27,5,5,0,15.8,133,159.49,0.0,159.49,363,0,363,0.0,13,1,0,12,0.0,7,3,4,42.9,46,6,5,1,296,37,259,12.5,194.5,12.9,6.6,15,3,12,8.1,7,19,2,17,40.7,28,247,1.0,148.0,2022-02-18,2022-07-16,True
8952d1b1-3c2c-4def-a8a0-0c1541149904,51e43ee8-8eee-47ce-909f-645f46cc40c1,2022-10-09,Compensation Disbursement,Rehabilitation & Resettlement,14,8,6,57.1,37,5,3,2,11.0,145,159.49,48.82,110.67,363,111,252,30.6,13,6,5,7,38.5,7,4,3,57.1,46,3,1,2,296,115,181,38.9,194.5,57.8,29.7,15,10,5,11.3,7,19,11,8,7.9,31,590,1.0,256.0,2022-08-08,2023-04-21,True
b9903c51-f5b0-491f-a79a-b3c60a9d6cb6,51e43ee8-8eee-47ce-909f-645f46cc40c1,2023-05-07,Possession,Acquisition Completion,14,13,1,92.9,79,5,2,3,7.6,17,159.49,124.01,35.48,363,282,81,77.8,13,10,7,3,53.8,7,7,0,100.0,46,1,0,1,296,205,91,69.3,194.5,129.8,66.7,15,12,3,10.0,7,19,16,3,40.0,16,800,1.0,340.0,2023-01-13,2023-12-19,True
c0b10a09-41d4-4faf-b66a-4bfd68e275fe,51e43ee8-8eee-47ce-909f-645f46cc40c1,2023-07-02,Possession,Acquisition Completion,14,14,0,100.0,0,5,2,3,3.9,71,159.49,106.01,53.48,363,241,122,66.5,13,11,6,2,46.2,7,7,0,100.0,46,2,0,2,296,234,62,79.1,194.5,111.3,57.2,15,11,4,19.5,7,19,16,3,20.3,72,856,1.0,340.0,2023-01-13,2023-12-19,True
142e639b-9963-403d-8a80-c0337b042903,51e43ee8-8eee-47ce-909f-645f46cc40c1,2023-11-16,Acquisition Completion,,14,13,1,92.9,6,5,1,4,2.7,36,159.49,149.37,10.12,363,339,24,93.7,13,13,9,0,69.2,7,6,1,85.7,46,1,0,1,296,208,88,70.3,194.5,164.3,84.5,15,14,1,22.0,7,19,15,4,14.7,56,993,,,,,True
91d9c23b-41b1-4d75-addf-bc69fa96dd92,afbf38ba-97a9-4d01-92f2-ebfc71497dd1,2020-11-19,Objection / Hearing,Land & Ownership Verification,8,3,5,37.5,26,12,9,3,15.4,165,717.03,174.91,542.12,1196,291,905,24.4,8,3,1,5,12.5,8,3,5,37.5,31,5,2,3,1082,65,1017,6.0,216.7,0.0,0.0,20,4,16,6.1,4,16,4,12,35.3,42,216,1.0,32.0,2021-01-08,2021-02-09,True
64bf1f99-7e2c-4605-bfbc-2102117bee72,afbf38ba-97a9-4d01-92f2-ebfc71497dd1,2020-11-24,Objection / Hearing,Land & Ownership Verification,8,3,5,37.5,46,12,8,4,13.5,84,717.03,211.09,505.94,1196,352,844,29.4,8,3,2,5,25.0,8,4,4,50.0,31,4,3,1,1082,215,867,19.9,216.7,23.5,10.8,20,7,13,23.5,4,16,6,10,21.8,47,221,1.0,32.0,2021-01-08,2021-02-09,True
d102e5a2-8c6a-4ac1-a9a8-616ed7de3141,afbf38ba-97a9-4d01-92f2-ebfc71497dd1,2021-02-19,Award / Valuation,Compensation Disbursement,8,6,2,75.0,36,12,7,5,11.2,34,717.03,342.62,374.41,1196,571,625,47.8,8,4,3,4,37.5,8,4,4,50.0,31,4,0,4,1082,482,600,44.5,216.7,63.3,29.2,20,7,13,21.8,4,16,8,8,11.6,10,308,0.0,9.0,2021-04-05,2021-04-14,True
b1a3900b-22c9-4f52-b768-1b81a1adf8c5,afbf38ba-97a9-4d01-92f2-ebfc71497dd1,2021-03-31,Compensation Disbursement,Rehabilitation & Resettlement,8,6,2,75.0,74,12,5,7,8.0,79,717.03,429.11,287.92,1196,715,481,59.8,8,7,4,1,50.0,8,6,2,75.0,31,3,1,2,1082,378,704,34.9,216.7,101.6,46.9,20,11,9,11.8,4,16,9,7,34.8,9,348,0.0,1.0,2021-05-19,2021-05-20,True
fb4ead60-a5cc-4fae-b39d-e5ca956e5d02,afbf38ba-97a9-4d01-92f2-ebfc71497dd1,2021-06-08,Possession,Acquisition Completion,8,6,2,75.0,10,12,7,5,12.0,119,717.03,446.57,270.46,1196,744,452,62.3,8,7,4,1,50.0,8,8,0,100.0,31,2,0,2,1082,691,391,63.9,216.7,79.6,36.7,20,16,4,18.9,4,16,10,6,40.8,19,417,0.0,18.0,2021-10-07,2021-10-25,True
8c52473b-f95a-4e02-a3fe-8fb20b1a96f9,afbf38ba-97a9-4d01-92f2-ebfc71497dd1,2021-08-27,Possession,Acquisition Completion,8,8,0,100.0,0,12,5,7,8.4,35,717.03,696.98,20.05,1196,1162,34,97.2,8,6,4,2,50.0,8,8,0,100.0,31,1,0,1,1082,974,108,90.0,216.7,143.4,66.2,20,13,7,14.9,4,16,11,5,35.8,99,497,0.0,18.0,2021-10-07,2021-10-25,True
4cc770b1-3b5d-4918-9ce7-b8c841a33af0,afbf38ba-97a9-4d01-92f2-ebfc71497dd1,2021-10-11,Acquisition Completion,,8,7,1,87.5,53,12,3,9,4.3,104,717.03,717.03,0.0,1196,1196,0,100.0,8,8,5,0,62.5,8,7,1,87.5,31,2,0,2,1082,984,98,90.9,216.7,200.9,92.7,20,20,0,8.1,4,16,12,4,7.2,37,542,,,,,True
731c6d73-ecb3-4a91-9f32-a70513913e69,0164b97a-57a0-40bb-a371-72fb18e1c414,2023-03-24,Initial Assessment / SIA,Notification,14,0,14,0.0,14,7,7,0,41.5,84,1093.28,0.0,1093.28,398,0,398,0.0,15,2,1,13,6.7,4,0,4,0.0,79,22,22,0,302,0,302,0.0,461.4,56.1,12.2,13,2,11,29.2,2,8,0,8,6.5,26,26,0.0,23.0,2023-08-03,2023-08-26,True
bbbdee1b-718e-46f2-baf0-fb01182ed4d9,0164b97a-57a0-40bb-a371-72fb18e1c414,2023-07-29,Notification,Objection / Hearing,14,2,12,14.3,22,7,7,0,42.4,34,1093.28,0.0,1093.28,398,0,398,0.0,15,3,1,12,6.7,4,1,3,25.0,79,12,7,5,302,0,302,0.0,461.4,0.0,0.0,13,2,11,27.4,2,8,2,6,43.8,76,153,1.0,31.0,2023-10-22,2023-11-22,True
ed647d41-786a-4eb8-a50c-94c348d5a021,0164b97a-57a0-40bb-a371-72fb18e1c414,2024-08-13,Rehabilitation & Resettlement,Possession,14,14,0,100.0,0,7,4,3,23.2,54,1093.28,858.24,235.04,398,312,86,78.5,15,13,9,2,60.0,4,4,0,100.0,79,8,0,8,302,203,99,67.2,461.4,244.3,52.9,13,9,4,3.5,2,8,4,4,6.4,98,534,1.0,83.0,2024-09-12,2024-12-04,True
bb69f043-b0f9-4e2e-8ad9-1d336bedb213,0164b97a-57a0-40bb-a371-72fb18e1c414,2024-08-31,Rehabilitation & Resettlement,Possession,14,13,1,92.9,30,7,3,4,15.2,122,1093.28,754.12,339.16,398,274,124,69.0,15,12,9,3,60.0,4,3,1,75.0,79,3,0,3,302,213,89,70.5,461.4,249.5,54.1,13,7,6,6.7,2,8,5,3,32.5,116,552,1.0,83.0,2024-09-12,2024-12-04,True
a017e18b-9fd4-44c2-849b-b06a683baad9,0164b97a-57a0-40bb-a371-72fb18e1c414,2024-09-24,Possession,Acquisition Completion,14,13,1,92.9,89,7,3,4,15.7,27,1093.28,891.58,201.7,398,324,74,81.6,15,13,9,2,60.0,4,3,1,75.0,79,3,0,3,302,237,65,78.5,461.4,312.4,67.7,13,9,4,13.9,2,8,4,4,7.5,9,576,1.0,85.0,2024-11-19,2025-02-12,True
79298f29-3547-4c3a-9bed-26c6ea70a32d,325d1f09-901a-436e-b4df-18c7d17e1ae8,2022-04-14,Initial Assessment / SIA,Notification,5,0,5,0.0,42,5,5,0,41.1,78,708.38,0.0,708.38,901,0,901,0.0,18,2,1,16,5.6,5,1,4,20.0,95,29,28,1,113,0,113,0.0,420.5,8.7,2.1,24,0,24,6.7,3,16,1,15,25.3,70,70,1.0,137.0,2022-09-06,2023-01-21,True
364bc49c-1c77-4698-b1fb-a56c5177d907,325d1f09-901a-436e-b4df-18c7d17e1ae8,2022-04-23,Initial Assessment / SIA,Notification,5,0,5,0.0,39,5,5,0,39.7,153,708.38,0.0,708.38,901,0,901,0.0,18,0,0,18,0.0,5,0,5,0.0,95,27,24,3,113,0,113,0.0,420.5,38.7,9.2,24,1,23,12.3,3,16,0,16,31.2,79,79,1.0,137.0,2022-09-06,2023-01-21,True
86ef5060-dc21-403c-aae7-f75d74e3519f,325d1f09-901a-436e-b4df-18c7d17e1ae8,2022-06-09,Initial Assessment / SIA,Notification,5,1,4,20.0,66,5,4,1,32.4,96,708.38,57.12,651.26,901,72,829,8.1,18,0,0,18,0.0,5,0,5,0.0,95,15,10,5,113,0,113,0.0,420.5,0.0,0.0,24,1,23,28.5,3,16,0,16,6.7,126,126,1.0,137.0,2022-09-06,2023-01-21,True
fc5d3cf4-2287-4d6f-bf7a-b5f592971884,325d1f09-901a-436e-b4df-18c7d17e1ae8,2022-09-05,Notification,Objection / Hearing,5,0,5,0.0,8,5,4,1,26.0,166,708.38,14.19,694.19,901,18,883,2.0,18,5,3,13,16.7,5,1,4,20.0,95,8,6,2,113,2,111,1.8,420.5,4.2,1.0,24,3,21,15.7,3,16,5,11,6.2,27,214,1.0,160.0,2022-11-11,2023-04-20,True
00fa2b5e-e8a2-4ef0-80be-2086c1b37b9a,325d1f09-901a-436e-b4df-18c7d17e1ae8,2024-01-18,Rehabilitation & Resettlement,Possession,5,4,1,80.0,60,5,2,3,11.9,69,708.38,426.26,282.12,901,542,359,60.2,18,13,9,5,50.0,5,4,1,80.0,95,11,0,11,113,84,29,74.3,420.5,200.0,47.6,24,18,6,27.8,3,16,11,5,10.4,25,714,1.0,324.0,2023-11-11,2024-09-30,True
a3c5b6e8-e9d8-416c-9a7d-5b86146e3510,486bcf2b-7111-4f4b-88f0-bd4e956475a2,2023-01-10,Initial Assessment / SIA,Notification,11,0,11,0.0,19,11,11,0,45.0,110,2133.2,0.0,2133.2,1877,0,1877,0.0,20,0,0,20,0.0,5,0,5,0.0,79,29,29,0,1778,0,1778,0.0,466.9,3.5,0.7,10,1,9,21.8,3,13,0,13,18.8,9,9,0.0,0.0,2023-04-13,2023-04-13,True
ae0afa2f-20af-4952-bac0-34750bcbfc5c,486bcf2b-7111-4f4b-88f0-bd4e956475a2,2023-02-09,Initial Assessment / SIA,Notification,11,1,10,9.1,30,11,11,0,42.7,129,2133.2,0.0,2133.2,1877,0,1877,0.0,20,0,0,20,0.0,5,0,5,0.0,79,16,15,1,1778,109,1669,6.1,466.9,50.0,10.7,10,0,10,16.9,3,13,1,12,28.4,39,39,0.0,0.0,2023-04-13,2023-04-13,True
6c552231-4a86-4f34-b90a-6b947ca1a2fd,486bcf2b-7111-4f4b-88f0-bd4e956475a2,2023-03-18,Notification,Objection / Hearing,11,1,10,9.1,58,11,10,1,39.4,156,2133.2,0.0,2133.2,1877,0,1877,0.0,20,2,1,18,5.0,5,1,4,20.0,79,7,5,2,1778,0,1778,0.0,466.9,27.2,5.8,10,0,10,5.2,3,13,3,10,36.1,27,76,0.0,0.0,2023-06-27,2023-06-06,True
a090b638-d724-4039-a98f-80dbd4482982,486bcf2b-7111-4f4b-88f0-bd4e956475a2,2023-09-24,Award / Valuation,Compensation Disbursement,11,9,2,81.8,58,11,7,4,29.6,58,2133.2,874.88,1258.32,1877,769,1108,41.0,20,11,8,9,40.0,5,4,1,80.0,79,8,1,7,1778,618,1160,34.8,466.9,67.3,14.4,10,4,6,23.6,3,13,4,9,26.6,63,266,0.0,0.0,2023-11-20,2023-11-12,True
2ef80e5d-c681-4532-9191-a2d3c2083428,486bcf2b-7111-4f4b-88f0-bd4e956475a2,2024-05-14,Acquisition Completion,,11,11,0,100.0,0,11,3,8,12.1,20,2133.2,1727.42,405.78,1877,1519,358,81.0,20,18,12,2,60.0,5,4,1,80.0,79,2,0,2,1778,1424,354,80.1,466.9,369.2,79.1,10,8,2,11.2,3,13,10,3,40.9,78,499,,,,,True
84e9d1c5-4945-4e71-b7d3-3fb591dd46d0,dc2e776e-394a-4ae7-9e89-f433b1532f4f,2020-10-08,Initial Assessment / SIA,Notification,11,0,11,0.0,75,13,13,0,41.8,28,1467.19,0.0,1467.19,26,0,26,0.0,28,0,0,28,0.0,8,0,8,0.0,8,1,1,0,12,0,12,0.0,417.9,0.0,0.0,11,0,11,5.9,3,10,0,10,22.1,26,26,1.0,81.0,2021-04-05,2021-06-25,True
fc6a529a-0a0d-42f8-86e5-85865797dbe1,dc2e776e-394a-4ae7-9e89-f433b1532f4f,2020-11-05,Initial Assessment / SIA,Notification,11,0,11,0.0,82,13,13,0,41.8,62,1467.19,8.54,1458.65,26,0,26,0.6,28,0,0,28,0.0,8,1,7,12.5,8,2,2,0,12,0,12,0.0,417.9,29.4,7.0,11,0,11,29.4,3,10,0,10,16.3,54,54,1.0,81.0,2021-04-05,2021-06-25,True
2c917d83-9709-424f-ac85-b52a4754f246,dc2e776e-394a-4ae7-9e89-f433b1532f4f,2020-12-17,Initial Assessment / SIA,Notification,11,1,10,9.1,79,13,12,1,37.9,131,1467.19,215.1,1252.09,26,3,23,14.7,28,0,0,28,0.0,8,0,8,0.0,8,1,1,0,12,0,12,0.0,417.9,0.0,0.0,11,0,11,18.7,3,10,0,10,8.6,96,96,1.0,81.0,2021-04-05,2021-06-25,True
5db8c239-3f0b-4934-b03d-c9c193048dab,dc2e776e-394a-4ae7-9e89-f433b1532f4f,2021-05-24,Notification,Objection / Hearing,11,2,9,18.2,49,13,11,2,32.3,92,1467.19,0.0,1467.19,26,0,26,0.0,28,8,4,20,14.3,8,1,7,12.5,8,2,2,0,12,0,12,0.0,417.9,0.0,0.0,11,3,8,18.6,3,10,2,8,32.6,77,254,1.0,105.0,2021-05-18,2021-08-31,True
0b5f62d4-aec9-44f3-9006-c720eeec9706,dc2e776e-394a-4ae7-9e89-f433b1532f4f,2021-06-05,Notification,Objection / Hearing,11,3,8,27.3,56,13,12,1,36.2,72,1467.19,64.17,1403.02,26,1,25,4.4,28,6,4,22,14.3,8,2,6,25.0,8,2,2,0,12,1,11,8.3,417.9,0.0,0.0,11,3,8,27.4,3,10,0,10,25.1,89,266,1.0,105.0,2021-05-18,2021-08-31,True
71f68304-519b-4067-b5e6-5ab224d9fd9a,dc2e776e-394a-4ae7-9e89-f433b1532f4f,2021-11-13,Land & Ownership Verification,Award / Valuation,11,5,6,45.5,16,13,9,4,28.8,175,1467.19,190.54,1276.65,26,3,23,13.0,28,11,8,17,28.6,8,4,4,50.0,8,1,1,0,12,2,10,16.7,417.9,20.2,4.8,11,3,8,26.4,3,10,3,7,40.7,74,427,1.0,224.0,2021-12-01,2022-07-13,True
fca4817f-6f05-4e6d-8686-991138320e39,dc2e776e-394a-4ae7-9e89-f433b1532f4f,2021-12-27,Land & Ownership Verification,Award / Valuation,11,6,5,54.5,21,13,9,4,27.1,175,1467.19,537.08,930.11,26,9,17,36.6,28,14,12,14,42.9,8,6,2,75.0,8,1,1,0,12,0,12,0.0,417.9,17.1,4.1,11,4,7,7.1,3,10,3,7,15.8,118,471,1.0,224.0,2021-12-01,2022-07-13,True
d99ed020-5071-485a-96e0-0363133f429a,dc2e776e-394a-4ae7-9e89-f433b1532f4f,2022-03-01,Land & Ownership Verification,Award / Valuation,11,8,3,72.7,20,13,7,6,20.7,86,1467.19,574.07,893.12,26,10,16,39.1,28,13,8,15,28.6,8,5,3,62.5,8,1,1,0,12,3,9,25.0,417.9,37.8,9.0,11,5,6,19.2,3,10,5,5,18.1,182,535,1.0,224.0,2021-12-01,2022-07-13,True
059a74c8-0b8d-4994-adcd-82517e1a256b,dc2e776e-394a-4ae7-9e89-f433b1532f4f,2022-08-02,Compensation Disbursement,Rehabilitation & Resettlement,11,7,4,63.6,34,13,6,7,19.0,127,1467.19,836.79,630.4,26,14,12,57.0,28,21,13,7,46.4,8,6,2,75.0,8,0,0,0,12,4,8,33.3,417.9,112.8,27.0,11,4,7,23.5,3,10,5,5,39.1,20,689,1.0,316.0,2022-05-20,2023-04-01,True
fb18ffd8-3809-4b0d-9627-5d3a139fd1a6,dc2e776e-394a-4ae7-9e89-f433b1532f4f,2023-02-09,Rehabilitation & Resettlement,Possession,11,10,1,90.9,41,13,4,9,9.9,71,1467.19,1071.06,396.13,26,18,8,73.0,28,28,15,0,53.6,8,7,1,87.5,8,0,0,0,12,8,4,66.7,417.9,364.6,87.2,11,9,2,24.6,3,10,6,4,26.0,36,880,1.0,382.0,2022-07-16,2023-08-02,True
0a62f4ea-8bb0-4254-8b8e-9d0acf372ee6,b664a7aa-5e5f-44b9-873a-0d5962424e0e,2023-03-26,Initial Assessment / SIA,Notification,12,2,10,16.7,20,5,5,0,9.3,122,211.65,0.0,211.65,928,0,928,0.0,21,0,0,21,0.0,6,0,6,0.0,20,3,3,0,287,27,260,9.4,108.1,0.0,0.0,22,2,20,21.1,6,19,1,18,15.1,88,88,0.0,3.0,2023-06-27,2023-06-30,True
8be0f779-6f6c-46e4-8fa0-6325d862106b,b664a7aa-5e5f-44b9-873a-0d5962424e0e,2023-05-01,Notification,Objection / Hearing,12,3,9,25.0,84,5,5,0,9.9,104,211.65,0.0,211.65,928,0,928,0.0,21,5,3,16,14.3,6,1,5,16.7,20,2,2,0,287,0,287,0.0,108.1,4.2,3.9,22,4,18,19.2,6,19,2,17,44.1,27,124,0.0,26.0,2023-10-10,2023-11-05,True
2d82592e-8829-477d-b019-181680ca4b8a,b664a7aa-5e5f-44b9-873a-0d5962424e0e,2023-05-03,Notification,Objection / Hearing,12,2,10,16.7,18,5,5,0,9.7,45,211.65,1.38,210.27,928,6,922,0.7,21,4,2,17,9.5,6,1,5,16.7,20,4,3,1,287,0,287,0.0,108.1,8.2,7.6,22,5,17,19.8,6,19,4,15,10.1,29,126,0.0,26.0,2023-10-10,2023-11-05,True
16e1cbb3-8e96-4e98-a635-ed78c239873a,b664a7aa-5e5f-44b9-873a-0d5962424e0e,2023-10-23,Objection / Hearing,Land & Ownership Verification,12,6,6,50.0,17,5,4,1,8.1,130,211.65,40.69,170.96,928,178,750,19.2,21,4,3,17,14.3,6,2,4,33.3,20,4,2,2,287,30,257,10.5,108.1,0.0,0.0,22,9,13,20.9,6,19,5,14,6.8,115,299,1.0,52.0,2024-01-11,2024-03-03,True
4200ce9c-7e70-483e-813e-665fc496887c,b664a7aa-5e5f-44b9-873a-0d5962424e0e,2024-08-09,Compensation Disbursement,Rehabilitation & Resettlement,12,10,2,83.3,41,5,3,2,5.0,129,211.65,147.85,63.8,928,648,280,69.9,21,19,12,2,57.1,6,5,1,83.3,20,1,1,0,287,199,88,69.3,108.1,46.7,43.2,22,15,7,28.5,6,19,12,7,15.7,37,590,1.0,98.0,2024-07-10,2024-10-16,True
2bb3ffd1-9fcc-4ec2-aceb-c1796d24622e,661910f5-7e5c-4d0c-b220-927bf5abbbad,2021-08-05,Initial Assessment / SIA,Notification,14,0,14,0.0,68,14,14,0,1.9,148,31.09,2.22,28.87,928,66,862,7.1,7,0,0,7,0.0,5,0,5,0.0,86,19,18,1,669,0,669,0.0,20.4,1.4,6.9,22,0,22,21.5,5,5,0,5,22.6,27,27,1.0,44.0,2021-12-04,2022-01-17,True
6e186988-905b-4f08-9dd3-53e81c765295,661910f5-7e5c-4d0c-b220-927bf5abbbad,2022-05-20,Objection / Hearing,Land & Ownership Verification,14,9,5,64.3,18,14,9,5,1.2,126,31.09,4.48,26.61,928,133,795,14.4,7,3,2,4,28.6,5,2,3,40.0,86,11,6,5,669,12,657,1.8,20.4,2.2,10.8,22,6,16,3.5,5,5,1,4,9.7,123,315,1.0,111.0,2022-05-18,2022-09-06,True
cdb7831e-a972-4919-9d72-6bf89ce2513a,661910f5-7e5c-4d0c-b220-927bf5abbbad,2022-07-12,Land & Ownership Verification,Award / Valuation,14,7,7,50.0,42,14,10,4,1.3,51,31.09,6.69,24.4,928,199,729,21.5,7,3,1,4,14.3,5,3,2,60.0,86,19,5,14,669,48,621,7.2,20.4,0.7,3.4,22,11,11,21.3,5,5,2,3,39.9,46,368,1.0,149.0,2022-08-30,2023-01-26,True
315d4c32-80f1-43a0-beb3-e1c0ee3d068e,661910f5-7e5c-4d0c-b220-927bf5abbbad,2022-10-06,Award / Valuation,Compensation Disbursement,14,7,7,50.0,87,14,8,6,1.0,133,31.09,11.01,20.08,928,328,600,35.4,7,2,1,5,14.3,5,3,2,60.0,86,5,0,5,669,204,465,30.5,20.4,1.8,8.8,22,8,14,14.1,5,5,1,4,5.8,30,454,1.0,143.0,2022-10-02,2023-02-22,True
a450acc6-83da-4e81-b21b-803ee92b8c9e,661910f5-7e5c-4d0c-b220-927bf5abbbad,2022-11-15,Award / Valuation,Compensation Disbursement,14,10,4,71.4,72,14,7,7,1.0,29,31.09,12.7,18.39,928,378,550,40.8,7,4,2,3,28.6,5,3,2,60.0,86,11,0,11,669,242,427,36.2,20.4,4.0,19.6,22,12,10,28.0,5,5,2,3,37.8,70,494,1.0,143.0,2022-10-02,2023-02-22,True
213d5e44-5762-4aef-a6d3-d62870381842,661910f5-7e5c-4d0c-b220-927bf5abbbad,2023-05-23,Possession,Acquisition Completion,14,14,0,100.0,0,14,5,9,0.7,60,31.09,21.15,9.94,928,631,297,68.0,7,5,3,2,42.9,5,5,0,100.0,86,10,0,10,669,500,169,74.7,20.4,9.5,46.6,22,18,4,16.8,5,5,3,2,31.7,21,683,1.0,234.0,2023-04-29,2023-12-19,True
ccc4c76a-7e38-4efd-a35f-36bbbee665e0,661910f5-7e5c-4d0c-b220-927bf5abbbad,2023-10-15,Acquisition Completion,,14,13,1,92.9,7,14,4,10,0.6,113,31.09,25.62,5.47,928,764,164,82.4,7,7,4,0,57.1,5,4,1,80.0,86,1,0,1,669,629,40,94.0,20.4,17.0,83.3,22,18,4,22.7,5,5,4,1,44.7,85,828,,,,,True
7eb36126-34be-4666-be7e-6bf3c56aa5f9,ccfc036f-c2a1-418f-a423-d708409e725d,2023-03-07,Objection / Hearing,Land & Ownership Verification,9,3,6,33.3,26,5,4,1,13.3,78,156.59,20.62,135.97,1304,171,1133,13.2,9,2,1,7,11.1,3,1,2,33.3,85,17,8,9,370,24,346,6.5,168.3,2.5,1.5,18,6,12,22.4,5,19,6,13,40.0,44,253,1.0,74.0,2023-04-03,2023-06-16,True
8434b041-0cf4-4667-bfb1-dbd8a3462396,ccfc036f-c2a1-418f-a423-d708409e725d,2023-03-29,Objection / Hearing,Land & Ownership Verification,9,5,4,55.6,80,5,5,0,15.2,38,156.59,31.27,125.32,1304,260,1044,20.0,9,3,1,6,11.1,3,1,2,33.3,85,10,2,8,370,96,274,25.9,168.3,5.2,3.1,18,7,11,9.0,5,19,4,15,10.1,66,275,1.0,74.0,2023-04-03,2023-06-16,True
287e85f6-22d3-4e16-ab81-b86aa7c0a13e,ccfc036f-c2a1-418f-a423-d708409e725d,2023-04-29,Land & Ownership Verification,Award / Valuation,9,5,4,55.6,15,5,3,2,10.0,52,156.59,38.73,117.86,1304,322,982,24.7,9,3,1,6,11.1,3,1,2,33.3,85,15,2,13,370,76,294,20.5,168.3,0.0,0.0,18,9,9,6.8,5,19,7,12,20.6,20,306,1.0,94.0,2023-06-08,2023-09-10,True
7d98ba69-2004-4e00-8485-82788d72f60f,ccfc036f-c2a1-418f-a423-d708409e725d,2023-05-01,Land & Ownership Verification,Award / Valuation,9,5,4,55.6,12,5,4,1,12.5,165,156.59,44.76,111.83,1304,372,932,28.6,9,3,2,6,22.2,3,1,2,33.3,85,16,6,10,370,56,314,15.1,168.3,0.0,0.0,18,6,12,24.0,5,19,5,14,7.3,22,308,1.0,94.0,2023-06-08,2023-09-10,True
77d25d4b-8c0d-441d-8540-7dec18f39f89,ccfc036f-c2a1-418f-a423-d708409e725d,2023-10-08,Rehabilitation & Resettlement,Possession,9,8,1,88.9,38,5,3,2,9.6,105,156.59,83.47,73.12,1304,695,609,53.3,9,6,4,3,44.4,3,2,1,66.7,85,13,0,13,370,158,212,42.7,168.3,51.0,30.3,18,9,9,21.5,5,19,9,10,43.6,2,468,1.0,109.0,2023-12-29,2024-04-16,True
9c03040c-3932-4d69-a919-ffb1013d270f,ccfc036f-c2a1-418f-a423-d708409e725d,2024-05-30,Acquisition Completion,,9,9,0,100.0,0,5,1,4,3.2,133,156.59,144.85,11.74,1304,1206,98,92.5,9,8,5,1,55.6,3,3,0,100.0,85,0,0,0,370,370,0,100.0,168.3,136.2,80.9,18,16,2,24.4,5,19,15,4,31.8,44,703,,,,,True
70b9ce9f-1229-44a0-8477-1b839f921dd9,bf5f69a5-7547-4a3f-bf57-e43288fa4691,2021-09-27,Initial Assessment / SIA,Notification,12,1,11,8.3,25,19,17,2,7.0,62,168.37,0.0,168.37,1244,0,1244,0.0,15,0,0,15,0.0,9,1,8,11.1,20,5,5,0,35,1,34,2.9,79.6,0.0,0.0,22,2,20,26.9,6,19,3,16,16.9,132,132,1.0,83.0,2021-12-03,2022-02-24,True
4d4033a4-4de1-4dfa-b76a-3a4c335d73da,bf5f69a5-7547-4a3f-bf57-e43288fa4691,2021-12-31,Notification,Objection / Hearing,12,1,11,8.3,84,19,17,2,7.1,163,168.37,4.91,163.46,1244,36,1208,2.9,15,4,2,11,13.3,9,2,7,22.2,20,1,1,0,35,4,31,11.4,79.6,0.0,0.0,22,6,16,17.7,6,19,2,17,28.1,50,227,1.0,121.0,2022-02-04,2022-06-05,True
af5a96e6-51ce-4a48-803a-e8d7b8e8ed22,bf5f69a5-7547-4a3f-bf57-e43288fa4691,2022-01-31,Notification,Objection / Hearing,12,3,9,25.0,47,19,18,1,7.1,124,168.37,19.29,149.08,1244,142,1102,11.5,15,4,2,11,13.3,9,2,7,22.2,20,4,3,1,35,0,35,0.0,79.6,0.0,0.0,22,2,20,29.1,6,19,1,18,10.8,81,258,1.0,121.0,2022-02-04,2022-06-05,True
46c5b7a2-990b-486f-86b5-acdd3db56554,bf5f69a5-7547-4a3f-bf57-e43288fa4691,2022-03-19,Objection / Hearing,Land & Ownership Verification,12,3,9,25.0,26,19,14,5,5.8,22,168.37,31.54,136.83,1244,233,1011,18.7,15,7,5,8,33.3,9,3,6,33.3,20,6,5,1,35,0,35,0.0,79.6,0.0,0.0,22,5,17,23.1,6,19,8,11,35.3,23,305,1.0,175.0,2022-05-06,2022-10-28,True
8acc5da1-2b9b-4ae5-9070-d0108a92b8b7,bf5f69a5-7547-4a3f-bf57-e43288fa4691,2022-08-06,Land & Ownership Verification,Award / Valuation,12,7,5,58.3,38,19,15,4,6.0,10,168.37,46.83,121.54,1244,345,899,27.8,15,5,3,10,20.0,9,5,4,55.6,20,3,1,2,35,5,30,14.3,79.6,0.0,0.0,22,6,16,15.6,6,19,5,14,24.5,62,445,1.0,207.0,2022-06-27,2023-01-20,True
c9f9ebed-522c-4ab9-9a47-1e0421f7bdbb,bf5f69a5-7547-4a3f-bf57-e43288fa4691,2022-10-03,Land & Ownership Verification,Award / Valuation,12,6,6,50.0,80,19,11,8,4.4,176,168.37,40.63,127.74,1244,300,944,24.1,15,10,8,5,53.3,9,5,4,55.6,20,4,2,2,35,3,32,8.6,79.6,18.7,23.5,22,7,15,16.3,6,19,6,13,42.5,120,503,1.0,207.0,2022-06-27,2023-01-20,True
750b5df2-c597-4705-ad3c-e557d63e9ae1,bf5f69a5-7547-4a3f-bf57-e43288fa4691,2023-02-11,Compensation Disbursement,Rehabilitation & Resettlement,12,9,3,75.0,40,19,12,7,5.0,47,168.37,63.77,104.6,1244,471,773,37.9,15,8,4,7,26.7,9,7,2,77.8,20,3,0,3,35,12,23,34.3,79.6,27.4,34.4,22,12,10,22.5,6,19,7,12,30.3,22,634,1.0,296.0,2022-10-12,2023-08-04,True
82ad4230-25de-433c-b8f6-b6e84b9bc120,bf5f69a5-7547-4a3f-bf57-e43288fa4691,2024-05-04,Acquisition Completion,,12,10,2,83.3,59,19,4,15,1.5,71,168.37,158.95,9.42,1244,1174,70,94.4,15,15,9,0,60.0,9,8,1,88.9,20,1,0,1,35,32,3,91.4,79.6,71.0,89.2,22,22,0,15.1,6,19,16,3,39.4,111,1082,,,,,True
7a47df18-4ece-4cab-a5ae-53b40e7111ad,bf5f69a5-7547-4a3f-bf57-e43288fa4691,2024-05-07,Acquisition Completion,,12,12,0,100.0,0,19,5,14,1.9,169,168.37,153.97,14.4,1244,1137,107,91.4,15,15,11,0,73.3,9,8,1,88.9,20,0,0,0,35,33,2,94.3,79.6,63.8,80.2,22,22,0,6.8,6,19,16,3,20.0,114,1085,,,,,True
0dac3924-1066-4c5e-a28d-7b972f65f6ae,bf5f69a5-7547-4a3f-bf57-e43288fa4691,2024-05-19,Acquisition Completion,,12,12,0,100.0,0,19,5,14,1.9,128,168.37,160.92,7.45,1244,1188,56,95.6,15,15,9,0,60.0,9,9,0,100.0,20,0,0,0,35,34,1,97.1,79.6,65.9,82.8,22,20,2,8.6,6,19,14,5,42.0,126,1097,,,,,True
b10c15e9-6099-40e8-967d-3af8c9863c62,caf6c53f-c906-48c3-9146-9353a8a049e3,2020-11-28,Notification,Objection / Hearing,7,1,6,14.3,50,16,14,2,9.7,32,156.51,0.0,156.51,1421,0,1421,0.0,25,7,4,18,16.0,7,3,4,42.9,23,4,3,1,429,0,429,0.0,115.2,0.0,0.0,5,0,5,28.2,4,6,1,5,40.8,79,231,1.0,274.0,2021-02-12,2021-11-13,True
95eb18c1-846d-4796-8184-674c1bb715d5,caf6c53f-c906-48c3-9146-9353a8a049e3,2020-12-14,Notification,Objection / Hearing,7,1,6,14.3,55,16,15,1,10.6,147,156.51,0.0,156.51,1421,0,1421,0.0,25,6,3,19,12.0,7,1,6,14.3,23,6,4,2,429,89,340,20.7,115.2,4.2,3.6,5,1,4,14.5,4,6,1,5,9.5,95,247,1.0,274.0,2021-02-12,2021-11-13,True
c70bdecb-7a5a-4d3a-a5be-53ced6c41033,caf6c53f-c906-48c3-9146-9353a8a049e3,2020-12-17,Notification,Objection / Hearing,7,1,6,14.3,66,16,16,0,10.9,14,156.51,0.0,156.51,1421,0,1421,0.0,25,3,2,22,8.0,7,2,5,28.6,23,5,5,0,429,51,378,11.9,115.2,0.0,0.0,5,2,3,18.4,4,6,1,5,40.4,98,250,1.0,274.0,2021-02-12,2021-11-13,True
797bb139-818c-4e30-bfd8-54089ba8983f,caf6c53f-c906-48c3-9146-9353a8a049e3,2021-02-10,Notification,Objection / Hearing,7,2,5,28.6,78,16,14,2,9.4,162,156.51,8.94,147.57,1421,81,1340,5.7,25,8,5,17,20.0,7,2,5,28.6,23,5,2,3,429,0,429,0.0,115.2,0.0,0.0,5,1,4,28.8,4,6,1,5,40.2,153,305,1.0,274.0,2021-02-12,2021-11-13,True
fd193d3b-5c69-44bb-a11b-910c16b29326,caf6c53f-c906-48c3-9146-9353a8a049e3,2021-04-06,Objection / Hearing,Land & Ownership Verification,7,2,5,28.6,22,16,14,2,10.0,152,156.51,47.05,109.46,1421,427,994,30.1,25,9,6,16,24.0,7,2,5,28.6,23,6,3,3,429,0,429,0.0,115.2,0.0,0.0,5,2,3,10.8,4,6,2,4,12.5,4,360,1.0,291.0,2021-03-25,2022-01-10,True
4ad8702e-2528-49b6-b94a-de597ddef9e6,caf6c53f-c906-48c3-9146-9353a8a049e3,2021-07-05,Objection / Hearing,Land & Ownership Verification,7,4,3,57.1,35,16,12,4,8.6,12,156.51,36.94,119.57,1421,335,1086,23.6,25,9,6,16,24.0,7,3,4,42.9,23,3,1,2,429,0,429,0.0,115.2,4.6,4.0,5,1,4,17.1,4,6,1,5,18.4,94,450,1.0,291.0,2021-03-25,2022-01-10,True
6907b167-d030-4ab9-bd50-d4c38db0826d,caf6c53f-c906-48c3-9146-9353a8a049e3,2021-08-08,Objection / Hearing,Land & Ownership Verification,7,2,5,28.6,64,16,12,4,8.4,83,156.51,22.3,134.21,1421,202,1219,14.2,25,11,6,14,24.0,7,4,3,57.1,23,4,1,3,429,105,324,24.5,115.2,0.0,0.0,5,1,4,14.3,4,6,2,4,35.4,128,484,1.0,291.0,2021-03-25,2022-01-10,True
e545161d-ceb0-413a-981b-7e504b2dd164,caf6c53f-c906-48c3-9146-9353a8a049e3,2021-09-18,Objection / Hearing,Land & Ownership Verification,7,3,4,42.9,67,16,12,4,8.3,137,156.51,40.25,116.26,1421,365,1056,25.7,25,9,6,16,24.0,7,3,4,42.9,23,2,1,1,429,109,320,25.4,115.2,8.2,7.1,5,2,3,8.3,4,6,2,4,23.7,169,525,1.0,291.0,2021-03-25,2022-01-10,True
f379ea40-83e7-43c5-9cc0-3c5d38904c24,caf6c53f-c906-48c3-9146-9353a8a049e3,2021-09-21,Objection / Hearing,Land & Ownership Verification,7,3,4,42.9,15,16,11,5,7.4,81,156.51,62.87,93.64,1421,570,851,40.2,25,13,10,12,40.0,7,4,3,57.1,23,3,1,2,429,101,328,23.5,115.2,1.6,1.4,5,1,4,8.2,4,6,3,3,21.6,172,528,1.0,291.0,2021-03-25,2022-01-10,True
b9cf8dde-185d-4df6-b8e5-8b7d8fabefe6,caf6c53f-c906-48c3-9146-9353a8a049e3,2023-04-08,Acquisition Completion,,7,7,0,100.0,0,16,6,10,3.6,89,156.51,149.01,7.5,1421,1352,69,95.2,25,25,16,0,64.0,7,7,0,100.0,23,1,0,1,429,429,0,100.0,115.2,89.8,78.0,5,5,0,5.5,4,6,4,2,36.6,20,1092,,,,,True
02a46988-0b9a-42d2-967c-5242b014d02b,417557b0-9906-4f4b-9707-1f7185175f55,2021-07-12,Notification,Objection / Hearing,3,0,3,0.0,52,13,13,0,28.8,135,958.25,0.0,958.25,1839,0,1839,0.0,22,2,1,20,4.5,7,0,7,0.0,15,2,2,0,535,29,506,5.4,295.2,24.6,8.3,5,0,5,10.3,7,15,3,12,19.1,59,85,1.0,132.0,2021-11-29,2022-04-10,True
b73bffe2-d5a6-447d-a0ac-b06502de798f,417557b0-9906-4f4b-9707-1f7185175f55,2021-10-12,Objection / Hearing,Land & Ownership Verification,3,0,3,0.0,44,13,11,2,23.3,176,958.25,140.03,818.22,1839,268,1571,14.6,22,5,3,17,13.6,7,1,6,14.3,15,2,2,0,535,35,500,6.5,295.2,23.3,7.9,5,0,5,21.3,7,15,2,13,21.3,49,177,1.0,151.0,2022-01-20,2022-06-20,True
75dc8771-af4d-49c0-97f0-3f543a07a888,417557b0-9906-4f4b-9707-1f7185175f55,2022-06-01,Land & Ownership Verification,Award / Valuation,3,1,2,33.3,7,13,9,4,19.1,50,958.25,249.72,708.53,1839,479,1360,26.1,22,10,8,12,36.4,7,4,3,57.1,15,1,1,0,535,122,413,22.8,295.2,26.7,9.0,5,2,3,23.9,7,15,5,10,14.6,52,409,1.0,215.0,2022-04-05,2022-11-06,True
19024b3d-8da8-4e0d-aef4-9b3b16f8b34d,417557b0-9906-4f4b-9707-1f7185175f55,2022-06-20,Award / Valuation,Compensation Disbursement,3,1,2,33.3,7,13,8,5,16.8,115,958.25,321.76,636.49,1839,617,1222,33.6,22,10,6,12,27.3,7,3,4,42.9,15,2,1,1,535,102,433,19.1,295.2,59.9,20.3,5,1,4,4.5,7,15,6,9,29.7,0,428,1.0,254.0,2022-05-10,2023-01-19,True
4ebb99a8-3d49-4bf2-af98-e43899c9ae6f,417557b0-9906-4f4b-9707-1f7185175f55,2022-08-08,Award / Valuation,Compensation Disbursement,3,2,1,66.7,20,13,9,4,19.9,125,958.25,415.23,543.02,1839,796,1043,43.3,22,11,8,11,36.4,7,5,2,71.4,15,1,1,0,535,187,348,35.0,295.2,63.4,21.5,5,2,3,17.3,7,15,6,9,8.3,49,477,1.0,254.0,2022-05-10,2023-01-19,True
1b9c7519-322d-4bdd-9b5b-a92bf3f32732,417557b0-9906-4f4b-9707-1f7185175f55,2023-02-28,Rehabilitation & Resettlement,Possession,3,2,1,66.7,51,13,8,5,16.7,23,958.25,663.11,295.14,1839,1272,567,69.2,22,18,12,4,54.5,7,7,0,100.0,15,1,0,1,535,302,233,56.4,295.2,98.4,33.3,5,2,3,28.5,7,15,9,6,9.0,40,681,1.0,317.0,2022-08-31,2023-07-14,True
1c2c0577-7a54-4533-93ff-93c9e22f2083,417557b0-9906-4f4b-9707-1f7185175f55,2023-04-07,Possession,Acquisition Completion,3,2,1,66.7,83,13,6,7,13.1,73,958.25,775.54,182.71,1839,1488,351,80.9,22,17,13,5,59.1,7,6,1,85.7,15,1,0,1,535,291,244,54.4,295.2,149.7,50.7,5,4,1,16.7,7,15,10,5,19.5,34,719,1.0,376.0,2022-11-03,2023-11-14,True
2b6f27a5-067f-4e31-8b31-80017e537ecf,417557b0-9906-4f4b-9707-1f7185175f55,2023-04-10,Possession,Acquisition Completion,3,3,0,100.0,0,13,6,7,13.3,150,958.25,616.35,341.9,1839,1182,657,64.3,22,15,12,7,54.5,7,6,1,85.7,15,1,0,1,535,376,159,70.3,295.2,177.6,60.2,5,4,1,11.5,7,15,9,6,20.4,37,722,1.0,376.0,2022-11-03,2023-11-14,True
c747af71-38df-4ec5-8eb2-7eba1551285b,9d8fa904-9871-4ffa-ab35-85a8ec51d67d,2021-03-13,Initial Assessment / SIA,Notification,14,0,14,0.0,18,4,4,0,43.4,30,987.25,0.0,987.25,1392,0,1392,0.0,5,0,0,5,0.0,8,0,8,0.0,91,26,26,0,331,0,331,0.0,444.7,9.2,2.1,12,0,12,29.1,2,10,1,9,16.3,19,19,1.0,52.0,2021-06-09,2021-07-31,True
408ede70-9cd6-4236-a02d-40c90b07d259,9d8fa904-9871-4ffa-ab35-85a8ec51d67d,2021-05-17,Initial Assessment / SIA,Notification,14,1,13,7.1,56,4,4,0,37.8,73,987.25,120.69,866.56,1392,170,1222,12.2,5,0,0,5,0.0,8,0,8,0.0,91,16,16,0,331,12,319,3.6,444.7,0.0,0.0,12,1,11,16.7,2,10,0,10,31.0,84,84,1.0,52.0,2021-06-09,2021-07-31,True
4cbab659-7aa9-4fc0-927b-612907558f94,9d8fa904-9871-4ffa-ab35-85a8ec51d67d,2021-08-09,Objection / Hearing,Land & Ownership Verification,14,2,12,14.3,76,4,3,1,31.7,87,987.25,0.0,987.25,1392,0,1392,0.0,5,1,0,4,0.0,8,1,7,12.5,91,27,18,9,331,31,300,9.4,444.7,4.6,1.0,12,3,9,19.0,2,10,1,9,26.4,9,168,1.0,89.0,2021-09-01,2021-11-29,True
85085089-3eb3-451b-92c7-74110854de42,9d8fa904-9871-4ffa-ab35-85a8ec51d67d,2021-12-03,Award / Valuation,Compensation Disbursement,14,6,8,42.9,37,4,3,1,31.2,113,987.25,153.75,833.5,1392,216,1176,15.6,5,1,0,4,0.0,8,3,5,37.5,91,8,4,4,331,15,316,4.5,444.7,0.0,0.0,12,4,8,16.6,2,10,3,7,33.7,4,284,1.0,138.0,2022-01-20,2022-06-07,True
0c2beb5c-092d-486d-b2d6-c8aaab2443eb,9d8fa904-9871-4ffa-ab35-85a8ec51d67d,2022-03-11,Compensation Disbursement,Rehabilitation & Resettlement,14,8,6,57.1,68,4,3,1,32.3,78,987.25,406.79,580.46,1392,573,819,41.2,5,2,1,3,20.0,8,4,4,50.0,91,21,7,14,331,87,244,26.3,444.7,86.7,19.5,12,7,5,5.2,2,10,4,6,35.7,2,382,1.0,161.0,2022-05-01,2022-10-09,True
26bb3967-c87a-4ce8-ad72-fce188262624,9d8fa904-9871-4ffa-ab35-85a8ec51d67d,2022-07-04,Rehabilitation & Resettlement,Possession,14,11,3,78.6,23,4,2,2,18.3,22,987.25,514.87,472.38,1392,725,667,52.2,5,3,2,2,40.0,8,7,1,87.5,91,4,1,3,331,176,155,53.2,444.7,196.9,44.3,12,6,6,19.7,2,10,5,5,43.1,27,497,1.0,196.0,2022-06-25,2023-01-07,True
de8fdc74-4a76-4470-8f1e-4e4c77a80409,9d8fa904-9871-4ffa-ab35-85a8ec51d67d,2022-07-28,Rehabilitation & Resettlement,Possession,14,10,4,71.4,10,4,2,2,18.7,163,987.25,417.93,569.32,1392,589,803,42.3,5,3,2,2,40.0,8,6,2,75.0,91,8,0,8,331,149,182,45.0,444.7,87.2,19.6,12,7,5,17.7,2,10,6,4,42.0,51,521,1.0,196.0,2022-06-25,2023-01-07,True
5d2943aa-f277-4735-9ad4-023de085fb89,9d8fa904-9871-4ffa-ab35-85a8ec51d67d,2022-08-17,Rehabilitation & Resettlement,Possession,14,11,3,78.6,8,4,2,2,20.0,64,987.25,753.97,233.28,1392,1063,329,76.4,5,4,2,1,40.0,8,6,2,75.0,91,3,0,3,331,154,177,46.5,444.7,130.1,29.3,12,8,4,10.4,2,10,4,6,21.3,71,541,1.0,196.0,2022-06-25,2023-01-07,True
930ffd2e-7df1-4b4e-9e8f-8bc4c00c3d01,4e2f60b1-a4b4-4313-a8f7-dc35d30c3820,2022-12-29,Initial Assessment / SIA,Notification,14,0,14,0.0,64,11,10,1,41.0,60,1717.19,120.13,1597.06,1843,128,1715,7.0,25,0,0,25,0.0,7,0,7,0.0,71,16,16,0,1766,0,1766,0.0,471.1,41.9,8.9,16,1,15,17.8,5,17,2,15,30.4,33,33,0.0,26.0,2023-04-22,2023-05-18,True
7c74a0b0-bbe3-4b92-83a2-103ddaa97351,4e2f60b1-a4b4-4313-a8f7-dc35d30c3820,2023-05-04,Notification,Objection / Hearing,14,4,10,28.6,23,11,10,1,38.8,79,1717.19,0.0,1717.19,1843,0,1843,0.0,25,7,4,18,16.0,7,1,6,14.3,71,22,21,1,1766,0,1766,0.0,471.1,0.0,0.0,16,5,11,29.8,5,17,1,16,5.0,70,159,1.0,53.0,2023-06-29,2023-08-21,True
f2d0a688-8a2a-4c6b-a7be-239533137de7,4e2f60b1-a4b4-4313-a8f7-dc35d30c3820,2023-05-26,Objection / Hearing,Land & Ownership Verification,14,3,11,21.4,53,11,10,1,40.4,133,1717.19,0.0,1717.19,1843,0,1843,0.0,25,4,3,21,12.0,7,1,6,14.3,71,12,8,4,1766,11,1755,0.6,471.1,0.0,0.0,16,3,13,14.3,5,17,3,14,20.3,8,181,1.0,78.0,2023-09-14,2023-12-01,True
9814203f-6a49-40a9-8809-d81e2952b9f8,4e2f60b1-a4b4-4313-a8f7-dc35d30c3820,2023-06-24,Objection / Hearing,Land & Ownership Verification,14,4,10,28.6,78,11,10,1,40.5,114,1717.19,0.0,1717.19,1843,0,1843,0.0,25,10,7,15,28.0,7,2,5,28.6,71,16,10,6,1766,60,1706,3.4,471.1,8.8,1.9,16,3,13,12.6,5,17,2,15,6.2,37,210,1.0,78.0,2023-09-14,2023-12-01,True
7b3db354-9378-4bd0-b6d0-b3c9aa7f0c99,4e2f60b1-a4b4-4313-a8f7-dc35d30c3820,2023-10-04,Land & Ownership Verification,Award / Valuation,14,6,8,42.9,66,11,7,4,29.1,139,1717.19,433.56,1283.63,1843,465,1378,25.2,25,11,7,14,28.0,7,4,3,57.1,71,17,8,9,1766,115,1651,6.5,471.1,2.1,0.4,16,8,8,23.8,5,17,7,10,31.5,44,312,1.0,88.0,2023-10-24,2024-01-20,True
191e7de0-d930-4378-befc-1574831bdfab,4e2f60b1-a4b4-4313-a8f7-dc35d30c3820,2024-07-05,Possession,Acquisition Completion,14,13,1,92.9,33,11,6,5,24.0,106,1717.19,1185.26,531.93,1843,1272,571,69.0,25,18,11,7,44.0,7,6,1,85.7,71,0,0,0,1766,1126,640,63.8,471.1,268.6,57.0,16,12,4,24.1,5,17,8,9,5.9,7,587,1.0,151.0,2024-08-21,2025-01-19,True
d8115839-6006-4648-a44e-dd7a209e0b5f,4e2f60b1-a4b4-4313-a8f7-dc35d30c3820,2024-08-31,Possession,Acquisition Completion,14,14,0,100.0,0,11,4,7,13.1,93,1717.19,1440.15,277.04,1843,1545,298,83.9,25,25,16,0,64.0,7,7,0,100.0,71,3,0,3,1766,1349,417,76.4,471.1,229.6,48.7,16,12,4,26.1,5,17,9,8,25.9,64,644,1.0,151.0,2024-08-21,2025-01-19,True
484a00df-3590-431a-9a20-a7f54d2734cc,4e2f60b1-a4b4-4313-a8f7-dc35d30c3820,2024-11-09,Acquisition Completion,,14,12,2,85.7,58,11,4,7,15.5,49,1717.19,1583.62,133.57,1843,1699,144,92.2,25,19,12,6,48.0,7,7,0,100.0,71,3,0,3,1766,1323,443,74.9,471.1,408.5,86.7,16,13,3,22.4,5,17,13,4,26.9,18,714,,,,,True
1a9e01ff-9748-4ca7-9072-f631e6d2b5b7,4e2f60b1-a4b4-4313-a8f7-dc35d30c3820,2024-12-04,Acquisition Completion,,14,11,3,78.6,51,11,2,9,6.6,20,1717.19,1559.71,157.48,1843,1673,170,90.8,25,25,16,0,64.0,7,7,0,100.0,71,1,0,1,1766,1640,126,92.9,471.1,428.3,90.9,16,14,2,5.4,5,17,15,2,38.2,43,739,,,,,True
193cff31-6f4f-48cc-b76f-68adace6b2d2,be47744d-5e76-4ed3-8aaa-7cf77e8529f3,2022-02-07,Initial Assessment / SIA,Notification,6,1,5,16.7,76,14,13,1,12.7,124,696.05,42.05,654.0,1172,70,1102,6.0,22,0,0,22,0.0,9,1,8,11.1,48,12,9,3,904,64,840,7.1,144.8,11.8,8.1,21,1,20,25.9,6,11,0,11,10.5,54,54,1.0,57.0,2022-06-07,2022-08-03,True
43ac7573-bab0-4e91-a84e-7b2201caf328,be47744d-5e76-4ed3-8aaa-7cf77e8529f3,2022-06-21,Notification,Objection / Hearing,6,1,5,16.7,80,14,12,2,11.7,157,696.05,0.0,696.05,1172,0,1172,0.0,22,5,3,17,13.6,9,2,7,22.2,48,15,12,3,904,0,904,0.0,144.8,0.0,0.0,21,2,19,29.9,6,11,1,10,28.4,28,188,1.0,114.0,2022-08-21,2022-12-13,True
548ba6a6-f64a-4522-bfc6-c83ab5768c6d,be47744d-5e76-4ed3-8aaa-7cf77e8529f3,2022-07-01,Notification,Objection / Hearing,6,1,5,16.7,75,14,11,3,11.2,86,696.05,81.67,614.38,1172,137,1035,11.7,22,7,5,15,22.7,9,3,6,33.3,48,12,9,3,904,0,904,0.0,144.8,0.0,0.0,21,1,20,13.5,6,11,2,9,14.6,38,198,1.0,114.0,2022-08-21,2022-12-13,True
45aade98-4a3c-4c8a-84ed-c10e9925472e,be47744d-5e76-4ed3-8aaa-7cf77e8529f3,2022-12-18,Land & Ownership Verification,Award / Valuation,6,3,3,50.0,8,14,11,3,10.8,74,696.05,162.31,533.74,1172,273,899,23.3,22,9,6,13,27.3,9,4,5,44.4,48,8,4,4,904,93,811,10.3,144.8,1.4,1.0,21,6,15,19.8,6,11,3,8,9.5,5,368,1.0,198.0,2022-11-28,2023-06-14,True
0aeb1807-db26-4924-adcb-81425c672c81,be47744d-5e76-4ed3-8aaa-7cf77e8529f3,2023-01-24,Land & Ownership Verification,Award / Valuation,6,3,3,50.0,36,14,11,3,11.3,40,696.05,214.44,481.61,1172,361,811,30.8,22,8,4,14,18.2,9,5,4,55.6,48,11,3,8,904,120,784,13.3,144.8,19.3,13.3,21,10,11,21.5,6,11,4,7,44.8,42,405,1.0,198.0,2022-11-28,2023-06-14,True
6f1cc698-3b62-479e-985d-c73509f64886,be47744d-5e76-4ed3-8aaa-7cf77e8529f3,2023-03-19,Award / Valuation,Compensation Disbursement,6,4,2,66.7,81,14,7,7,6.6,68,696.05,250.51,445.54,1172,421,751,36.0,22,7,4,15,18.2,9,6,3,66.7,48,7,4,3,904,298,606,33.0,144.8,26.9,18.6,21,10,11,11.4,6,11,5,6,34.1,9,459,1.0,201.0,2023-01-15,2023-08-04,True
3c8ccf12-5d44-46cf-825b-d3e5e64743fe,be47744d-5e76-4ed3-8aaa-7cf77e8529f3,2023-05-13,Award / Valuation,Compensation Disbursement,6,4,2,66.7,65,14,8,6,8.1,12,696.05,396.8,299.25,1172,668,504,57.0,22,12,9,10,40.9,9,6,3,66.7,48,6,0,6,904,396,508,43.8,144.8,21.7,15.0,21,11,10,11.5,6,11,4,7,36.2,64,514,1.0,201.0,2023-01-15,2023-08-04,True
1cf069a6-29ed-4963-87ab-0f33add6edca,be47744d-5e76-4ed3-8aaa-7cf77e8529f3,2023-05-15,Award / Valuation,Compensation Disbursement,6,3,3,50.0,83,14,7,7,6.5,40,696.05,368.44,327.61,1172,620,552,52.9,22,14,10,8,45.5,9,6,3,66.7,48,6,0,6,904,238,666,26.3,144.8,40.0,27.6,21,13,8,5.2,6,11,4,7,40.3,66,516,1.0,201.0,2023-01-15,2023-08-04,True
b07196ca-9b5f-4bc6-b622-6c012f5037d3,be47744d-5e76-4ed3-8aaa-7cf77e8529f3,2023-05-16,Award / Valuation,Compensation Disbursement,6,4,2,66.7,53,14,8,6,7.4,105,696.05,404.51,291.54,1172,681,491,58.1,22,11,8,11,36.4,9,6,3,66.7,48,3,1,2,904,272,632,30.1,144.8,53.3,36.8,21,10,11,23.8,6,11,4,7,35.3,67,517,1.0,201.0,2023-01-15,2023-08-04,True
dd6a7570-f8fa-4311-b5a7-bd211507bac7,be47744d-5e76-4ed3-8aaa-7cf77e8529f3,2024-05-04,Acquisition Completion,,6,5,1,83.3,20,14,4,10,4.1,19,696.05,696.05,0.0,1172,1172,0,100.0,22,22,16,0,72.7,9,8,1,88.9,48,2,0,2,904,860,44,95.1,144.8,141.1,97.4,21,18,3,18.5,6,11,9,2,32.5,69,871,,,,,True
ed862bd5-b65c-4213-bcfc-307dfb0040c9,4da234c2-4081-4cf5-9d29-a00effc4be5b,2021-06-05,Initial Assessment / SIA,Notification,12,1,11,8.3,46,2,2,0,4.8,98,226.34,0.0,226.34,1406,0,1406,0.0,18,0,0,18,0.0,2,0,2,0.0,54,6,4,2,556,59,497,10.6,54.2,0.0,0.0,9,0,9,6.6,6,18,1,17,25.7,80,80,1.0,123.0,2021-08-13,2021-12-14,True
10dd096f-28ef-43e9-a560-95266739d469,4da234c2-4081-4cf5-9d29-a00effc4be5b,2021-06-27,Initial Assessment / SIA,Notification,12,0,12,0.0,25,2,2,0,4.5,53,226.34,0.0,226.34,1406,0,1406,0.0,18,3,2,15,11.1,2,0,2,0.0,54,11,11,0,556,0,556,0.0,54.2,0.5,0.9,9,0,9,27.7,6,18,2,16,25.0,102,102,1.0,123.0,2021-08-13,2021-12-14,True
3a62722d-134f-4f48-b95a-b80db8b6b41c,4da234c2-4081-4cf5-9d29-a00effc4be5b,2021-09-16,Initial Assessment / SIA,Notification,12,1,11,8.3,78,2,2,0,4.1,146,226.34,0.0,226.34,1406,0,1406,0.0,18,4,2,14,11.1,2,0,2,0.0,54,6,3,3,556,0,556,0.0,54.2,0.0,0.0,9,1,8,20.5,6,18,3,15,38.9,183,183,1.0,123.0,2021-08-13,2021-12-14,True
390b746f-46c7-4a7b-bc33-87a3c8f4d5eb,4da234c2-4081-4cf5-9d29-a00effc4be5b,2022-03-17,Objection / Hearing,Land & Ownership Verification,12,7,5,58.3,59,2,2,0,3.2,57,226.34,18.59,207.75,1406,115,1291,8.2,18,7,4,11,22.2,2,1,1,50.0,54,12,4,8,556,30,526,5.4,54.2,0.0,0.0,9,3,6,29.6,6,18,4,14,7.6,93,365,1.0,209.0,2021-12-05,2022-07-02,True
b91cad0d-aa4c-47bb-ab43-a6e2edc5da3a,4da234c2-4081-4cf5-9d29-a00effc4be5b,2022-07-30,Award / Valuation,Compensation Disbursement,12,8,4,66.7,61,2,1,1,2.0,170,226.34,87.65,138.69,1406,544,862,38.7,18,10,7,8,38.9,2,1,1,50.0,54,10,1,9,556,191,365,34.4,54.2,12.4,22.9,9,4,5,15.2,6,18,5,13,35.0,28,500,1.0,218.0,2022-03-15,2022-10-19,True
77265a94-515b-479d-b736-ba3bef20b327,b8be201f-ff3f-47db-ba4c-d4e2d902a8ea,2022-08-04,Objection / Hearing,Land & Ownership Verification,10,2,8,20.0,88,0,0,0,43.6,0,2065.0,0.0,2065.0,60,0,60,0.0,16,2,1,14,6.2,9,2,7,22.2,52,9,7,2,41,0,41,0.0,463.1,8.1,1.7,4,0,4,25.8,6,8,2,6,23.2,20,97,0.0,0.0,2022-12-05,2022-12-03,True
7df867b3-e675-44e7-aead-afb51d8c0c45,b8be201f-ff3f-47db-ba4c-d4e2d902a8ea,2023-01-06,Award / Valuation,Compensation Disbursement,10,4,6,40.0,81,0,0,0,29.1,0,2065.0,404.18,1660.82,60,11,49,19.6,16,7,4,9,25.0,9,4,5,44.4,52,10,3,7,41,12,29,29.3,463.1,0.0,0.0,4,1,3,18.4,6,8,3,5,35.1,34,252,0.0,19.0,2023-05-12,2023-05-31,True
bfec812c-c29a-40fe-9820-b8e09353db98,b8be201f-ff3f-47db-ba4c-d4e2d902a8ea,2023-01-09,Award / Valuation,Compensation Disbursement,10,5,5,50.0,37,0,0,0,33.5,0,2065.0,621.42,1443.58,60,18,42,30.1,16,6,3,10,18.8,9,5,4,55.6,52,4,1,3,41,6,35,14.6,463.1,0.0,0.0,4,1,3,21.6,6,8,2,6,28.9,37,255,0.0,19.0,2023-05-12,2023-05-31,True
6cb8d310-23e3-4a98-937a-00d1e8008218,b8be201f-ff3f-47db-ba4c-d4e2d902a8ea,2023-05-20,Compensation Disbursement,Rehabilitation & Resettlement,10,8,2,80.0,29,0,0,0,23.9,0,2065.0,969.99,1095.01,60,28,32,47.0,16,11,6,5,37.5,9,8,1,88.9,52,6,0,6,41,20,21,48.8,463.1,86.6,18.7,4,2,2,8.0,6,8,3,5,32.0,39,386,0.0,22.0,2023-07-17,2023-08-08,True
428ccb98-d22a-429f-8a41-53b172be6915,b8be201f-ff3f-47db-ba4c-d4e2d902a8ea,2023-05-29,Compensation Disbursement,Rehabilitation & Resettlement,10,8,2,80.0,24,0,0,0,18.7,0,2065.0,1344.16,720.84,60,39,21,65.1,16,10,6,6,37.5,9,8,1,88.9,52,4,0,4,41,15,26,36.6,463.1,177.7,38.4,4,2,2,9.6,6,8,3,5,40.7,48,395,0.0,22.0,2023-07-17,2023-08-08,True
263fe2c2-9534-4e54-ba1e-3f52a54d3f13,b8be201f-ff3f-47db-ba4c-d4e2d902a8ea,2024-01-01,Acquisition Completion,,10,8,2,80.0,78,0,0,0,0.0,0,2065.0,2065.0,0.0,60,60,0,100.0,16,16,9,0,56.2,9,9,0,100.0,52,2,0,2,41,33,8,80.5,463.1,414.8,89.6,4,3,1,26.5,6,8,6,2,23.8,89,612,,,,,True
ddbb1002-4d4d-4d24-94f4-da605c74c6b2,85833d44-2e2b-46c3-9cb1-7e99f1a5edf0,2021-12-14,Initial Assessment / SIA,Notification,10,1,9,10.0,10,4,4,0,24.7,89,417.46,11.21,406.25,1770,47,1723,2.7,26,0,0,26,0.0,2,0,2,0.0,62,18,18,0,710,0,710,0.0,247.3,0.0,0.0,7,1,6,10.2,4,18,1,17,42.9,5,5,1.0,31.0,2022-03-11,2022-04-11,True
dbdb0558-dd40-4c0e-ac2d-8467a0e6fe1e,85833d44-2e2b-46c3-9cb1-7e99f1a5edf0,2022-10-31,Award / Valuation,Compensation Disbursement,10,4,6,40.0,69,4,3,1,17.8,45,417.46,109.33,308.13,1770,463,1307,26.2,26,8,5,18,19.2,2,1,1,50.0,62,7,1,6,710,108,602,15.2,247.3,0.0,0.0,7,2,5,28.7,4,18,5,13,36.3,42,326,1.0,224.0,2022-09-21,2023-05-03,True
7f666f7c-652b-46c4-a579-8c59d862fefd,85833d44-2e2b-46c3-9cb1-7e99f1a5edf0,2022-11-25,Award / Valuation,Compensation Disbursement,10,6,4,60.0,16,4,3,1,16.2,71,417.46,62.25,355.21,1770,263,1507,14.9,26,11,6,15,23.1,2,0,2,0.0,62,9,1,8,710,152,558,21.4,247.3,0.0,0.0,7,3,4,15.5,4,18,5,13,22.0,67,351,1.0,224.0,2022-09-21,2023-05-03,True
837ef6cd-4795-4b92-a645-a3ac7807c6e8,85833d44-2e2b-46c3-9cb1-7e99f1a5edf0,2022-12-17,Award / Valuation,Compensation Disbursement,10,4,6,40.0,53,4,4,0,20.2,91,417.46,130.99,286.47,1770,555,1215,31.4,26,15,12,11,46.2,2,1,1,50.0,62,13,4,9,710,197,513,27.7,247.3,17.2,7.0,7,2,5,13.3,4,18,5,13,17.3,89,373,1.0,224.0,2022-09-21,2023-05-03,True
b286f570-ef21-4de0-bbe9-41d86f66c3e6,85833d44-2e2b-46c3-9cb1-7e99f1a5edf0,2023-06-06,Rehabilitation & Resettlement,Possession,10,6,4,60.0,11,4,2,2,12.0,151,417.46,304.64,112.82,1770,1291,479,73.0,26,15,9,11,34.6,2,1,1,50.0,62,3,0,3,710,278,432,39.2,247.3,69.7,28.2,7,4,3,4.0,4,18,10,8,15.1,34,544,1.0,294.0,2023-01-05,2023-10-26,True
591fe2ed-752b-4153-b4fa-852459291596,85833d44-2e2b-46c3-9cb1-7e99f1a5edf0,2023-09-29,Possession,Acquisition Completion,10,9,1,90.0,63,4,2,2,6.7,13,417.46,319.15,98.31,1770,1353,417,76.5,26,21,12,5,46.2,2,2,0,100.0,62,5,0,5,710,455,255,64.1,247.3,159.6,64.5,7,5,2,25.8,4,18,11,7,42.1,81,659,1.0,387.0,2023-03-30,2024-04-20,True
ed4ee13a-1952-47e4-b9d5-3b6cb1f389bc,85833d44-2e2b-46c3-9cb1-7e99f1a5edf0,2023-10-21,Possession,Acquisition Completion,10,9,1,90.0,37,4,2,2,7.9,49,417.46,292.22,125.24,1770,1238,532,70.0,26,24,20,2,76.9,2,1,1,50.0,62,4,0,4,710,544,166,76.6,247.3,131.1,53.0,7,4,3,5.7,4,18,11,7,9.4,103,681,1.0,387.0,2023-03-30,2024-04-20,True
bc529352-5321-4ea2-a4bb-9d22418cee87,85833d44-2e2b-46c3-9cb1-7e99f1a5edf0,2023-12-03,Acquisition Completion,,10,10,0,100.0,0,4,2,2,7.6,53,417.46,354.77,62.69,1770,1504,266,85.0,26,25,18,1,69.2,2,1,1,50.0,62,3,0,3,710,529,181,74.5,247.3,159.0,64.3,7,5,2,3.8,4,18,14,4,25.9,38,724,,,,,True
733d2acb-bfc6-47f3-b779-b5ba50b03e34,61336530-821c-4618-9ef5-394139f33378,2023-04-08,Initial Assessment / SIA,Notification,3,0,3,0.0,65,9,9,0,15.8,18,278.33,0.0,278.33,1823,0,1823,0.0,14,0,0,14,0.0,4,0,4,0.0,21,7,7,0,705,0,705,0.0,159.7,0.0,0.0,24,0,24,16.4,3,8,0,8,18.3,31,31,0.0,22.0,2023-09-04,2023-09-26,True
ba7b7288-af67-4cf2-8f5b-b8d46de6665a,61336530-821c-4618-9ef5-394139f33378,2023-06-09,Initial Assessment / SIA,Notification,3,0,3,0.0,17,9,9,0,14.3,93,278.33,0.0,278.33,1823,0,1823,0.0,14,1,0,13,0.0,4,0,4,0.0,21,5,5,0,705,0,705,0.0,159.7,0.0,0.0,24,0,24,11.7,3,8,0,8,39.6,93,93,0.0,22.0,2023-09-04,2023-09-26,True
c8fefd84-5b13-4ac8-9973-cb17333e3fb1,61336530-821c-4618-9ef5-394139f33378,2023-11-20,Objection / Hearing,Land & Ownership Verification,3,1,2,33.3,65,9,8,1,12.6,98,278.33,58.45,219.88,1823,382,1441,21.0,14,4,2,10,14.3,4,2,2,50.0,21,2,1,1,705,31,674,4.4,159.7,14.2,8.9,24,8,16,25.7,3,8,2,6,15.2,55,257,1.0,35.0,2023-11-22,2023-12-27,True
64e2f86a-f582-4f61-8dc5-64ca1d31418b,61336530-821c-4618-9ef5-394139f33378,2024-03-09,Compensation Disbursement,Rehabilitation & Resettlement,3,1,2,33.3,61,9,6,3,9.0,50,278.33,102.38,175.95,1823,670,1153,36.8,14,7,5,7,35.7,4,2,2,50.0,21,4,1,3,705,253,452,35.9,159.7,15.5,9.7,24,11,13,6.2,3,8,2,6,21.4,27,367,1.0,72.0,2024-07-24,2024-10-04,True
95b692be-62c6-4eb5-beb2-4491093ec2f3,61336530-821c-4618-9ef5-394139f33378,2024-04-04,Compensation Disbursement,Rehabilitation & Resettlement,3,1,2,33.3,34,9,7,2,11.1,72,278.33,103.68,174.65,1823,679,1144,37.3,14,7,4,7,28.6,4,2,2,50.0,21,1,1,0,705,107,598,15.2,159.7,27.8,17.4,24,13,11,8.7,3,8,3,5,43.4,53,393,1.0,72.0,2024-07-24,2024-10-04,True
5b5b2441-9dad-4cda-ae25-bc182e807f54,61336530-821c-4618-9ef5-394139f33378,2024-12-15,Possession,Acquisition Completion,3,3,0,100.0,0,9,5,4,7.1,89,278.33,184.67,93.66,1823,1209,614,66.3,14,12,9,2,64.3,4,4,0,100.0,21,1,0,1,705,515,190,73.0,159.7,90.0,56.4,24,18,6,17.4,3,8,5,3,14.7,72,648,1.0,93.0,2025-01-19,2025-04-22,True
f5621609-5d62-4c32-a1ac-0cecea539106,6a7314e3-0f51-401d-bd11-318cf7312597,2021-08-22,Initial Assessment / SIA,Notification,13,0,13,0.0,53,0,0,0,1.0,0,31.48,0.0,31.48,711,0,711,0.0,8,0,0,8,0.0,4,0,4,0.0,34,12,12,0,155,0,155,0.0,10.6,0.0,0.0,20,1,19,7.0,3,8,1,7,12.0,1,1,0.0,2.0,2021-10-28,2021-10-30,True
da579409-3efa-4b68-aaf7-c05bb0cab04c,6a7314e3-0f51-401d-bd11-318cf7312597,2021-08-27,Initial Assessment / SIA,Notification,13,0,13,0.0,60,0,0,0,1.0,0,31.48,0.81,30.67,711,18,693,2.6,8,2,1,6,12.5,4,0,4,0.0,34,7,7,0,155,0,155,0.0,10.6,0.0,0.0,20,2,18,10.1,3,8,0,8,11.2,6,6,0.0,2.0,2021-10-28,2021-10-30,True
b7287eed-f3ab-4f22-820e-efd5317339ea,6a7314e3-0f51-401d-bd11-318cf7312597,2021-09-02,Initial Assessment / SIA,Notification,13,3,10,23.1,86,0,0,0,0.9,0,31.48,3.61,27.87,711,81,630,11.5,8,1,0,7,0.0,4,1,3,25.0,34,3,3,0,155,0,155,0.0,10.6,0.0,0.0,20,1,19,17.1,3,8,1,7,41.5,12,12,0.0,2.0,2021-10-28,2021-10-30,True
3f971331-d22d-4c86-8ac3-9b04dd0776ce,6a7314e3-0f51-401d-bd11-318cf7312597,2021-09-19,Notification,Objection / Hearing,13,7,6,53.8,73,0,0,0,0.7,0,31.48,6.85,24.63,711,154,557,21.8,8,2,1,6,12.5,4,2,2,50.0,34,7,2,5,155,25,130,16.1,10.6,0.0,0.0,20,7,13,23.5,3,8,3,5,34.1,10,29,,,,,True
6678337c-9ba7-4578-bd16-0ce67491b0b4,6a7314e3-0f51-401d-bd11-318cf7312597,2021-09-21,Notification,Objection / Hearing,13,5,8,38.5,78,0,0,0,0.8,0,31.48,8.7,22.78,711,196,515,27.6,8,4,2,4,25.0,4,2,2,50.0,34,4,2,2,155,35,120,22.6,10.6,0.4,3.8,20,10,10,19.1,3,8,3,5,41.7,12,31,,,,,True
a7190ce3-097d-41d7-9ed3-413d547686d7,6a7314e3-0f51-401d-bd11-318cf7312597,2021-09-24,Notification,Objection / Hearing,13,9,4,69.2,50,0,0,0,0.6,0,31.48,13.27,18.21,711,299,412,42.2,8,4,2,4,25.0,4,2,2,50.0,34,5,0,5,155,42,113,27.1,10.6,1.5,14.2,20,6,14,8.2,3,8,2,6,15.3,15,34,,,,,True
d964db82-dd33-4fe3-ba54-7a200e61e5f6,6a7314e3-0f51-401d-bd11-318cf7312597,2021-10-04,Notification,Objection / Hearing,13,9,4,69.2,26,0,0,0,0.5,0,31.48,15.18,16.3,711,342,369,48.2,8,4,2,4,25.0,4,3,1,75.0,34,5,0,5,155,79,76,51.0,10.6,3.3,31.1,20,14,6,7.7,3,8,4,4,39.0,25,44,,,,,True
74d48421-a4a9-4179-a0d6-b8510f786bb5,6a7314e3-0f51-401d-bd11-318cf7312597,2021-10-27,Notification,Objection / Hearing,13,13,0,100.0,0,0,0,0,0.3,0,31.48,31.48,0.0,711,711,0,100.0,8,7,4,1,50.0,4,3,1,75.0,34,0,0,0,155,135,20,87.1,10.6,10.5,99.1,20,20,0,28.7,3,8,6,2,34.4,48,67,,,,,True
afe882fb-b0bf-465d-90df-ab8bd0992dd8,d10b4145-5a85-4db0-b34d-6e6235dca374,2023-03-01,Initial Assessment / SIA,Notification,13,1,12,7.7,75,0,0,0,34.8,0,1668.82,0.0,1668.82,530,0,530,0.0,24,0,0,24,0.0,8,0,8,0.0,12,3,3,0,123,0,123,0.0,348.1,23.3,6.7,24,0,24,29.2,5,9,0,9,19.0,46,46,1.0,38.0,2023-08-15,2023-09-22,True
a9d81047-db40-4f07-bcf1-a8398a16fe84,d10b4145-5a85-4db0-b34d-6e6235dca374,2023-06-29,Notification,Objection / Hearing,13,4,9,30.8,49,0,0,0,33.4,0,1668.82,0.0,1668.82,530,0,530,0.0,24,8,6,16,25.0,8,2,6,25.0,12,2,2,0,123,16,107,13.0,348.1,0.0,0.0,24,8,16,8.5,5,9,1,8,42.4,60,166,1.0,43.0,2023-11-12,2023-12-25,True
a20ff63e-4835-4856-8a6f-63163a6dd091,d10b4145-5a85-4db0-b34d-6e6235dca374,2023-09-06,Notification,Objection / Hearing,13,3,10,23.1,68,0,0,0,28.0,0,1668.82,4.67,1664.15,530,1,529,0.3,24,7,4,17,16.7,8,3,5,37.5,12,1,1,0,123,0,123,0.0,348.1,34.1,9.8,24,2,22,26.7,5,9,2,7,19.8,129,235,1.0,43.0,2023-11-12,2023-12-25,True
f00d9897-3d80-4901-b841-e61d903a5aa4,d10b4145-5a85-4db0-b34d-6e6235dca374,2023-11-04,Objection / Hearing,Land & Ownership Verification,13,4,9,30.8,29,0,0,0,30.1,0,1668.82,376.76,1292.06,530,119,411,22.6,24,10,6,14,25.0,8,3,5,37.5,12,1,1,0,123,2,121,1.6,348.1,0.0,0.0,24,9,15,4.8,5,9,3,6,8.3,43,294,1.0,62.0,2024-01-14,2024-03-16,True
680c0cef-5ed6-41da-8d5a-9991cefd43cc,d10b4145-5a85-4db0-b34d-6e6235dca374,2024-01-09,Land & Ownership Verification,Award / Valuation,13,6,7,46.2,85,0,0,0,23.8,0,1668.82,543.16,1125.66,530,172,358,32.5,24,8,5,16,20.8,8,5,3,62.5,12,1,0,1,123,17,106,13.8,348.1,13.7,3.9,24,11,13,4.6,5,9,3,6,34.6,15,360,1.0,65.0,2024-03-01,2024-05-05,True
797124dd-b68d-470a-ba51-14762de72d77,d10b4145-5a85-4db0-b34d-6e6235dca374,2024-07-03,Compensation Disbursement,Rehabilitation & Resettlement,13,12,1,92.3,81,0,0,0,18.6,0,1668.82,995.75,673.07,530,316,214,59.7,24,16,12,8,50.0,8,7,1,87.5,12,1,0,1,123,72,51,58.5,348.1,133.8,38.4,24,14,10,7.0,5,9,4,5,30.4,59,536,1.0,103.0,2024-09-04,2024-12-16,True
f8084b5a-8678-4579-b9ae-bd3d94f7770a,d10b4145-5a85-4db0-b34d-6e6235dca374,2024-07-06,Compensation Disbursement,Rehabilitation & Resettlement,13,10,3,76.9,7,0,0,0,17.6,0,1668.82,1048.83,619.99,530,333,197,62.8,24,16,12,8,50.0,8,7,1,87.5,12,1,0,1,123,65,58,52.8,348.1,119.3,34.3,24,16,8,28.4,5,9,5,4,6.7,62,539,1.0,103.0,2024-09-04,2024-12-16,True
ca279869-df3a-4d08-8cd5-b7a663b1f099,d10b4145-5a85-4db0-b34d-6e6235dca374,2024-07-08,Compensation Disbursement,Rehabilitation & Resettlement,13,12,1,92.3,15,0,0,0,13.5,0,1668.82,918.32,750.5,530,291,239,55.0,24,20,14,4,58.3,8,7,1,87.5,12,0,0,0,123,75,48,61.0,348.1,199.5,57.3,24,17,7,28.4,5,9,4,5,26.8,64,541,1.0,103.0,2024-09-04,2024-12-16,True
d668364c-0ac5-4859-92a9-8dd79aef9d0e,b17fe396-c057-4912-9e5f-7aa73862680d,2021-12-13,Initial Assessment / SIA,Notification,9,0,9,0.0,60,5,5,0,15.2,112,262.53,27.47,235.06,513,53,460,10.5,5,0,0,5,0.0,5,0,5,0.0,51,13,10,3,381,0,381,0.0,161.5,0.0,0.0,4,0,4,4.3,7,7,0,7,17.8,94,94,1.0,100.0,2022-03-29,2022-07-07,True
89b856c3-59df-4363-b570-1989ba62330e,b17fe396-c057-4912-9e5f-7aa73862680d,2023-06-14,Award / Valuation,Compensation Disbursement,9,6,3,66.7,65,5,4,1,10.5,21,262.53,112.11,150.42,513,219,294,42.7,5,3,2,2,40.0,5,3,2,60.0,51,3,0,3,381,146,235,38.3,161.5,64.0,39.6,4,2,2,28.1,7,7,3,4,18.8,122,642,1.0,208.0,2023-02-16,2023-09-12,True
cff52cb9-c60a-4bf8-b80b-2bda9071ffdb,b17fe396-c057-4912-9e5f-7aa73862680d,2023-09-19,Rehabilitation & Resettlement,Possession,9,6,3,66.7,41,5,3,2,7.4,176,262.53,156.67,105.86,513,306,207,59.7,5,3,1,2,20.0,5,4,1,80.0,51,4,0,4,381,202,179,53.0,161.5,60.3,37.3,4,3,1,16.4,7,7,4,3,37.4,7,739,1.0,283.0,2023-08-25,2024-06-03,True
da9d1c44-94fc-4a05-99a9-13bdba5cab2d,b17fe396-c057-4912-9e5f-7aa73862680d,2024-03-13,Possession,Acquisition Completion,9,7,2,77.8,9,5,2,3,5.8,72,262.53,249.15,13.38,513,486,27,94.9,5,3,2,2,40.0,5,5,0,100.0,51,5,0,5,381,286,95,75.1,161.5,83.1,51.5,4,3,1,4.3,7,7,4,3,9.2,35,915,1.0,291.0,2023-12-05,2024-09-21,True
610729da-f5b8-4631-b6de-f0c621e97e0f,b17fe396-c057-4912-9e5f-7aa73862680d,2024-08-29,Acquisition Completion,,9,9,0,100.0,0,5,2,3,5.0,42,262.53,245.58,16.95,513,479,34,93.5,5,5,3,0,60.0,5,4,1,80.0,51,1,0,1,381,347,34,91.1,161.5,150.1,92.9,4,3,1,8.1,7,7,6,1,27.6,87,1084,,,,,True
2ee4efeb-dde0-4b55-99eb-dc7ee087f675,46a23576-a44a-4523-bf58-f0de6bc411f0,2022-04-26,Notification,Objection / Hearing,5,1,4,20.0,87,9,7,2,20.9,60,502.21,68.57,433.64,381,52,329,13.7,16,3,1,13,6.2,8,3,5,37.5,77,22,16,6,196,20,176,10.2,296.5,17.2,5.8,23,4,19,9.0,3,7,0,7,13.4,103,248,1.0,216.0,2022-05-25,2022-12-27,True
28f18dbe-81c1-4817-80dd-b13ff7a46ff9,46a23576-a44a-4523-bf58-f0de6bc411f0,2022-06-07,Objection / Hearing,Land & Ownership Verification,5,1,4,20.0,34,9,8,1,23.4,174,502.21,0.0,502.21,381,0,381,0.0,16,5,4,11,25.0,8,3,5,37.5,77,19,14,5,196,5,191,2.6,296.5,0.0,0.0,23,5,18,5.6,3,7,1,6,34.3,33,290,1.0,310.0,2022-09-13,2023-07-20,True
4dc55e16-7c2c-478b-9942-ff0755ce43bf,46a23576-a44a-4523-bf58-f0de6bc411f0,2022-06-13,Objection / Hearing,Land & Ownership Verification,5,1,4,20.0,38,9,8,1,24.3,131,502.21,14.16,488.05,381,10,371,2.8,16,7,5,9,31.2,8,3,5,37.5,77,14,5,9,196,0,196,0.0,296.5,20.3,6.8,23,4,19,4.1,3,7,1,6,10.2,39,296,1.0,310.0,2022-09-13,2023-07-20,True
f47807c1-f85a-4143-b984-a318b75f17c0,46a23576-a44a-4523-bf58-f0de6bc411f0,2022-09-04,Objection / Hearing,Land & Ownership Verification,5,2,3,40.0,81,9,8,1,23.9,144,502.21,56.63,445.58,381,42,339,11.3,16,5,4,11,25.0,8,4,4,50.0,77,6,2,4,196,0,196,0.0,296.5,0.0,0.0,23,8,15,29.3,3,7,1,6,29.3,122,379,1.0,310.0,2022-09-13,2023-07-20,True
acd07374-8be5-41ab-9fbc-ffaf48d81f07,46a23576-a44a-4523-bf58-f0de6bc411f0,2022-12-22,Objection / Hearing,Land & Ownership Verification,5,2,3,40.0,11,9,5,4,14.3,74,502.21,245.84,256.37,381,186,195,49.0,16,6,3,10,18.8,8,5,3,62.5,77,12,3,9,196,1,195,0.5,296.5,18.6,6.3,23,8,15,29.8,3,7,3,4,6.9,231,488,1.0,310.0,2022-09-13,2023-07-20,True
505e827c-1cf7-469c-b067-2ffecd49eed8,46a23576-a44a-4523-bf58-f0de6bc411f0,2023-05-19,Land & Ownership Verification,Award / Valuation,5,3,2,60.0,14,9,5,4,15.3,105,502.21,260.36,241.85,381,197,184,51.8,16,12,7,4,43.8,8,7,1,87.5,77,6,0,6,196,58,138,29.6,296.5,59.1,19.9,23,13,10,5.0,3,7,4,3,26.8,143,636,1.0,333.0,2022-10-21,2023-09-19,True
e36679dc-eaed-4545-88c5-bc928598d66e,46a23576-a44a-4523-bf58-f0de6bc411f0,2023-09-04,Award / Valuation,Compensation Disbursement,5,4,1,80.0,78,9,4,5,11.7,93,502.21,289.7,212.51,381,219,162,57.7,16,10,7,6,43.8,8,7,1,87.5,77,7,0,7,196,100,96,51.0,296.5,107.0,36.1,23,14,9,7.4,3,7,4,3,31.8,46,744,1.0,354.0,2023-02-07,2024-01-27,True
68652af8-a8f4-466c-9fd2-16d43b617ae3,46a23576-a44a-4523-bf58-f0de6bc411f0,2023-11-28,Compensation Disbursement,Rehabilitation & Resettlement,5,4,1,80.0,37,9,4,5,10.1,99,502.21,284.09,218.12,381,215,166,56.6,16,12,7,4,43.8,8,7,1,87.5,77,7,0,7,196,115,81,58.7,296.5,104.3,35.2,23,12,11,17.3,3,7,3,4,35.5,70,829,1.0,367.0,2023-03-21,2024-03-22,True
3d69e6db-ac27-4782-84e2-ccf1a7a61d88,46a23576-a44a-4523-bf58-f0de6bc411f0,2024-08-17,Acquisition Completion,,5,4,1,80.0,33,9,2,7,3.7,83,502.21,439.66,62.55,381,333,48,87.5,16,16,11,0,68.8,8,8,0,100.0,77,4,0,4,196,196,0,100.0,296.5,277.4,93.6,23,22,1,19.5,3,7,5,2,41.4,28,1092,,,,,True
8f1c194a-97dc-4c96-95c0-56f72a0eed0e,46a23576-a44a-4523-bf58-f0de6bc411f0,2024-08-27,Acquisition Completion,,5,5,0,100.0,0,9,3,6,6.8,52,502.21,434.82,67.39,381,329,52,86.6,16,16,11,0,68.8,8,7,1,87.5,77,1,0,1,196,172,24,87.8,296.5,288.9,97.4,23,21,2,12.9,3,7,5,2,7.8,38,1102,,,,,True
c70797a0-6c2f-4ad0-aa92-39e347ee1b1d,9f12b34b-ec03-40ce-9c2c-ff34bc0d2921,2022-08-23,Initial Assessment / SIA,Notification,10,2,8,20.0,70,2,2,0,2.8,28,80.61,0.0,80.61,115,0,115,0.0,19,1,0,18,0.0,7,0,7,0.0,27,2,2,0,33,0,33,0.0,28.4,1.4,4.9,15,0,15,9.2,7,6,0,6,5.3,50,50,0.0,0.0,2022-12-08,2022-12-03,True
3b7f15cd-451e-4df8-86c6-50b680dd23bd,9f12b34b-ec03-40ce-9c2c-ff34bc0d2921,2022-11-06,Notification,Objection / Hearing,10,2,8,20.0,15,2,2,0,2.4,161,80.61,5.79,74.82,115,8,107,7.2,19,5,3,14,15.8,7,1,6,14.3,27,6,5,1,33,0,33,0.0,28.4,0.0,0.0,15,2,13,23.8,7,6,0,6,44.8,25,125,0.0,0.0,2023-02-19,2023-02-04,True
660a8326-cfe7-4795-ac58-bf72fd8e5aa2,9f12b34b-ec03-40ce-9c2c-ff34bc0d2921,2023-03-01,Land & Ownership Verification,Award / Valuation,10,4,6,40.0,88,2,2,0,2.1,87,80.61,2.32,78.29,115,3,112,2.9,19,7,4,12,21.1,7,3,4,42.9,27,4,2,2,33,3,30,9.1,28.4,0.6,2.1,15,4,11,6.0,7,6,2,4,44.7,25,240,0.0,0.0,2023-06-25,2023-06-06,True
a35ee6e3-9db9-4e13-bb01-b765b5a60a67,9f12b34b-ec03-40ce-9c2c-ff34bc0d2921,2023-09-12,Rehabilitation & Resettlement,Possession,10,7,3,70.0,79,2,2,0,1.6,38,80.61,40.46,40.15,115,57,58,50.2,19,9,5,10,26.3,7,6,1,85.7,27,1,0,1,33,14,19,42.4,28.4,5.2,18.3,15,8,7,5.0,7,6,3,3,9.8,29,435,0.0,0.0,2024-03-15,2024-03-03,True
149c7cc4-657c-45dd-b7e1-6d99152558d5,9f12b34b-ec03-40ce-9c2c-ff34bc0d2921,2023-10-25,Rehabilitation & Resettlement,Possession,10,9,1,90.0,43,2,1,1,1.3,160,80.61,38.24,42.37,115,54,61,47.4,19,13,9,6,47.4,7,6,1,85.7,27,3,1,2,33,20,13,60.6,28.4,12.7,44.7,15,10,5,13.5,7,6,3,3,32.2,72,478,0.0,0.0,2024-03-15,2024-03-03,True
51bc7fca-b454-4cd2-8872-fc1ff1a6f660,65f7a3aa-0039-436e-846d-81b36ca55475,2024-05-11,Award / Valuation,Compensation Disbursement,12,9,3,75.0,55,9,5,4,6.1,166,270.31,117.04,153.27,108,46,62,43.3,29,17,10,12,34.5,2,1,1,50.0,34,7,2,5,65,19,46,29.2,130.7,30.7,23.5,20,8,12,3.3,6,3,1,2,20.7,95,588,1.0,131.0,2024-06-23,2024-11-01,True
b7a92169-3f81-455f-8fcb-377fe07d494e,65f7a3aa-0039-436e-846d-81b36ca55475,2024-08-18,Compensation Disbursement,Rehabilitation & Resettlement,12,9,3,75.0,53,9,5,4,6.4,73,270.31,179.96,90.35,108,71,37,66.6,29,23,18,6,62.1,2,1,1,50.0,34,4,1,3,65,37,28,56.9,130.7,57.2,43.8,20,13,7,22.3,6,3,2,1,32.0,56,687,1.0,139.0,2024-09-06,2025-01-23,True
1f40965e-2464-4b41-a6a8-a7f8628ed501,65f7a3aa-0039-436e-846d-81b36ca55475,2025-03-20,Acquisition Completion,,12,12,0,100.0,0,9,3,6,3.7,50,270.31,219.12,51.19,108,87,21,81.1,29,26,19,3,65.5,2,1,1,50.0,34,3,0,3,65,48,17,73.8,130.7,100.6,77.0,20,16,4,22.1,6,3,2,1,18.1,2,901,,,,,True
b727355c-a7e5-4ae6-ad88-9a6e48017b61,65f7a3aa-0039-436e-846d-81b36ca55475,2025-04-15,Acquisition Completion,,12,12,0,100.0,0,9,2,7,2.4,136,270.31,203.68,66.63,108,81,27,75.4,29,26,16,3,55.2,2,2,0,100.0,34,1,0,1,65,57,8,87.7,130.7,107.1,81.9,20,17,3,3.4,6,3,2,1,17.2,28,927,,,,,True
df75c5a8-6667-4843-8510-619d878822c5,65f7a3aa-0039-436e-846d-81b36ca55475,2025-05-30,Acquisition Completion,,12,12,0,100.0,0,9,3,6,3.4,105,270.31,249.4,20.91,108,99,9,92.3,29,28,21,1,72.4,2,1,1,50.0,34,0,0,0,65,58,7,89.2,130.7,113.1,86.5,20,20,0,26.0,6,3,2,1,26.3,73,972,,,,,True
a5332deb-f95e-4cce-83c9-4b6dbca0fd05,055d65b1-07b0-47cc-bb93-94cd266c73d3,2023-06-08,Initial Assessment / SIA,Notification,4,0,4,0.0,60,0,0,0,30.2,0,463.61,0.0,463.61,56,0,56,0.0,28,3,2,25,7.1,8,0,8,0.0,46,11,9,2,26,0,26,0.0,302.1,0.0,0.0,22,3,19,29.1,5,17,3,14,33.0,88,88,0.0,0.0,2023-08-22,2023-08-11,True
cc044b85-0caa-4132-a441-2629b397973c,055d65b1-07b0-47cc-bb93-94cd266c73d3,2023-06-17,Initial Assessment / SIA,Notification,4,1,3,25.0,7,0,0,0,23.6,0,463.61,41.77,421.84,56,5,51,9.0,28,2,1,26,3.6,8,0,8,0.0,46,6,6,0,26,0,26,0.0,302.1,0.0,0.0,22,4,18,9.6,5,17,2,15,18.6,97,97,0.0,0.0,2023-08-22,2023-08-11,True
ee3ef194-d918-45f0-a1e5-220f24491ce5,055d65b1-07b0-47cc-bb93-94cd266c73d3,2023-09-18,Objection / Hearing,Land & Ownership Verification,4,0,4,0.0,71,0,0,0,23.8,0,463.61,82.75,380.86,56,9,47,17.8,28,6,4,22,14.3,8,2,6,25.0,46,8,4,4,26,0,26,0.0,302.1,10.3,3.4,22,7,15,21.9,5,17,1,16,36.5,38,190,0.0,0.0,2024-01-21,2023-12-29,True
4bfb6ee1-7a73-42fc-ae63-11767974a714,055d65b1-07b0-47cc-bb93-94cd266c73d3,2023-11-17,Objection / Hearing,Land & Ownership Verification,4,1,3,25.0,69,0,0,0,22.4,0,463.61,1.05,462.56,56,0,56,0.2,28,9,7,19,25.0,8,3,5,37.5,46,4,3,1,26,1,25,3.8,302.1,0.0,0.0,22,4,18,27.5,5,17,5,12,29.2,98,250,0.0,0.0,2024-01-21,2023-12-29,True
8036bca1-7205-454c-8d24-0ea05e5c23f1,055d65b1-07b0-47cc-bb93-94cd266c73d3,2023-12-07,Land & Ownership Verification,Award / Valuation,4,1,3,25.0,8,0,0,0,23.4,0,463.61,94.51,369.1,56,11,45,20.4,28,12,8,16,28.6,8,4,4,50.0,46,7,4,3,26,0,26,0.0,302.1,0.0,0.0,22,5,17,27.2,5,17,4,13,42.2,19,270,0.0,0.0,2024-05-16,2024-04-27,True
98d49019-6f20-4513-899e-c1e30376d098,055d65b1-07b0-47cc-bb93-94cd266c73d3,2024-01-12,Award / Valuation,Compensation Disbursement,4,1,3,25.0,57,0,0,0,23.3,0,463.61,14.85,448.76,56,1,55,3.2,28,12,7,16,25.0,8,5,3,62.5,46,6,1,5,26,2,24,7.7,302.1,19.7,6.5,22,4,18,20.9,5,17,7,10,17.4,14,306,0.0,0.0,2024-08-28,2024-08-08,True
cb92f2c3-4cde-461c-ba10-2dab7b1cd4cb,055d65b1-07b0-47cc-bb93-94cd266c73d3,2024-10-16,Rehabilitation & Resettlement,Possession,4,4,0,100.0,0,0,0,0,8.6,0,463.61,265.94,197.67,56,32,24,57.4,28,20,16,8,57.1,8,8,0,100.0,46,3,0,3,26,14,12,53.8,302.1,128.9,42.7,22,14,8,10.9,5,17,8,9,36.1,69,584,0.0,9.0,2025-02-27,2025-03-08,True
9f9c33bb-cedc-4536-ab41-56f56f8f793b,055d65b1-07b0-47cc-bb93-94cd266c73d3,2025-04-19,Acquisition Completion,,4,4,0,100.0,0,0,0,0,11.3,0,463.61,398.92,64.69,56,48,8,86.0,28,28,20,0,71.4,8,7,1,87.5,46,3,0,3,26,20,6,76.9,302.1,211.1,69.9,22,22,0,24.7,5,17,14,3,8.6,42,769,,,,,True
f9163933-0a61-40fb-b266-d8eabc5143e8,887d1a2b-e5fd-4708-8d1e-e6fff23141e2,2020-08-04,Initial Assessment / SIA,Notification,6,1,5,16.7,67,2,2,0,33.1,59,1740.54,71.84,1668.7,340,14,326,4.1,5,0,0,5,0.0,9,4,5,44.4,34,11,8,3,172,20,152,11.6,396.4,0.0,0.0,5,0,5,12.0,7,15,3,12,6.1,86,86,1.0,100.0,2020-09-08,2020-12-17,True
806ed637-82c2-4c08-852b-97318c50764c,887d1a2b-e5fd-4708-8d1e-e6fff23141e2,2020-08-09,Initial Assessment / SIA,Notification,6,2,4,33.3,66,2,2,0,32.5,138,1740.54,0.0,1740.54,340,0,340,0.0,5,0,0,5,0.0,9,2,7,22.2,34,5,5,0,172,0,172,0.0,396.4,0.0,0.0,5,0,5,4.0,7,15,4,11,20.8,91,91,1.0,100.0,2020-09-08,2020-12-17,True
9371bdf4-cded-45ea-aded-8f6b1f68e0e6,887d1a2b-e5fd-4708-8d1e-e6fff23141e2,2020-08-10,Initial Assessment / SIA,Notification,6,1,5,16.7,65,2,2,0,32.6,72,1740.54,23.46,1717.08,340,4,336,1.3,5,0,0,5,0.0,9,1,8,11.1,34,9,7,2,172,0,172,0.0,396.4,0.0,0.0,5,0,5,17.8,7,15,0,15,17.1,92,92,1.0,100.0,2020-09-08,2020-12-17,True
d5262c61-f0f9-4340-bba4-ed8458ff0533,887d1a2b-e5fd-4708-8d1e-e6fff23141e2,2020-08-21,Initial Assessment / SIA,Notification,6,2,4,33.3,42,2,2,0,37.7,111,1740.54,291.51,1449.03,340,56,284,16.7,5,1,0,4,0.0,9,2,7,22.2,34,8,6,2,172,0,172,0.0,396.4,0.0,0.0,5,0,5,29.1,7,15,2,13,40.1,103,103,1.0,100.0,2020-09-08,2020-12-17,True
1080f19c-dec1-4cc7-a306-9f5e66f5cc3a,887d1a2b-e5fd-4708-8d1e-e6fff23141e2,2020-09-20,Initial Assessment / SIA,Notification,6,2,4,33.3,31,2,2,0,30.5,151,1740.54,0.0,1740.54,340,0,340,0.0,5,1,0,4,0.0,9,3,6,33.3,34,8,4,4,172,0,172,0.0,396.4,10.8,2.7,5,0,5,15.5,7,15,4,11,7.4,133,133,1.0,100.0,2020-09-08,2020-12-17,True
531a3f28-5a2a-45d7-afd3-6c01e97534bd,887d1a2b-e5fd-4708-8d1e-e6fff23141e2,2020-10-13,Notification,Objection / Hearing,6,2,4,33.3,33,2,2,0,31.5,140,1740.54,329.87,1410.67,340,64,276,19.0,5,2,1,3,20.0,9,6,3,66.7,34,5,2,3,172,17,155,9.9,396.4,0.0,0.0,5,1,4,9.3,7,15,2,13,24.1,1,156,1.0,180.0,2020-11-22,2021-05-21,True
2f91c9db-2d98-4d36-9492-c8b38a68032c,887d1a2b-e5fd-4708-8d1e-e6fff23141e2,2021-01-15,Objection / Hearing,Land & Ownership Verification,6,3,3,50.0,62,2,1,1,16.4,89,1740.54,898.01,842.53,340,175,165,51.6,5,3,2,2,40.0,9,6,3,66.7,34,4,0,4,172,44,128,25.6,396.4,56.9,14.4,5,2,3,13.2,7,15,7,8,27.2,29,250,1.0,228.0,2021-01-07,2021-08-23,True
4d5279da-e29e-419e-a31d-ff84dce6531a,887d1a2b-e5fd-4708-8d1e-e6fff23141e2,2021-03-14,Objection / Hearing,Land & Ownership Verification,6,5,1,83.3,38,2,2,0,22.1,145,1740.54,1256.06,484.48,340,245,95,72.2,5,2,1,3,20.0,9,8,1,88.9,34,3,0,3,172,90,82,52.3,396.4,131.8,33.2,5,3,2,17.7,7,15,8,7,40.3,87,308,1.0,228.0,2021-01-07,2021-08-23,True
9402df9c-e59d-4c18-b136-d9230701114e,887d1a2b-e5fd-4708-8d1e-e6fff23141e2,2021-05-18,Objection / Hearing,Land & Ownership Verification,6,5,1,83.3,81,2,1,1,9.3,138,1740.54,1146.51,594.03,340,223,117,65.9,5,3,1,2,20.0,9,9,0,100.0,34,1,0,1,172,90,82,52.3,396.4,303.0,76.4,5,3,2,21.4,7,15,10,5,43.0,152,373,1.0,228.0,2021-01-07,2021-08-23,True
c32ef594-431a-45f7-b108-cc2ed7b453b3,787631a4-71b0-4c35-a75e-d0459d115b7e,2020-08-27,Objection / Hearing,Land & Ownership Verification,11,4,7,36.4,69,6,6,0,44.5,60,728.19,51.6,676.59,1161,82,1079,7.1,9,1,0,8,0.0,4,1,3,25.0,8,1,1,0,328,0,328,0.0,499.2,7.8,1.6,17,5,12,6.2,5,4,0,4,15.3,34,169,0.0,18.0,2020-10-16,2020-11-03,True
e79d637f-b19b-45ce-a121-c85504a24311,787631a4-71b0-4c35-a75e-d0459d115b7e,2020-10-04,Land & Ownership Verification,Award / Valuation,11,4,7,36.4,21,6,5,1,37.1,168,728.19,152.51,575.68,1161,243,918,20.9,9,4,2,5,22.2,4,1,3,25.0,8,1,1,0,328,27,301,8.2,499.2,5.1,1.0,17,6,11,18.7,5,4,1,3,16.5,35,207,0.0,21.0,2021-01-09,2021-01-30,True
5b7502cd-0383-4ce5-8dd7-50f4e5bf81ad,787631a4-71b0-4c35-a75e-d0459d115b7e,2020-10-11,Land & Ownership Verification,Award / Valuation,11,4,7,36.4,82,6,4,2,28.5,19,728.19,150.63,577.56,1161,240,921,20.7,9,3,1,6,11.1,4,2,2,50.0,8,0,0,0,328,23,305,7.0,499.2,37.6,7.5,17,7,10,7.5,5,4,1,3,21.6,42,214,0.0,21.0,2021-01-09,2021-01-30,True
960690ef-99db-4afe-897d-37b8270bc7c1,787631a4-71b0-4c35-a75e-d0459d115b7e,2020-12-17,Award / Valuation,Compensation Disbursement,11,8,3,72.7,74,6,5,1,34.2,109,728.19,175.92,552.27,1161,280,881,24.2,9,4,2,5,22.2,4,3,1,75.0,8,0,0,0,328,70,258,21.3,499.2,50.4,10.1,17,10,7,11.7,5,4,1,3,17.4,44,281,1.0,37.0,2021-02-17,2021-03-26,True
414d096a-a78b-4b80-92b7-3abca3e0ea62,787631a4-71b0-4c35-a75e-d0459d115b7e,2021-03-21,Compensation Disbursement,Rehabilitation & Resettlement,11,9,2,81.8,17,6,3,3,22.4,69,728.19,401.19,327.0,1161,639,522,55.1,9,8,5,1,55.6,4,3,1,75.0,8,1,0,1,328,173,155,52.7,499.2,192.0,38.5,17,11,6,18.8,5,4,2,2,10.6,50,375,1.0,37.0,2021-04-02,2021-05-09,True
a4467051-b75f-442f-91a7-27ce13a8091d,787631a4-71b0-4c35-a75e-d0459d115b7e,2021-05-24,Possession,Acquisition Completion,11,11,0,100.0,0,6,2,4,8.8,102,728.19,575.89,152.3,1161,918,243,79.1,9,6,3,3,33.3,4,3,1,75.0,8,0,0,0,328,240,88,73.2,499.2,275.9,55.3,17,11,6,15.0,5,4,3,1,10.1,15,439,1.0,62.0,2021-07-12,2021-09-12,True
474cb3e0-48a0-44ab-b898-20e83892d4d1,787631a4-71b0-4c35-a75e-d0459d115b7e,2021-06-23,Possession,Acquisition Completion,11,11,0,100.0,0,6,2,4,12.4,79,728.19,596.65,131.54,1161,951,210,81.9,9,8,5,1,55.6,4,3,1,75.0,8,0,0,0,328,283,45,86.3,499.2,349.3,70.0,17,14,3,12.3,5,4,3,1,13.9,45,469,1.0,62.0,2021-07-12,2021-09-12,True
0cac76ba-7b21-4c6d-85eb-3c7825733511,787631a4-71b0-4c35-a75e-d0459d115b7e,2021-08-04,Acquisition Completion,,11,10,1,90.9,74,6,2,4,9.8,107,728.19,723.67,4.52,1161,1153,8,99.4,9,8,4,1,44.4,4,4,0,100.0,8,0,0,0,328,289,39,88.1,499.2,448.1,89.8,17,14,3,5.5,5,4,3,1,31.0,3,511,,,,,True
31adaf18-cc14-46b8-85b9-57254a791fa5,c53ba879-aa6f-4734-9ce8-883a3e5d5827,2023-04-18,Initial Assessment / SIA,Notification,4,0,4,0.0,47,0,0,0,8.6,0,438.1,36.79,401.31,773,64,709,8.4,19,0,0,19,0.0,2,0,2,0.0,99,29,27,2,380,21,359,5.5,97.2,0.0,0.0,13,0,13,8.0,5,3,0,3,32.3,15,15,1.0,89.0,2023-07-26,2023-10-23,True
56ef8f3e-efd7-4c1e-ae3b-10035e9c345d,c53ba879-aa6f-4734-9ce8-883a3e5d5827,2023-06-27,Notification,Objection / Hearing,4,1,3,25.0,57,0,0,0,8.2,0,438.1,0.0,438.1,773,0,773,0.0,19,5,3,14,15.8,2,0,2,0.0,99,30,18,12,380,0,380,0.0,97.2,6.4,6.6,13,1,12,16.2,5,3,0,3,31.1,39,85,1.0,133.0,2023-11-03,2024-03-15,True
c5e9bd21-73df-4eb4-ac20-0513a8d620de,c53ba879-aa6f-4734-9ce8-883a3e5d5827,2023-11-10,Objection / Hearing,Land & Ownership Verification,4,2,2,50.0,19,0,0,0,4.8,0,438.1,172.58,265.52,773,304,469,39.4,19,12,9,7,47.4,2,1,1,50.0,99,17,0,17,380,153,227,40.3,97.2,37.7,38.8,13,7,6,3.8,5,3,1,2,11.6,18,221,1.0,155.0,2023-12-05,2024-05-08,True
3a8c732c-0489-477f-b890-e101ba2e6c70,c53ba879-aa6f-4734-9ce8-883a3e5d5827,2023-12-26,Objection / Hearing,Land & Ownership Verification,4,3,1,75.0,60,0,0,0,4.8,0,438.1,276.35,161.75,773,487,286,63.1,19,15,9,4,47.4,2,1,1,50.0,99,6,0,6,380,179,201,47.1,97.2,37.2,38.3,13,8,5,21.2,5,3,1,2,39.9,64,267,1.0,155.0,2023-12-05,2024-05-08,True
fc2a49c4-9b63-44f1-ba52-a057f92590e4,c53ba879-aa6f-4734-9ce8-883a3e5d5827,2024-04-01,Land & Ownership Verification,Award / Valuation,4,3,1,75.0,27,0,0,0,1.8,0,438.1,408.24,29.86,773,720,53,93.2,19,19,12,0,63.2,2,2,0,100.0,99,9,0,9,380,282,98,74.2,97.2,96.7,99.5,13,11,2,15.3,5,3,2,1,35.0,17,364,,,,,True
9ab6b439-1e70-4ce2-9362-269cdb24c91d,ef950ccc-61e0-4943-a8f7-1f1a58df254b,2021-11-18,Initial Assessment / SIA,Notification,6,0,6,0.0,51,12,11,1,14.2,113,496.08,0.0,496.08,84,0,84,0.0,8,0,0,8,0.0,6,0,6,0.0,11,1,1,0,15,0,15,0.0,158.6,0.0,0.0,23,3,20,3.8,2,12,0,12,39.4,74,74,0.0,25.0,2022-01-17,2022-02-11,True
cc7a5f07-822a-4749-abec-a511f21376ba,ef950ccc-61e0-4943-a8f7-1f1a58df254b,2021-12-15,Notification,Objection / Hearing,6,0,6,0.0,74,12,12,0,14.7,174,496.08,0.0,496.08,84,0,84,0.0,8,0,0,8,0.0,6,0,6,0.0,11,2,2,0,15,0,15,0.0,158.6,10.0,6.3,23,2,21,9.1,2,12,0,12,8.0,16,101,1.0,46.0,2022-04-09,2022-05-25,True
0d20200f-6d70-4977-8c2d-608f4f6b3b46,ef950ccc-61e0-4943-a8f7-1f1a58df254b,2022-02-28,Objection / Hearing,Land & Ownership Verification,6,1,5,16.7,74,12,10,2,12.4,73,496.08,0.0,496.08,84,0,84,0.0,8,0,0,8,0.0,6,0,6,0.0,11,3,3,0,15,0,15,0.0,158.6,1.2,0.8,23,4,19,15.6,2,12,0,12,32.4,17,176,1.0,78.0,2022-06-26,2022-09-12,True
7c3fe233-01a0-4657-99b5-41d6bb55a3a4,ef950ccc-61e0-4943-a8f7-1f1a58df254b,2022-03-03,Objection / Hearing,Land & Ownership Verification,6,1,5,16.7,30,12,10,2,12.3,51,496.08,17.49,478.59,84,2,82,3.5,8,1,0,7,0.0,6,1,5,16.7,11,3,3,0,15,0,15,0.0,158.6,13.9,8.8,23,0,23,15.1,2,12,1,11,34.9,20,179,1.0,78.0,2022-06-26,2022-09-12,True
258e3b45-1e3c-4c9a-96dc-74f595fba008,ef950ccc-61e0-4943-a8f7-1f1a58df254b,2022-05-05,Objection / Hearing,Land & Ownership Verification,6,1,5,16.7,78,12,8,4,10.2,157,496.08,63.14,432.94,84,10,74,12.7,8,0,0,8,0.0,6,1,5,16.7,11,2,2,0,15,0,15,0.0,158.6,21.8,13.7,23,3,20,11.6,2,12,2,10,26.9,83,242,1.0,78.0,2022-06-26,2022-09-12,True
41c65ac1-1051-40e3-a887-cd4cc516bcd7,ef950ccc-61e0-4943-a8f7-1f1a58df254b,2022-09-07,Land & Ownership Verification,Award / Valuation,6,2,4,33.3,23,12,7,5,8.3,86,496.08,105.17,390.91,84,17,67,21.2,8,3,2,5,25.0,6,3,3,50.0,11,3,2,1,15,0,15,0.0,158.6,12.5,7.9,23,7,16,11.6,2,12,4,8,43.8,105,367,1.0,96.0,2022-10-04,2023-01-08,True
6c57f809-f7b6-4dae-92c3-d76256c374f3,ef950ccc-61e0-4943-a8f7-1f1a58df254b,2022-10-11,Award / Valuation,Compensation Disbursement,6,3,3,50.0,76,12,9,3,11.4,156,496.08,137.66,358.42,84,23,61,27.7,8,3,1,5,12.5,6,3,3,50.0,11,2,1,1,15,2,13,13.3,158.6,14.2,9.0,23,5,18,4.3,2,12,4,8,20.9,29,401,1.0,158.0,2023-01-19,2023-06-26,True
84301074-2b6f-4edc-8892-1581cc490c8a,ef950ccc-61e0-4943-a8f7-1f1a58df254b,2023-06-10,Compensation Disbursement,Rehabilitation & Resettlement,6,5,1,83.3,75,12,7,5,9.2,55,496.08,305.74,190.34,84,51,33,61.6,8,5,2,3,25.0,6,5,1,83.3,11,1,1,0,15,5,10,33.3,158.6,40.3,25.4,23,16,7,27.0,2,12,5,7,28.9,153,643,1.0,218.0,2023-03-20,2023-10-24,True
d3a51aca-c26c-4b10-ba3d-6aa9ab88632e,ef950ccc-61e0-4943-a8f7-1f1a58df254b,2024-03-03,Acquisition Completion,,6,5,1,83.3,60,12,5,7,6.2,178,496.08,431.81,64.27,84,73,11,87.0,8,7,4,1,50.0,6,5,1,83.3,11,0,0,0,15,10,5,66.7,158.6,107.6,67.8,23,22,1,8.5,2,12,8,4,43.4,53,910,,,,,True
9661c587-a102-4e8e-a7e9-ba56c2c72948,ef950ccc-61e0-4943-a8f7-1f1a58df254b,2024-05-26,Acquisition Completion,,6,5,1,83.3,44,12,5,7,5.8,152,496.08,419.66,76.42,84,71,13,84.6,8,7,5,1,62.5,6,6,0,100.0,11,0,0,0,15,13,2,86.7,158.6,115.0,72.5,23,19,4,7.9,2,12,9,3,10.8,137,994,,,,,True
462e245e-90be-4e59-9810-83d4970952ae,062d2f98-6f62-44eb-92ff-900d1d8d834c,2021-06-10,Objection / Hearing,Land & Ownership Verification,6,1,5,16.7,28,12,9,3,3.5,94,84.01,0.0,84.01,1574,0,1574,0.0,22,4,2,18,9.1,7,0,7,0.0,17,4,2,2,1046,0,1046,0.0,49.6,3.6,7.3,10,1,9,27.7,3,11,2,9,33.3,3,138,0.0,0.0,2021-08-30,2021-08-27,True
6c6cec29-e8e7-427a-a08e-b13571711be6,062d2f98-6f62-44eb-92ff-900d1d8d834c,2021-09-04,Award / Valuation,Compensation Disbursement,6,3,3,50.0,25,12,8,4,3.2,134,84.01,23.02,60.99,1574,431,1143,27.4,22,9,5,13,22.7,7,3,4,42.9,17,3,1,2,1046,29,1017,2.8,49.6,0.0,0.0,10,3,7,8.0,3,11,3,8,29.3,8,224,0.0,8.0,2022-02-02,2022-02-10,True
a91448f5-14f2-4dcf-95df-705d97607f0a,062d2f98-6f62-44eb-92ff-900d1d8d834c,2021-10-30,Award / Valuation,Compensation Disbursement,6,3,3,50.0,20,12,7,5,2.7,54,84.01,28.56,55.45,1574,535,1039,34.0,22,13,8,9,36.4,7,4,3,57.1,17,2,1,1,1046,240,806,22.9,49.6,0.0,0.0,10,5,5,27.9,3,11,4,7,42.2,64,280,0.0,8.0,2022-02-02,2022-02-10,True
1c5ee1fb-db66-4f87-b932-c024f266b59f,062d2f98-6f62-44eb-92ff-900d1d8d834c,2021-11-01,Award / Valuation,Compensation Disbursement,6,3,3,50.0,7,12,8,4,3.3,15,84.01,17.11,66.9,1574,320,1254,20.4,22,8,4,14,18.2,7,3,4,42.9,17,2,1,1,1046,292,754,27.9,49.6,11.8,23.8,10,4,6,25.7,3,11,4,7,28.0,66,282,0.0,8.0,2022-02-02,2022-02-10,True
c48bd83c-ab4b-45f7-9639-da7ac3f0a36d,062d2f98-6f62-44eb-92ff-900d1d8d834c,2022-01-02,Compensation Disbursement,Rehabilitation & Resettlement,6,4,2,66.7,54,12,8,4,2.9,125,84.01,37.94,46.07,1574,710,864,45.2,22,12,7,10,31.8,7,5,2,71.4,17,4,2,2,1046,241,805,23.0,49.6,11.5,23.2,10,5,5,18.2,3,11,6,5,23.3,23,344,0.0,11.0,2022-05-15,2022-05-26,True
c5585c7f-d200-4728-b1f5-c8c807c194b3,062d2f98-6f62-44eb-92ff-900d1d8d834c,2022-08-13,Acquisition Completion,,6,6,0,100.0,0,12,3,9,1.2,55,84.01,69.93,14.08,1574,1310,264,83.2,22,18,11,4,50.0,7,6,1,85.7,17,0,0,0,1046,921,125,88.0,49.6,29.9,60.3,10,8,2,28.7,3,11,8,3,16.7,12,567,,,,,True
6e7018fa-80e9-4c30-b800-5d97d9292de7,27f72632-eb3d-44f3-8fd1-10f8d4806ebb,2021-09-21,Initial Assessment / SIA,Notification,13,2,11,15.4,20,3,3,0,36.9,112,527.61,38.54,489.07,1487,108,1379,7.3,13,0,0,13,0.0,4,0,4,0.0,75,7,7,0,891,18,873,2.0,370.5,0.7,0.2,15,1,14,26.5,5,15,0,15,22.3,25,25,1.0,84.0,2022-03-27,2022-06-19,True
f4477941-986a-4a37-8db7-bfc5ae5ad906,27f72632-eb3d-44f3-8fd1-10f8d4806ebb,2022-07-11,Objection / Hearing,Land & Ownership Verification,13,4,9,30.8,8,3,3,0,28.1,55,527.61,68.07,459.54,1487,191,1296,12.9,13,3,2,10,15.4,4,1,3,25.0,75,16,5,11,891,82,809,9.2,370.5,0.0,0.0,15,5,10,17.0,5,15,4,11,43.9,22,318,1.0,124.0,2022-07-17,2022-11-18,True
b606a22d-c22a-46db-8d97-8777a62d465e,27f72632-eb3d-44f3-8fd1-10f8d4806ebb,2022-07-12,Objection / Hearing,Land & Ownership Verification,13,4,9,30.8,55,3,3,0,29.6,174,527.61,122.59,405.02,1487,345,1142,23.2,13,4,2,9,15.4,4,1,3,25.0,75,11,2,9,891,50,841,5.6,370.5,0.0,0.0,15,5,10,11.0,5,15,5,10,16.3,23,319,1.0,124.0,2022-07-17,2022-11-18,True
e0bac28d-d346-46b6-8778-4a5bd93f40cd,27f72632-eb3d-44f3-8fd1-10f8d4806ebb,2023-08-19,Rehabilitation & Resettlement,Possession,13,12,1,92.3,22,3,2,1,19.0,111,527.61,343.91,183.7,1487,969,518,65.2,13,11,6,2,46.2,4,4,0,100.0,75,6,0,6,891,516,375,57.9,370.5,139.5,37.7,15,10,5,12.8,5,15,6,9,11.7,81,722,1.0,225.0,2023-05-24,2024-01-04,True
fae22ece-da42-4daa-ac23-5afe59522ecc,27f72632-eb3d-44f3-8fd1-10f8d4806ebb,2023-12-06,Possession,Acquisition Completion,13,13,0,100.0,0,3,1,2,10.8,12,527.61,416.37,111.24,1487,1173,314,78.9,13,10,6,3,46.2,4,4,0,100.0,75,9,0,9,891,604,287,67.8,370.5,173.3,46.8,15,11,4,27.6,5,15,8,7,32.1,33,831,1.0,298.0,2023-09-08,2024-07-02,True
27e38cfe-b12c-482c-9614-b1d6bbf2bc7c,27f72632-eb3d-44f3-8fd1-10f8d4806ebb,2024-03-19,Acquisition Completion,,13,13,0,100.0,0,3,1,2,11.4,154,527.61,454.63,72.98,1487,1281,206,86.2,13,13,9,0,69.2,4,4,0,100.0,75,2,0,2,891,688,203,77.2,370.5,306.7,82.8,15,14,1,14.1,5,15,12,3,40.6,75,935,,,,,True
2010ff5b-549f-4c12-9a7f-6b91ee4ff567,27f72632-eb3d-44f3-8fd1-10f8d4806ebb,2024-05-11,Acquisition Completion,,13,13,0,100.0,0,3,1,2,6.6,156,527.61,515.84,11.77,1487,1453,34,97.8,13,13,8,0,61.5,4,4,0,100.0,75,5,0,5,891,776,115,87.1,370.5,315.8,85.2,15,14,1,8.7,5,15,13,2,31.9,128,988,,,,,True
f8e601c1-53d1-4ca0-88fb-1710a4618aeb,27f72632-eb3d-44f3-8fd1-10f8d4806ebb,2024-05-19,Acquisition Completion,,13,12,1,92.3,19,3,1,2,6.9,80,527.61,527.61,0.0,1487,1487,0,100.0,13,13,11,0,84.6,4,4,0,100.0,75,2,0,2,891,797,94,89.5,370.5,281.2,75.9,15,14,1,9.8,5,15,13,2,26.8,136,996,,,,,True
a043144e-bfe3-4c0f-a13a-95e783905275,eb7bc866-c926-4a42-9aee-11e00ba67e85,2020-12-16,Initial Assessment / SIA,Notification,4,0,4,0.0,74,12,12,0,36.1,26,1430.81,0.0,1430.81,621,0,621,0.0,11,1,0,10,0.0,6,0,6,0.0,78,17,15,2,476,29,447,6.1,366.3,0.0,0.0,17,0,17,21.3,2,3,0,3,13.6,35,35,0.0,0.0,2021-03-22,2021-03-09,True
0b77c775-54c7-4b3b-b87c-f633a967c33f,eb7bc866-c926-4a42-9aee-11e00ba67e85,2021-01-01,Notification,Objection / Hearing,4,0,4,0.0,77,12,12,0,35.9,14,1430.81,39.72,1391.09,621,17,604,2.8,11,0,0,11,0.0,6,0,6,0.0,78,6,3,3,476,0,476,0.0,366.3,0.0,0.0,17,0,17,16.2,2,3,0,3,43.1,0,51,0.0,2.0,2021-07-12,2021-07-14,True
de454b41-7a92-4f59-ae1a-17f9519e9bed,eb7bc866-c926-4a42-9aee-11e00ba67e85,2021-01-27,Notification,Objection / Hearing,4,0,4,0.0,25,12,12,0,35.8,24,1430.81,0.0,1430.81,621,0,621,0.0,11,1,0,10,0.0,6,1,5,16.7,78,21,13,8,476,0,476,0.0,366.3,16.9,4.6,17,2,15,16.5,2,3,0,3,40.6,26,77,0.0,2.0,2021-07-12,2021-07-14,True
6803be1e-6937-4d3b-9764-7c55d89d2a40,eb7bc866-c926-4a42-9aee-11e00ba67e85,2021-06-29,Objection / Hearing,Land & Ownership Verification,4,1,3,25.0,31,12,10,2,27.8,162,1430.81,422.44,1008.37,621,183,438,29.5,11,2,1,9,9.1,6,2,4,33.3,78,16,10,6,476,57,419,12.0,366.3,3.7,1.0,17,4,13,18.8,2,3,0,3,41.1,112,230,0.0,16.0,2021-11-04,2021-11-20,True
39ea3d85-dcda-4f94-8d9f-3ec886727e13,eb7bc866-c926-4a42-9aee-11e00ba67e85,2021-08-15,Land & Ownership Verification,Award / Valuation,4,2,2,50.0,23,12,8,4,23.7,11,1430.81,369.48,1061.33,621,160,461,25.8,11,6,3,5,27.3,6,3,3,50.0,78,17,6,11,476,99,377,20.8,366.3,21.8,6.0,17,8,9,26.4,2,3,0,3,25.9,32,277,0.0,18.0,2021-12-06,2021-12-24,True
ac10d220-0e2b-452c-9f56-ca106d6f8df4,eb7bc866-c926-4a42-9aee-11e00ba67e85,2022-02-09,Compensation Disbursement,Rehabilitation & Resettlement,4,3,1,75.0,37,12,6,6,16.4,103,1430.81,861.52,569.29,621,373,248,60.2,11,8,4,3,36.4,6,5,1,83.3,78,6,0,6,476,264,212,55.5,366.3,139.0,37.9,17,13,4,26.6,2,3,1,2,18.9,47,455,0.0,29.0,2022-03-12,2022-04-10,True
28f563cc-7ab0-4354-ae47-3ff1dae7bbff,eb7bc866-c926-4a42-9aee-11e00ba67e85,2022-04-26,Possession,Acquisition Completion,4,3,1,75.0,32,12,7,5,19.0,148,1430.81,1281.57,149.24,621,556,65,89.6,11,10,6,1,54.5,6,6,0,100.0,78,4,0,4,476,279,197,58.6,366.3,237.9,64.9,17,12,5,26.7,2,3,1,2,5.4,16,531,0.0,18.0,2022-08-30,2022-09-17,True
8553a776-12df-4c68-a15e-41769f682928,eb7bc866-c926-4a42-9aee-11e00ba67e85,2022-05-14,Possession,Acquisition Completion,4,4,0,100.0,0,12,4,8,9.6,80,1430.81,1084.22,346.59,621,470,151,75.8,11,10,7,1,63.6,6,5,1,83.3,78,4,0,4,476,332,144,69.7,366.3,249.9,68.2,17,14,3,22.8,2,3,1,2,22.7,34,549,0.0,18.0,2022-08-30,2022-09-17,True
7ecfd889-ae3f-434d-bda0-dc19f39b085f,eb7bc866-c926-4a42-9aee-11e00ba67e85,2022-09-08,Acquisition Completion,,4,3,1,75.0,65,12,3,9,7.5,124,1430.81,1430.81,0.0,621,621,0,100.0,11,11,7,0,63.6,6,5,1,83.3,78,2,0,2,476,476,0,100.0,366.3,350.7,95.7,17,15,2,6.3,2,3,2,1,14.5,89,666,,,,,True
0d0c8b06-487c-4f31-8896-dc68da6e1cb6,23fdd673-7375-46d2-998d-5a0e0b324895,2022-06-14,Initial Assessment / SIA,Notification,4,0,4,0.0,23,11,11,0,46.6,27,1617.01,183.24,1433.77,1447,163,1284,11.3,18,2,1,16,5.6,2,0,2,0.0,10,2,2,0,164,0,164,0.0,474.8,0.0,0.0,6,0,6,19.7,7,8,0,8,12.0,26,26,0.0,0.0,2022-09-12,2022-09-06,True
eb8085ed-8ae0-4f7f-9044-e598d08ae534,23fdd673-7375-46d2-998d-5a0e0b324895,2022-12-04,Land & Ownership Verification,Award / Valuation,4,1,3,25.0,68,11,9,2,38.3,151,1617.01,12.13,1604.88,1447,10,1437,0.8,18,4,2,14,11.1,2,0,2,0.0,10,2,2,0,164,16,148,9.8,474.8,0.0,0.0,6,1,5,9.5,7,8,2,6,44.7,8,199,0.0,15.0,2023-07-03,2023-07-18,True
425408a1-63ad-456e-9277-ca80b081ad93,23fdd673-7375-46d2-998d-5a0e0b324895,2023-02-15,Land & Ownership Verification,Award / Valuation,4,1,3,25.0,40,11,8,3,32.0,99,1617.01,401.26,1215.75,1447,359,1088,24.8,18,7,4,11,22.2,2,1,1,50.0,10,1,1,0,164,16,148,9.8,474.8,82.9,17.5,6,2,4,28.7,7,8,3,5,25.0,81,272,0.0,15.0,2023-07-03,2023-07-18,True
3dbea1cc-5234-41ab-9667-707faa5b0551,23fdd673-7375-46d2-998d-5a0e0b324895,2023-05-30,Award / Valuation,Compensation Disbursement,4,2,2,50.0,48,11,7,4,26.0,60,1617.01,464.21,1152.8,1447,415,1032,28.7,18,11,7,7,38.9,2,1,1,50.0,10,0,0,0,164,44,120,26.8,474.8,33.1,7.0,6,3,3,22.5,7,8,3,5,30.0,63,376,0.0,29.0,2023-09-22,2023-10-21,True
e59ce206-fde7-49c4-8eee-995ca5774998,23fdd673-7375-46d2-998d-5a0e0b324895,2023-06-17,Award / Valuation,Compensation Disbursement,4,2,2,50.0,39,11,6,5,24.0,76,1617.01,677.61,939.4,1447,606,841,41.9,18,8,5,10,27.8,2,1,1,50.0,10,1,1,0,164,55,109,33.5,474.8,45.5,9.6,6,2,4,25.2,7,8,4,4,6.2,81,394,0.0,29.0,2023-09-22,2023-10-21,True
a28027b1-1eaa-477d-875c-e6f1079381ac,23fdd673-7375-46d2-998d-5a0e0b324895,2023-11-09,Rehabilitation & Resettlement,Possession,4,3,1,75.0,43,11,5,6,17.9,109,1617.01,912.05,704.96,1447,816,631,56.4,18,13,9,5,50.0,2,1,1,50.0,10,0,0,0,164,86,78,52.4,474.8,190.9,40.2,6,4,2,27.0,7,8,5,3,8.6,19,539,1.0,66.0,2024-01-02,2024-03-08,True
39aa23a3-df5f-4c50-a56a-b855ed51e7ba,23fdd673-7375-46d2-998d-5a0e0b324895,2024-02-05,Possession,Acquisition Completion,4,4,0,100.0,0,11,4,7,16.2,124,1617.01,1285.0,332.01,1447,1149,298,79.5,18,15,11,3,61.1,2,1,1,50.0,10,0,0,0,164,119,45,72.6,474.8,241.5,50.9,6,5,1,5.4,7,8,4,4,13.2,50,627,1.0,93.0,2024-04-07,2024-07-09,True
01849e88-2879-4c7f-a56a-47040f595b06,23fdd673-7375-46d2-998d-5a0e0b324895,2024-02-14,Possession,Acquisition Completion,4,3,1,75.0,23,11,5,6,17.3,63,1617.01,1220.95,396.06,1447,1092,355,75.5,18,16,9,2,50.0,2,2,0,100.0,10,0,0,0,164,124,40,75.6,474.8,257.5,54.2,6,5,1,3.8,7,8,5,3,29.5,59,636,1.0,93.0,2024-04-07,2024-07-09,True
e1ba7868-4581-4e20-9c2d-592dac7e1dd3,23fdd673-7375-46d2-998d-5a0e0b324895,2024-03-11,Acquisition Completion,,4,4,0,100.0,0,11,3,8,12.5,114,1617.01,1223.95,393.06,1447,1095,352,75.7,18,17,13,1,72.2,2,1,1,50.0,10,0,0,0,164,125,39,76.2,474.8,297.9,62.7,6,5,1,19.3,7,8,5,3,24.2,3,662,,,,,True
cc0e0fd1-08ad-40dc-91ab-49b4b56a7080,439fb7f7-78e7-4cc5-8fa1-1a1e6ede9f1e,2022-07-07,Notification,Objection / Hearing,13,1,12,7.7,23,19,18,1,10.4,115,200.83,29.95,170.88,123,18,105,14.9,28,2,1,26,3.6,5,1,4,20.0,34,10,9,1,121,0,121,0.0,111.2,3.2,2.9,22,4,18,17.8,6,18,2,16,34.7,53,129,1.0,95.0,2022-11-09,2023-02-12,True
bb43f9e1-b272-4240-9bb2-b12a096116b5,439fb7f7-78e7-4cc5-8fa1-1a1e6ede9f1e,2022-10-16,Notification,Objection / Hearing,13,5,8,38.5,36,19,15,4,8.3,60,200.83,0.0,200.83,123,0,123,0.0,28,6,3,22,10.7,5,2,3,40.0,34,3,3,0,121,0,121,0.0,111.2,6.6,5.9,22,7,15,26.3,6,18,6,12,21.9,154,230,1.0,95.0,2022-11-09,2023-02-12,True
dd84143d-4371-4b30-8988-f9eaa7977d78,439fb7f7-78e7-4cc5-8fa1-1a1e6ede9f1e,2022-10-25,Notification,Objection / Hearing,13,5,8,38.5,25,19,14,5,8.1,118,200.83,6.01,194.82,123,3,120,3.0,28,5,3,23,10.7,5,1,4,20.0,34,8,5,3,121,0,121,0.0,111.2,8.9,8.0,22,5,17,17.0,6,18,3,15,19.2,163,239,1.0,95.0,2022-11-09,2023-02-12,True
9c90779a-890c-4ea4-b19a-8e7ff26e2df2,439fb7f7-78e7-4cc5-8fa1-1a1e6ede9f1e,2023-05-12,Award / Valuation,Compensation Disbursement,13,9,4,69.2,73,19,9,10,5.1,147,200.83,78.32,122.51,123,47,76,39.0,28,17,13,11,46.4,5,3,2,60.0,34,6,2,4,121,26,95,21.5,111.2,0.0,0.0,22,8,14,6.2,6,18,8,10,31.1,14,438,1.0,152.0,2023-06-08,2023-11-07,True
34d53a03-68bd-4d8d-b035-094ff0bd6e41,439fb7f7-78e7-4cc5-8fa1-1a1e6ede9f1e,2023-08-11,Compensation Disbursement,Rehabilitation & Resettlement,13,11,2,84.6,86,19,10,9,5.8,95,200.83,111.31,89.52,123,68,55,55.4,28,19,15,9,53.6,5,3,2,60.0,34,3,1,2,121,57,64,47.1,111.2,1.8,1.6,22,13,9,23.9,6,18,5,13,35.0,37,529,1.0,178.0,2023-08-11,2024-02-05,True
cfa811c6-28f0-4ef3-877a-919c43ff9e88,439fb7f7-78e7-4cc5-8fa1-1a1e6ede9f1e,2023-09-29,Compensation Disbursement,Rehabilitation & Resettlement,13,10,3,76.9,57,19,9,10,5.1,30,200.83,103.98,96.85,123,63,60,51.8,28,18,12,10,42.9,5,4,1,80.0,34,2,0,2,121,63,58,52.1,111.2,35.7,32.1,22,15,7,16.4,6,18,9,9,31.8,86,578,1.0,178.0,2023-08-11,2024-02-05,True
38b946e3-92ea-4522-8e16-b2d2d4c85597,439fb7f7-78e7-4cc5-8fa1-1a1e6ede9f1e,2023-12-04,Rehabilitation & Resettlement,Possession,13,12,1,92.3,89,19,8,11,4.6,144,200.83,115.06,85.77,123,70,53,57.3,28,24,16,4,57.1,5,5,0,100.0,34,3,0,3,121,92,29,76.0,111.2,44.8,40.3,22,16,6,25.1,6,18,12,6,20.4,27,644,1.0,208.0,2023-11-26,2024-06-21,True
62b35539-292d-4a7c-952b-e169f0b83120,439fb7f7-78e7-4cc5-8fa1-1a1e6ede9f1e,2024-03-30,Possession,Acquisition Completion,13,13,0,100.0,0,19,9,10,4.7,11,200.83,173.44,27.39,123,106,17,86.4,28,28,23,0,82.1,5,4,1,80.0,34,1,0,1,121,98,23,81.0,111.2,77.3,69.5,22,17,5,28.2,6,18,13,5,43.2,54,761,1.0,211.0,2023-12-26,2024-07-24,True
546e635c-1073-4778-9c2d-e94ccf6c8352,439fb7f7-78e7-4cc5-8fa1-1a1e6ede9f1e,2024-04-24,Possession,Acquisition Completion,13,12,1,92.3,83,19,3,16,1.7,30,200.83,172.01,28.82,123,105,18,85.6,28,28,20,0,71.4,5,5,0,100.0,34,0,0,0,121,99,22,81.8,111.2,71.1,63.9,22,17,5,12.4,6,18,12,6,8.4,79,786,1.0,211.0,2023-12-26,2024-07-24,True
c08c392d-4102-4bc9-9de7-13ac2c55674f,439fb7f7-78e7-4cc5-8fa1-1a1e6ede9f1e,2024-07-12,Acquisition Completion,,13,13,0,100.0,0,19,4,15,1.9,141,200.83,177.5,23.33,123,108,15,88.4,28,28,17,0,60.7,5,4,1,80.0,34,1,0,1,121,121,0,100.0,111.2,98.0,88.1,22,18,4,7.0,6,18,15,3,8.0,21,865,,,,,True
c512c55b-fe8d-4afb-9372-6cdd6ae20867,49a23ad8-3d7c-43b9-99ae-6cf1e957a2c8,2022-10-06,Objection / Hearing,Land & Ownership Verification,10,4,6,40.0,43,11,9,2,21.1,49,715.34,94.71,620.63,413,54,359,13.2,18,7,3,11,16.7,2,0,2,0.0,14,3,2,1,282,0,282,0.0,269.6,0.0,0.0,8,2,6,27.8,2,8,1,7,20.6,144,300,1.0,198.0,2022-08-19,2023-03-05,True
d879938b-0893-42ca-8227-d8d779448f21,49a23ad8-3d7c-43b9-99ae-6cf1e957a2c8,2023-05-12,Award / Valuation,Compensation Disbursement,10,7,3,70.0,60,11,7,4,15.1,52,715.34,325.65,389.69,413,188,225,45.5,18,12,8,6,44.4,2,1,1,50.0,14,3,1,2,282,80,202,28.4,269.6,48.0,17.8,8,3,5,22.9,2,8,3,5,20.3,68,518,1.0,314.0,2023-01-24,2023-12-04,True
81cdd817-6100-4769-b7bb-3a756532aa70,49a23ad8-3d7c-43b9-99ae-6cf1e957a2c8,2023-06-22,Award / Valuation,Compensation Disbursement,10,7,3,70.0,44,11,6,5,14.0,62,715.34,333.61,381.73,413,192,221,46.6,18,9,6,9,33.3,2,1,1,50.0,14,1,0,1,282,97,185,34.4,269.6,107.5,39.9,8,3,5,17.8,2,8,4,4,31.8,109,559,1.0,314.0,2023-01-24,2023-12-04,True
f06cdc7d-8059-4342-8a45-c137db483d6e,49a23ad8-3d7c-43b9-99ae-6cf1e957a2c8,2024-03-26,Possession,Acquisition Completion,10,10,0,100.0,0,11,3,8,7.1,134,715.34,626.2,89.14,413,361,52,87.5,18,14,12,4,66.7,2,2,0,100.0,14,1,0,1,282,258,24,91.5,269.6,173.9,64.5,8,7,1,22.7,2,8,5,3,27.6,48,837,1.0,363.0,2023-08-05,2024-08-02,True
e4728eeb-230f-4796-81ff-9da1227a2635,49a23ad8-3d7c-43b9-99ae-6cf1e957a2c8,2024-04-16,Possession,Acquisition Completion,10,10,0,100.0,0,11,3,8,5.3,128,715.34,544.69,170.65,413,314,99,76.1,18,16,10,2,55.6,2,2,0,100.0,14,0,0,0,282,228,54,80.9,269.6,192.1,71.3,8,6,2,13.7,2,8,6,2,15.5,69,858,1.0,363.0,2023-08-05,2024-08-02,True
539a6204-df37-4193-9763-f7e4ca389f37,49a23ad8-3d7c-43b9-99ae-6cf1e957a2c8,2024-06-24,Acquisition Completion,,10,9,1,90.0,45,11,3,8,6.1,92,715.34,656.36,58.98,413,378,35,91.8,18,17,10,1,55.6,2,2,0,100.0,14,0,0,0,282,244,38,86.5,269.6,211.6,78.5,8,7,1,19.2,2,8,6,2,36.5,45,927,,,,,True
d5ee194a-76da-4773-aab1-389dc267b167,c7e233ec-12ac-4647-9992-ae0639aec74b,2020-05-20,Initial Assessment / SIA,Notification,11,0,11,0.0,21,9,9,0,44.1,43,942.71,75.13,867.58,1158,92,1066,8.0,12,0,0,12,0.0,7,0,7,0.0,96,25,25,0,672,74,598,11.0,468.7,20.0,4.3,23,0,23,6.5,2,16,0,16,29.4,29,29,0.0,2.0,2020-07-10,2020-07-12,True
ef0d89d1-28e3-4578-8cbe-fe2666b8fecc,c7e233ec-12ac-4647-9992-ae0639aec74b,2020-05-31,Initial Assessment / SIA,Notification,11,1,10,9.1,62,9,8,1,41.0,167,942.71,46.71,896.0,1158,57,1101,5.0,12,0,0,12,0.0,7,0,7,0.0,96,12,12,0,672,63,609,9.4,468.7,0.0,0.0,23,1,22,19.0,2,16,0,16,31.9,40,40,0.0,2.0,2020-07-10,2020-07-12,True
74b1f5e2-03a8-4a50-b892-ec7af3770227,c7e233ec-12ac-4647-9992-ae0639aec74b,2020-07-31,Objection / Hearing,Land & Ownership Verification,11,0,11,0.0,46,9,8,1,37.7,28,942.71,0.0,942.71,1158,0,1158,0.0,12,2,1,10,8.3,7,0,7,0.0,96,22,22,0,672,0,672,0.0,468.7,0.0,0.0,23,4,19,13.0,2,16,2,14,27.0,19,101,0.0,23.0,2020-12-22,2021-01-14,True
272c9daf-d56a-41db-90bc-90f85ea69fc4,c7e233ec-12ac-4647-9992-ae0639aec74b,2020-10-21,Land & Ownership Verification,Award / Valuation,11,2,9,18.2,27,9,8,1,39.1,159,942.71,48.37,894.34,1158,59,1099,5.1,12,3,2,9,16.7,7,2,5,28.6,96,8,4,4,672,0,672,0.0,468.7,4.0,0.9,23,7,16,5.7,2,16,4,12,12.1,10,183,1.0,33.0,2021-04-20,2021-05-23,True
b5c629de-dfd8-43ed-981c-ed292c9f69a7,c7e233ec-12ac-4647-9992-ae0639aec74b,2020-12-21,Land & Ownership Verification,Award / Valuation,11,4,7,36.4,36,9,8,1,37.9,54,942.71,182.22,760.49,1158,223,935,19.3,12,4,2,8,16.7,7,2,5,28.6,96,22,7,15,672,36,636,5.4,468.7,48.9,10.4,23,6,17,7.1,2,16,4,12,20.6,71,244,1.0,33.0,2021-04-20,2021-05-23,True
2cac5c8b-7c60-48b6-9ab6-8ae5e8c8af3d,c7e233ec-12ac-4647-9992-ae0639aec74b,2021-06-01,Compensation Disbursement,Rehabilitation & Resettlement,11,8,3,72.7,17,9,6,3,30.1,142,942.71,449.87,492.84,1158,552,606,47.7,12,7,4,5,33.3,7,6,1,85.7,96,14,6,8,672,207,465,30.8,468.7,81.2,17.3,23,12,11,10.4,2,16,7,9,8.9,9,406,1.0,60.0,2021-08-29,2021-10-28,True
1a93323f-9c5d-4c74-8d20-0afe6ac0c6df,c7e233ec-12ac-4647-9992-ae0639aec74b,2021-09-29,Rehabilitation & Resettlement,Possession,11,9,2,81.8,10,9,5,4,23.6,125,942.71,481.03,461.68,1158,590,568,51.0,12,7,4,5,33.3,7,7,0,100.0,96,5,0,5,672,382,290,56.8,468.7,169.3,36.1,23,17,6,10.8,2,16,10,6,8.0,89,526,1.0,79.0,2021-11-15,2022-02-02,True
42823a91-e932-47c4-b7b4-3340176fbd28,c7e233ec-12ac-4647-9992-ae0639aec74b,2022-01-02,Possession,Acquisition Completion,11,9,2,81.8,42,9,4,5,16.5,147,942.71,789.43,153.28,1158,969,189,83.7,12,11,7,1,58.3,7,7,0,100.0,96,2,0,2,672,465,207,69.2,468.7,355.7,75.9,23,23,0,21.6,2,16,11,5,9.5,66,621,1.0,102.0,2022-02-12,2022-05-25,True
2f6873e7-4c3e-4004-a2e4-12207049022c,c7e233ec-12ac-4647-9992-ae0639aec74b,2022-02-26,Acquisition Completion,,11,10,1,90.9,33,9,2,7,6.6,101,942.71,799.04,143.67,1158,981,177,84.8,12,11,6,1,50.0,7,7,0,100.0,96,3,0,3,672,538,134,80.1,468.7,442.4,94.4,23,21,2,18.4,2,16,11,5,26.1,24,676,,,,,True
c17646e0-4ec1-4615-be52-bdc5fa82a3bc,778e8dbf-09c7-44dd-9c27-3d1b62fca97c,2021-09-22,Notification,Objection / Hearing,6,0,6,0.0,50,9,8,1,24.4,144,1277.84,0.0,1277.84,685,0,685,0.0,29,6,3,23,10.3,2,0,2,0.0,75,7,7,0,421,0,421,0.0,286.3,0.0,0.0,24,0,24,6.5,2,16,2,14,37.8,16,64,0.0,17.0,2021-12-01,2021-12-18,True
3c41c375-82f7-4f17-b182-b29244f4b0c0,778e8dbf-09c7-44dd-9c27-3d1b62fca97c,2021-10-08,Notification,Objection / Hearing,6,0,6,0.0,14,9,9,0,25.5,56,1277.84,37.86,1239.98,685,20,665,3.0,29,6,3,23,10.3,2,0,2,0.0,75,23,16,7,421,53,368,12.6,286.3,0.0,0.0,24,1,23,29.8,2,16,1,15,31.3,32,80,0.0,17.0,2021-12-01,2021-12-18,True
26acf01f-1d0b-4c66-bce8-7098d6f9d3c8,778e8dbf-09c7-44dd-9c27-3d1b62fca97c,2021-10-29,Objection / Hearing,Land & Ownership Verification,6,1,5,16.7,28,9,8,1,22.6,170,1277.84,0.0,1277.84,685,0,685,0.0,29,10,7,19,24.1,2,0,2,0.0,75,12,8,4,421,72,349,17.1,286.3,12.8,4.5,24,2,22,19.5,2,16,3,13,37.4,4,101,0.0,24.0,2022-01-06,2022-01-30,True
be5ccb2f-125c-49f1-916a-788c33ca2b08,778e8dbf-09c7-44dd-9c27-3d1b62fca97c,2021-11-18,Objection / Hearing,Land & Ownership Verification,6,1,5,16.7,36,9,8,1,23.5,78,1277.84,0.0,1277.84,685,0,685,0.0,29,2,1,27,3.4,2,0,2,0.0,75,7,5,2,421,0,421,0.0,286.3,0.0,0.0,24,5,19,25.6,2,16,4,12,6.1,24,121,0.0,24.0,2022-01-06,2022-01-30,True
07be1f8b-3838-40e9-a547-7c8a6482ae99,778e8dbf-09c7-44dd-9c27-3d1b62fca97c,2021-11-22,Objection / Hearing,Land & Ownership Verification,6,2,4,33.3,23,9,9,0,25.5,89,1277.84,196.15,1081.69,685,105,580,15.4,29,9,5,20,17.2,2,0,2,0.0,75,10,7,3,421,0,421,0.0,286.3,0.0,0.0,24,8,16,19.0,2,16,3,13,39.6,28,125,0.0,24.0,2022-01-06,2022-01-30,True
f3d1c6e1-3954-4af4-b03b-1e4988780199,778e8dbf-09c7-44dd-9c27-3d1b62fca97c,2021-11-23,Objection / Hearing,Land & Ownership Verification,6,2,4,33.3,25,9,8,1,23.9,77,1277.84,177.81,1100.03,685,95,590,13.9,29,4,3,25,10.3,2,0,2,0.0,75,16,9,7,421,33,388,7.8,286.3,0.0,0.0,24,1,23,13.6,2,16,2,14,13.4,29,126,0.0,24.0,2022-01-06,2022-01-30,True
490b0ae6-101b-42a4-aee5-c24a6d70e13c,778e8dbf-09c7-44dd-9c27-3d1b62fca97c,2022-04-01,Award / Valuation,Compensation Disbursement,6,4,2,66.7,45,9,7,2,20.6,46,1277.84,528.76,749.08,685,283,402,41.4,29,11,7,18,24.1,2,1,1,50.0,75,9,0,9,421,134,287,31.8,286.3,33.9,11.8,24,14,10,3.3,2,16,6,10,17.6,61,255,0.0,23.0,2022-06-04,2022-06-27,True
c9b33807-1242-4ed1-9731-bd535cab965f,f6d1a001-86d1-45ab-b5a3-566f7ac97298,2022-06-27,Initial Assessment / SIA,Notification,13,0,13,0.0,5,6,6,0,39.5,30,431.71,27.97,403.74,753,48,705,6.5,6,0,0,6,0.0,7,0,7,0.0,57,13,11,2,172,7,165,4.1,395.4,0.0,0.0,21,1,20,18.1,6,7,0,7,44.1,29,29,0.0,24.0,2023-01-03,2023-01-27,True
b1c78e5b-2a91-46cf-bd77-01f24b217d63,f6d1a001-86d1-45ab-b5a3-566f7ac97298,2023-02-05,Objection / Hearing,Land & Ownership Verification,13,4,9,30.8,68,6,4,2,24.4,68,431.71,66.05,365.66,753,115,638,15.3,6,2,1,4,16.7,7,2,5,28.6,57,14,6,8,172,9,163,5.2,395.4,0.0,0.0,21,4,17,23.6,6,7,3,4,24.4,9,252,1.0,31.0,2023-05-01,2023-06-01,True
f8e17fa9-83d2-4ea8-a71b-347c25275866,f6d1a001-86d1-45ab-b5a3-566f7ac97298,2023-03-18,Objection / Hearing,Land & Ownership Verification,13,9,4,69.2,85,6,4,2,26.3,10,431.71,103.02,328.69,753,179,574,23.9,6,1,0,5,0.0,7,3,4,42.9,57,7,2,5,172,7,165,4.1,395.4,24.5,6.2,21,9,12,11.6,6,7,2,5,38.5,50,293,1.0,31.0,2023-05-01,2023-06-01,True
fa66e981-4df5-40ea-bf9e-8039475a096c,f6d1a001-86d1-45ab-b5a3-566f7ac97298,2023-09-02,Compensation Disbursement,Rehabilitation & Resettlement,13,11,2,84.6,79,6,4,2,19.9,27,431.71,212.15,219.56,753,370,383,49.1,6,4,2,2,33.3,7,4,3,57.1,57,10,2,8,172,93,79,54.1,395.4,112.8,28.5,21,13,8,9.8,6,7,3,4,17.8,4,461,1.0,51.0,2023-12-09,2024-01-29,True
7ba7ced3-e02b-474e-8102-43ee926fd7dc,f6d1a001-86d1-45ab-b5a3-566f7ac97298,2023-10-04,Compensation Disbursement,Rehabilitation & Resettlement,13,11,2,84.6,32,6,4,2,21.9,58,431.71,222.82,208.89,753,388,365,51.6,6,4,3,2,50.0,7,6,1,85.7,57,3,0,3,172,86,86,50.0,395.4,147.0,37.2,21,13,8,28.1,6,7,4,3,41.5,36,493,1.0,51.0,2023-12-09,2024-01-29,True
2cddfee3-c212-4618-b0a5-4fb236ccee16,f6d1a001-86d1-45ab-b5a3-566f7ac97298,2023-11-17,Compensation Disbursement,Rehabilitation & Resettlement,13,10,3,76.9,66,6,3,3,17.0,82,431.71,205.51,226.2,753,358,395,47.6,6,4,2,2,33.3,7,6,1,85.7,57,5,0,5,172,101,71,58.7,395.4,154.2,39.0,21,17,4,17.7,6,7,5,2,42.0,80,537,1.0,51.0,2023-12-09,2024-01-29,True
185cbcfc-d51a-4d26-81a0-42131f8ee90a,f6d1a001-86d1-45ab-b5a3-566f7ac97298,2024-03-06,Possession,Acquisition Completion,13,12,1,92.3,18,6,2,4,8.2,108,431.71,395.89,35.82,753,690,63,91.7,6,5,3,1,50.0,7,7,0,100.0,57,2,0,2,172,142,30,82.6,395.4,216.2,54.7,21,18,3,19.3,6,7,4,3,21.7,37,647,1.0,61.0,2024-04-29,2024-06-29,True
74b42b92-b332-4c96-9d87-ce42ceff0ec6,f6d1a001-86d1-45ab-b5a3-566f7ac97298,2024-05-12,Possession,Acquisition Completion,13,11,2,84.6,17,6,2,4,11.9,22,431.71,397.01,34.7,753,692,61,92.0,6,5,3,1,50.0,7,6,1,85.7,57,1,0,1,172,166,6,96.5,395.4,329.8,83.4,21,19,2,3.3,6,7,6,1,43.2,104,714,1.0,61.0,2024-04-29,2024-06-29,True
4af50b33-3014-4912-9e7c-02b731f965cd,08571c09-3110-41a9-9c3f-4738fef990f0,2023-04-15,Initial Assessment / SIA,Notification,7,0,7,0.0,61,12,12,0,15.6,102,500.09,0.0,500.09,1075,0,1075,0.0,24,0,0,24,0.0,2,0,2,0.0,71,14,14,0,793,0,793,0.0,158.4,0.0,0.0,4,0,4,4.3,5,7,0,7,41.8,6,6,1.0,141.0,2023-09-22,2024-02-10,True
e2a24305-f9db-4593-a85f-828e81e44a2e,08571c09-3110-41a9-9c3f-4738fef990f0,2026-01-02,Rehabilitation & Resettlement,Possession,7,6,1,85.7,38,12,7,5,8.4,152,500.09,323.25,176.84,1075,694,381,64.6,24,18,13,6,54.2,2,1,1,50.0,71,7,0,7,793,549,244,69.2,158.4,88.3,55.7,4,3,1,6.6,5,7,3,4,34.4,138,999,1.0,560.0,2025-01-25,2026-08-08,True
ff6715ba-bb4d-427a-ae45-659c41a7e914,08571c09-3110-41a9-9c3f-4738fef990f0,2026-01-06,Rehabilitation & Resettlement,Possession,7,6,1,85.7,59,12,5,7,5.5,87,500.09,328.71,171.38,1075,706,369,65.7,24,20,15,4,62.5,2,2,0,100.0,71,3,0,3,793,420,373,53.0,158.4,91.1,57.5,4,3,1,7.4,5,7,4,3,42.6,142,1003,1.0,560.0,2025-01-25,2026-08-08,True
14e1f0fd-6d4f-46ad-858a-821e9f37e1c6,08571c09-3110-41a9-9c3f-4738fef990f0,2026-03-02,Rehabilitation & Resettlement,Possession,7,6,1,85.7,66,12,5,7,6.6,54,500.09,269.71,230.38,1075,579,496,53.9,24,22,12,2,50.0,2,2,0,100.0,71,7,0,7,793,505,288,63.7,158.4,90.1,56.9,4,3,1,3.9,5,7,4,3,21.7,197,1058,1.0,560.0,2025-01-25,2026-08-08,True
e8a6b8dd-93c2-4286-9be5-17f06b83956b,08571c09-3110-41a9-9c3f-4738fef990f0,2026-07-14,Possession,Acquisition Completion,7,6,1,85.7,52,12,5,7,5.9,17,500.09,405.48,94.61,1075,871,204,81.1,24,23,15,1,62.5,2,2,0,100.0,71,6,0,6,793,641,152,80.8,158.4,119.9,75.7,4,3,1,13.6,5,7,5,2,21.0,126,1192,1.0,656.0,2025-04-14,2027-01-30,True
b96611b0-ae69-4b11-ae15-42bd510a68ff,5b025694-041a-4c40-bfc8-66f98887e1c2,2022-05-03,Initial Assessment / SIA,Notification,12,0,12,0.0,70,13,13,0,10.2,158,394.53,10.03,384.5,510,12,498,2.5,11,1,0,10,0.0,3,0,3,0.0,73,10,9,1,152,30,122,19.7,104.3,1.0,1.0,7,0,7,8.4,3,5,0,5,44.4,61,61,1.0,60.0,2022-06-04,2022-08-03,True
0feec15c-e44c-4d38-b296-43c4befc0bb7,5b025694-041a-4c40-bfc8-66f98887e1c2,2022-05-12,Initial Assessment / SIA,Notification,12,0,12,0.0,82,13,13,0,10.3,106,394.53,14.68,379.85,510,18,492,3.7,11,0,0,11,0.0,3,0,3,0.0,73,28,28,0,152,0,152,0.0,104.3,0.0,0.0,7,0,7,16.8,3,5,0,5,35.0,70,70,1.0,60.0,2022-06-04,2022-08-03,True
b0e3fc84-04a4-40de-b9f5-90cf605e6183,5b025694-041a-4c40-bfc8-66f98887e1c2,2022-10-26,Objection / Hearing,Land & Ownership Verification,12,6,6,50.0,65,13,10,3,7.5,119,394.53,52.82,341.71,510,68,442,13.4,11,4,3,7,27.3,3,1,2,33.3,73,21,12,9,152,0,152,0.0,104.3,2.4,2.3,7,1,6,14.2,3,5,0,5,42.5,84,237,1.0,162.0,2022-12-26,2023-06-06,True
4a16847a-83b6-4758-aab6-fa3e8136bc23,5b025694-041a-4c40-bfc8-66f98887e1c2,2023-04-14,Land & Ownership Verification,Award / Valuation,12,6,6,50.0,45,13,9,4,7.1,133,394.53,163.52,231.01,510,211,299,41.4,11,6,4,5,36.4,3,2,1,66.7,73,7,2,5,152,31,121,20.4,104.3,15.8,15.1,7,3,4,17.4,3,5,2,3,39.0,100,407,1.0,175.0,2023-02-01,2023-07-26,True
5126593a-ddc0-42fe-a858-c02754e8a8e5,5b025694-041a-4c40-bfc8-66f98887e1c2,2024-01-12,Rehabilitation & Resettlement,Possession,12,10,2,83.3,66,13,3,10,2.2,135,394.53,360.12,34.41,510,465,45,91.3,11,9,6,2,54.5,3,3,0,100.0,73,4,0,4,152,116,36,76.3,104.3,70.1,67.2,7,5,2,16.3,3,5,3,2,21.8,126,680,1.0,260.0,2023-08-10,2024-04-26,True
962894c3-05e8-4285-8cd9-1a58d70938b2,5b025694-041a-4c40-bfc8-66f98887e1c2,2024-01-17,Possession,Acquisition Completion,12,12,0,100.0,0,13,5,8,3.8,110,394.53,324.26,70.27,510,419,91,82.2,11,9,5,2,45.5,3,2,1,66.7,73,8,0,8,152,106,46,69.7,104.3,66.9,64.1,7,4,3,13.8,3,5,3,2,38.8,2,685,1.0,263.0,2023-10-17,2024-07-06,True
a4e4934c-9ce5-495a-bee0-ba7c6429b9e6,5b025694-041a-4c40-bfc8-66f98887e1c2,2024-03-26,Possession,Acquisition Completion,12,12,0,100.0,0,13,6,7,4.1,112,394.53,332.8,61.73,510,430,80,84.4,11,10,7,1,63.6,3,3,0,100.0,73,6,0,6,152,133,19,87.5,104.3,66.5,63.8,7,6,1,23.4,3,5,3,2,24.9,71,754,1.0,263.0,2023-10-17,2024-07-06,True
62f61a63-e893-48d0-8c6a-b9d4be993cdd,5b025694-041a-4c40-bfc8-66f98887e1c2,2024-05-23,Acquisition Completion,,12,11,1,91.7,78,13,3,10,1.7,62,394.53,350.22,44.31,510,452,58,88.8,11,10,6,1,54.5,3,2,1,66.7,73,3,0,3,152,140,12,92.1,104.3,74.4,71.3,7,7,0,27.4,3,5,3,2,33.3,27,812,,,,,True
576293fc-71a6-40eb-82ff-c1bada5b95d6,5b025694-041a-4c40-bfc8-66f98887e1c2,2024-06-06,Acquisition Completion,,12,12,0,100.0,0,13,3,10,2.4,104,394.53,394.53,0.0,510,510,0,100.0,11,10,8,1,72.7,3,2,1,66.7,73,1,0,1,152,147,5,96.7,104.3,91.6,87.8,7,5,2,4.3,3,5,3,2,6.5,41,826,,,,,True
3e44c000-8fe7-4486-9e82-f422ce95d7dc,b6e2955c-0a2b-4011-90bf-573640d197d9,2023-06-10,Notification,Objection / Hearing,5,1,4,20.0,29,2,2,0,6.0,12,247.54,30.83,216.71,323,40,283,12.5,14,3,2,11,14.3,4,0,4,0.0,74,11,8,3,48,0,48,0.0,77.2,4.9,6.3,20,5,15,28.2,4,19,2,17,17.5,139,299,1.0,162.0,2023-05-31,2023-11-09,True
3f8a10aa-3c51-49fc-85f7-1daa5dd80269,b6e2955c-0a2b-4011-90bf-573640d197d9,2023-09-27,Objection / Hearing,Land & Ownership Verification,5,1,4,20.0,35,2,2,0,4.8,59,247.54,42.05,205.49,323,54,269,17.0,14,3,1,11,7.1,4,1,3,25.0,74,9,5,4,48,0,48,0.0,77.2,6.3,8.2,20,4,16,9.5,4,19,4,15,15.7,88,408,1.0,297.0,2023-09-03,2024-06-26,True
aa2962b7-9767-40d9-9f09-cdf335d9435b,b6e2955c-0a2b-4011-90bf-573640d197d9,2023-09-28,Objection / Hearing,Land & Ownership Verification,5,1,4,20.0,82,2,2,0,5.8,30,247.54,32.75,214.79,323,42,281,13.2,14,3,2,11,14.3,4,1,3,25.0,74,8,6,2,48,0,48,0.0,77.2,0.0,0.0,20,5,15,22.8,4,19,5,14,16.7,89,409,1.0,297.0,2023-09-03,2024-06-26,True
a85992c9-f8bf-4753-9665-10531f7c0d0f,b6e2955c-0a2b-4011-90bf-573640d197d9,2024-08-25,Award / Valuation,Compensation Disbursement,5,3,2,60.0,76,2,2,0,4.5,179,247.54,136.07,111.47,323,177,146,55.0,14,9,6,5,42.9,4,3,1,75.0,74,11,3,8,48,24,24,50.0,77.2,20.9,27.1,20,9,11,13.2,4,19,6,13,42.0,60,741,1.0,392.0,2024-01-13,2025-02-08,True
e07ea9a2-42e5-4a24-b9ed-f32f86db2d55,b6e2955c-0a2b-4011-90bf-573640d197d9,2024-11-06,Award / Valuation,Compensation Disbursement,5,3,2,60.0,10,2,2,0,3.9,168,247.54,134.42,113.12,323,175,148,54.3,14,10,8,4,57.1,4,3,1,75.0,74,6,0,6,48,22,26,45.8,77.2,21.8,28.2,20,12,8,6.6,4,19,11,8,40.3,133,814,1.0,392.0,2024-01-13,2025-02-08,True
4c009ddf-a690-448a-bd8e-8c718174aa68,b6e2955c-0a2b-4011-90bf-573640d197d9,2024-11-19,Award / Valuation,Compensation Disbursement,5,4,1,80.0,89,2,1,1,3.0,177,247.54,113.16,134.38,323,147,176,45.7,14,9,5,5,35.7,4,3,1,75.0,74,12,2,10,48,30,18,62.5,77.2,32.9,42.6,20,13,7,11.5,4,19,10,9,10.3,146,827,1.0,392.0,2024-01-13,2025-02-08,True
3b8ed813-0966-4c41-aca6-89fff8812252,b6e2955c-0a2b-4011-90bf-573640d197d9,2025-07-14,Possession,Acquisition Completion,5,4,1,80.0,77,2,1,1,2.9,131,247.54,191.27,56.27,323,249,74,77.3,14,11,8,3,57.1,4,3,1,75.0,74,4,0,4,48,33,15,68.8,77.2,36.6,47.4,20,16,4,5.1,4,19,15,4,29.3,56,1064,1.0,552.0,2024-09-11,2026-03-17,True
2ebd4b98-f85d-4534-ab28-c9f26d8b09e4,2b8b9c9b-cf1e-422d-af2a-773842533158,2023-02-18,Initial Assessment / SIA,Notification,3,0,3,0.0,63,3,3,0,22.6,113,438.47,0.0,438.47,679,0,679,0.0,16,0,0,16,0.0,8,1,7,12.5,22,3,3,0,235,0,235,0.0,225.8,30.2,13.4,13,0,13,29.6,3,13,0,13,15.4,3,3,0.0,14.0,2023-09-09,2023-09-23,True
ebfdf5f6-705d-4929-b94a-72a91d553466,2b8b9c9b-cf1e-422d-af2a-773842533158,2023-05-12,Initial Assessment / SIA,Notification,3,0,3,0.0,12,3,3,0,21.3,165,438.47,0.0,438.47,679,0,679,0.0,16,1,0,15,0.0,8,1,7,12.5,22,8,8,0,235,18,217,7.7,225.8,0.0,0.0,13,0,13,4.5,3,13,2,11,16.8,86,86,0.0,14.0,2023-09-09,2023-09-23,True
689a5baa-f57c-4dff-8a08-36647956b574,2b8b9c9b-cf1e-422d-af2a-773842533158,2024-02-22,Award / Valuation,Compensation Disbursement,3,2,1,66.7,45,3,2,1,12.5,112,438.47,187.5,250.97,679,290,389,42.8,16,10,7,6,43.8,8,6,2,75.0,22,1,0,1,235,74,161,31.5,225.8,23.2,10.3,13,7,6,20.6,3,13,6,7,7.8,10,372,1.0,48.0,2024-08-04,2024-09-21,True
2ed315ec-b88f-40a3-a837-97270e1232c9,2b8b9c9b-cf1e-422d-af2a-773842533158,2024-03-09,Award / Valuation,Compensation Disbursement,3,2,1,66.7,40,3,2,1,13.4,144,438.47,159.61,278.86,679,247,432,36.4,16,8,6,8,37.5,8,6,2,75.0,22,2,0,2,235,76,159,32.3,225.8,50.3,22.3,13,7,6,20.2,3,13,7,6,22.7,26,388,1.0,48.0,2024-08-04,2024-09-21,True
bf38e0ba-8e17-4f23-8b17-6669079a2e35,2b8b9c9b-cf1e-422d-af2a-773842533158,2024-05-31,Compensation Disbursement,Rehabilitation & Resettlement,3,2,1,66.7,14,3,2,1,11.2,69,438.47,291.19,147.28,679,450,229,66.4,16,11,6,5,37.5,8,7,1,87.5,22,1,0,1,235,125,110,53.2,225.8,113.9,50.4,13,8,5,22.8,3,13,8,5,18.8,20,471,1.0,45.0,2024-09-20,2024-11-04,True
0bb975a8-4e57-407f-b799-edcccfae55f2,2b8b9c9b-cf1e-422d-af2a-773842533158,2024-06-14,Compensation Disbursement,Rehabilitation & Resettlement,3,2,1,66.7,43,3,2,1,10.7,94,438.47,277.92,160.55,679,430,249,63.4,16,14,10,2,62.5,8,8,0,100.0,22,1,0,1,235,99,136,42.1,225.8,96.5,42.7,13,8,5,23.5,3,13,8,5,31.7,34,485,1.0,45.0,2024-09-20,2024-11-04,True
1da1845e-b8a0-4567-956a-9ae0b83c59f2,a0d217bf-dd2a-4534-b13a-c2f28aea585e,2020-07-15,Initial Assessment / SIA,Notification,11,1,10,9.1,82,8,8,0,10.7,112,309.55,54.25,255.3,1316,230,1086,17.5,26,0,0,26,0.0,9,0,9,0.0,57,16,16,0,404,0,404,0.0,109.8,0.0,0.0,8,0,8,17.6,4,8,0,8,21.0,60,60,0.0,26.0,2020-09-19,2020-10-15,True
3c287675-33f7-46db-aae2-db39c79b1933,a0d217bf-dd2a-4534-b13a-c2f28aea585e,2020-09-15,Notification,Objection / Hearing,11,2,9,18.2,17,8,7,1,9.5,61,309.55,39.79,269.76,1316,169,1147,12.9,26,2,1,24,3.8,9,1,8,11.1,57,9,7,2,404,0,404,0.0,109.8,2.5,2.3,8,0,8,5.6,4,8,0,8,12.1,23,122,1.0,53.0,2020-11-28,2021-01-20,True
7c65feda-c17e-4ae6-9bd1-244199e0b06e,a0d217bf-dd2a-4534-b13a-c2f28aea585e,2020-12-07,Objection / Hearing,Land & Ownership Verification,11,3,8,27.3,24,8,7,1,9.2,137,309.55,0.0,309.55,1316,0,1316,0.0,26,2,1,24,3.8,9,3,6,33.3,57,17,14,3,404,3,401,0.7,109.8,0.0,0.0,8,1,7,4.6,4,8,0,8,13.1,53,205,1.0,86.0,2021-03-24,2021-06-18,True
8d0c9f26-dd2d-4ad0-b019-5a5e5bb9ba2b,a0d217bf-dd2a-4534-b13a-c2f28aea585e,2020-12-10,Objection / Hearing,Land & Ownership Verification,11,3,8,27.3,50,8,8,0,10.3,108,309.55,10.38,299.17,1316,44,1272,3.4,26,6,5,20,19.2,9,3,6,33.3,57,17,14,3,404,3,401,0.7,109.8,4.0,3.6,8,1,7,19.5,4,8,1,7,18.3,56,208,1.0,86.0,2021-03-24,2021-06-18,True
976f01ee-50a9-4971-9afe-d001b90f5c36,a0d217bf-dd2a-4534-b13a-c2f28aea585e,2021-01-12,Objection / Hearing,Land & Ownership Verification,11,3,8,27.3,64,8,6,2,7.3,23,309.55,11.27,298.28,1316,47,1269,3.6,26,2,1,24,3.8,9,1,8,11.1,57,15,10,5,404,0,404,0.0,109.8,5.7,5.2,8,1,7,25.9,4,8,1,7,38.3,89,241,1.0,86.0,2021-03-24,2021-06-18,True
b8501e4d-b98b-4648-a4af-0eca9ed8bb92,a0d217bf-dd2a-4534-b13a-c2f28aea585e,2021-03-05,Land & Ownership Verification,Award / Valuation,11,5,6,45.5,84,8,6,2,7.8,65,309.55,46.32,263.23,1316,196,1120,15.0,26,6,4,20,15.4,9,4,5,44.4,57,12,5,7,404,34,370,8.4,109.8,0.0,0.0,8,2,6,15.9,4,8,2,6,37.5,44,293,1.0,124.0,2021-07-01,2021-11-02,True
62ade7d1-24d4-40d9-8bd3-8f87f7cac55c,a0d217bf-dd2a-4534-b13a-c2f28aea585e,2021-04-05,Land & Ownership Verification,Award / Valuation,11,3,8,27.3,85,8,8,0,9.7,160,309.55,20.67,288.88,1316,87,1229,6.7,26,6,4,20,15.4,9,4,5,44.4,57,9,4,5,404,43,361,10.6,109.8,5.2,4.7,8,3,5,26.1,4,8,2,6,20.7,75,324,1.0,124.0,2021-07-01,2021-11-02,True
27e65b2e-30f8-4501-9915-71f5683c979c,a0d217bf-dd2a-4534-b13a-c2f28aea585e,2021-10-13,Award / Valuation,Compensation Disbursement,11,8,3,72.7,71,8,4,4,5.0,35,309.55,112.57,196.98,1316,478,838,36.4,26,14,9,12,34.6,9,6,3,66.7,57,4,0,4,404,73,331,18.1,109.8,20.3,18.5,8,4,4,12.1,4,8,3,5,13.6,117,515,1.0,172.0,2021-08-11,2022-01-30,True
08b60329-abf2-4f9f-afa1-9b499249fe8c,a0d217bf-dd2a-4534-b13a-c2f28aea585e,2021-12-17,Compensation Disbursement,Rehabilitation & Resettlement,11,7,4,63.6,60,8,5,3,6.2,170,309.55,136.22,173.33,1316,579,737,44.0,26,16,10,10,38.5,9,7,2,77.8,57,11,3,8,404,142,262,35.1,109.8,28.9,26.3,8,5,3,19.6,4,8,3,5,6.1,45,580,1.0,205.0,2021-11-09,2022-06-02,True
c33e7e95-bd57-490d-b799-653372b67794,a0d217bf-dd2a-4534-b13a-c2f28aea585e,2022-12-26,Acquisition Completion,,11,10,1,90.9,27,8,2,6,1.9,164,309.55,309.52,0.03,1316,1315,1,100.0,26,26,17,0,65.4,9,8,1,88.9,57,0,0,0,404,404,0,100.0,109.8,89.3,81.3,8,7,1,8.8,4,8,8,0,16.3,138,954,,,,,True
306cffe3-2f25-42f8-bfc0-5303c3292a3b,e6706a58-dc36-4238-92fa-b44d2a107684,2020-06-16,Notification,Objection / Hearing,12,2,10,16.7,43,12,10,2,31.2,66,392.85,41.5,351.35,1258,132,1126,10.6,18,5,3,13,16.7,2,0,2,0.0,35,9,5,4,1011,0,1011,0.0,383.7,0.0,0.0,5,1,4,25.6,4,13,2,11,7.0,39,163,1.0,47.0,2020-07-09,2020-08-25,True
0b5e1bb4-d0b4-4dda-96b0-036a200bf2f4,e6706a58-dc36-4238-92fa-b44d2a107684,2020-08-10,Objection / Hearing,Land & Ownership Verification,12,5,7,41.7,38,12,9,3,25.9,27,392.85,104.23,288.62,1258,333,925,26.5,18,5,3,13,16.7,2,1,1,50.0,35,4,1,3,1011,118,893,11.7,383.7,77.4,20.2,5,2,3,24.4,4,13,4,9,27.1,27,218,1.0,50.0,2020-08-21,2020-10-10,True
b7228dbc-d7a8-4d3e-82b5-7a99e03081aa,e6706a58-dc36-4238-92fa-b44d2a107684,2021-01-29,Compensation Disbursement,Rehabilitation & Resettlement,12,9,3,75.0,36,12,8,4,24.0,128,392.85,224.32,168.53,1258,718,540,57.1,18,10,7,8,38.9,2,2,0,100.0,35,1,0,1,1011,457,554,45.2,383.7,136.4,35.5,5,2,3,4.6,4,13,8,5,16.6,50,390,1.0,99.0,2020-12-31,2021-04-09,True
8b596ec1-1ae1-4c12-a160-709573e05707,e6706a58-dc36-4238-92fa-b44d2a107684,2021-02-06,Rehabilitation & Resettlement,Possession,12,11,1,91.7,55,12,7,5,20.8,66,392.85,246.59,146.26,1258,789,469,62.8,18,14,9,4,50.0,2,1,1,50.0,35,1,0,1,1011,517,494,51.1,383.7,159.9,41.7,5,3,2,8.6,4,13,7,6,12.3,3,398,1.0,98.0,2021-02-24,2021-06-02,True
7118fd43-9275-43ed-aae9-3121ccc90a97,e6706a58-dc36-4238-92fa-b44d2a107684,2021-03-30,Rehabilitation & Resettlement,Possession,12,10,2,83.3,15,12,5,7,14.8,103,392.85,254.54,138.31,1258,815,443,64.8,18,15,9,3,50.0,2,2,0,100.0,35,1,0,1,1011,704,307,69.6,383.7,189.2,49.3,5,3,2,8.4,4,13,8,5,31.9,55,450,1.0,98.0,2021-02-24,2021-06-02,True
6b9bde6f-01f2-4a3b-99ae-1fe8019891e8,e6706a58-dc36-4238-92fa-b44d2a107684,2021-03-31,Rehabilitation & Resettlement,Possession,12,12,0,100.0,0,12,4,8,12.2,179,392.85,297.07,95.78,1258,951,307,75.6,18,15,11,3,61.1,2,2,0,100.0,35,4,0,4,1011,625,386,61.8,383.7,163.4,42.6,5,4,1,19.7,4,13,8,5,20.2,56,451,1.0,98.0,2021-02-24,2021-06-02,True
0c051028-29aa-4e96-9160-6b22db4482d6,93c82670-1750-4c26-95da-b9837eebb1e1,2021-11-09,Notification,Objection / Hearing,6,2,4,33.3,78,7,6,1,32.2,173,523.24,0.0,523.24,1163,0,1163,0.0,11,3,2,8,18.2,3,1,2,33.3,7,1,1,0,53,0,53,0.0,417.5,0.0,0.0,21,6,15,11.6,6,5,0,5,10.0,60,142,1.0,33.0,2022-01-17,2022-02-19,True
20e8cfc3-6508-4d76-a055-ea7aab210a1f,93c82670-1750-4c26-95da-b9837eebb1e1,2022-05-09,Award / Valuation,Compensation Disbursement,6,3,3,50.0,17,7,5,2,26.8,111,523.24,198.62,324.62,1163,441,722,38.0,11,5,3,6,27.3,3,1,2,33.3,7,0,0,0,53,25,28,47.2,417.5,0.0,0.0,21,11,10,11.7,6,5,2,3,27.9,28,323,1.0,76.0,2022-07-26,2022-10-10,True
654cd92e-e650-44af-87fe-165d412745e7,93c82670-1750-4c26-95da-b9837eebb1e1,2022-05-28,Award / Valuation,Compensation Disbursement,6,3,3,50.0,44,7,5,2,25.3,103,523.24,259.28,263.96,1163,576,587,49.6,11,6,3,5,27.3,3,1,2,33.3,7,0,0,0,53,8,45,15.1,417.5,42.6,10.2,21,11,10,11.4,6,5,2,3,11.7,47,342,1.0,76.0,2022-07-26,2022-10-10,True
6de52eda-9abd-4434-875f-73f1be229d95,93c82670-1750-4c26-95da-b9837eebb1e1,2022-06-16,Award / Valuation,Compensation Disbursement,6,2,4,33.3,87,7,5,2,26.9,56,523.24,197.87,325.37,1163,439,724,37.8,11,5,4,6,36.4,3,2,1,66.7,7,1,1,0,53,15,38,28.3,417.5,64.9,15.5,21,11,10,11.9,6,5,1,4,19.0,66,361,1.0,76.0,2022-07-26,2022-10-10,True
98006c9b-1e54-4f23-aead-6a4a45b52466,93c82670-1750-4c26-95da-b9837eebb1e1,2022-11-13,Rehabilitation & Resettlement,Possession,6,5,1,83.3,46,7,3,4,13.6,24,523.24,350.98,172.26,1163,780,383,67.1,11,9,5,2,45.5,3,3,0,100.0,7,0,0,0,53,34,19,64.2,417.5,184.4,44.2,21,15,6,5.0,6,5,3,2,41.7,34,511,1.0,105.0,2023-01-11,2023-04-26,True
69365feb-51e2-4db3-aa81-4d98f6ad07ee,93c82670-1750-4c26-95da-b9837eebb1e1,2023-01-26,Rehabilitation & Resettlement,Possession,6,6,0,100.0,0,7,3,4,13.7,118,523.24,514.91,8.33,1163,1144,19,98.4,11,10,7,1,63.6,3,2,1,66.7,7,0,0,0,53,37,16,69.8,417.5,230.4,55.2,21,19,2,22.3,6,5,4,1,34.2,108,585,1.0,105.0,2023-01-11,2023-04-26,True
b0fad392-91be-4ad1-bc31-2b9318da5f9c,93c82670-1750-4c26-95da-b9837eebb1e1,2023-03-04,Possession,Acquisition Completion,6,5,1,83.3,36,7,3,4,12.4,34,523.24,480.51,42.73,1163,1068,95,91.8,11,10,7,1,63.6,3,2,1,66.7,7,0,0,0,53,43,10,81.1,417.5,300.9,72.1,21,18,3,23.3,6,5,3,2,38.8,22,622,1.0,97.0,2023-02-11,2023-05-19,True
efc726db-51b6-4d70-802b-275b56fac3bc,93c82670-1750-4c26-95da-b9837eebb1e1,2023-04-26,Acquisition Completion,,6,5,1,83.3,67,7,2,5,7.4,33,523.24,501.02,22.22,1163,1113,50,95.8,11,11,7,0,63.6,3,3,0,100.0,7,0,0,0,53,50,3,94.3,417.5,337.0,80.7,21,19,2,7.8,6,5,4,1,30.7,0,675,,,,,True
cf5fd60a-5b92-4fd6-9be1-d369e8b6a6e9,93c82670-1750-4c26-95da-b9837eebb1e1,2023-05-04,Acquisition Completion,,6,5,1,83.3,11,7,2,5,10.1,129,523.24,523.24,0.0,1163,1163,0,100.0,11,10,6,1,54.5,3,3,0,100.0,7,0,0,0,53,53,0,100.0,417.5,417.5,100.0,21,21,0,13.8,6,5,4,1,37.7,8,683,,,,,True
ded02be5-9517-4110-9bdc-525d5b2a3675,e077e14b-6dc1-406e-8a90-acd9d4626aa0,2022-03-15,Initial Assessment / SIA,Notification,3,0,3,0.0,58,5,5,0,29.2,69,340.41,3.73,336.68,399,4,395,1.1,23,2,1,21,4.3,6,0,6,0.0,24,3,3,0,299,1,298,0.3,314.8,1.9,0.6,19,0,19,14.5,5,7,0,7,22.0,24,24,1.0,68.0,2022-08-19,2022-10-26,True
a7800f4c-1e7f-4628-865f-16eae4099043,e077e14b-6dc1-406e-8a90-acd9d4626aa0,2022-12-27,Objection / Hearing,Land & Ownership Verification,3,1,2,33.3,56,5,5,0,27.8,150,340.41,16.53,323.88,399,19,380,4.9,23,6,4,17,17.4,6,2,4,33.3,24,2,1,1,299,0,299,0.0,314.8,1.6,0.5,19,4,15,3.5,5,7,1,6,43.1,62,311,1.0,212.0,2023-01-27,2023-08-27,True
bba71257-6e93-463e-b13d-f5f2efeeee56,e077e14b-6dc1-406e-8a90-acd9d4626aa0,2023-03-27,Objection / Hearing,Land & Ownership Verification,3,1,2,33.3,87,5,4,1,21.1,82,340.41,64.71,275.7,399,75,324,19.0,23,7,5,16,21.7,6,2,4,33.3,24,3,2,1,299,69,230,23.1,314.8,0.0,0.0,19,5,14,26.0,5,7,2,5,8.0,152,401,1.0,212.0,2023-01-27,2023-08-27,True
b1af7b09-4a76-4eeb-a85d-1637a527ad13,e077e14b-6dc1-406e-8a90-acd9d4626aa0,2023-09-17,Award / Valuation,Compensation Disbursement,3,1,2,33.3,43,5,3,2,17.7,75,340.41,159.13,181.28,399,186,213,46.7,23,15,10,8,43.5,6,4,2,66.7,24,3,1,2,299,66,233,22.1,314.8,36.3,11.5,19,8,11,23.9,5,7,2,5,41.7,21,575,1.0,289.0,2023-08-07,2024-05-22,True
5728970d-5fc2-482b-a185-61c5c0d5ed08,e077e14b-6dc1-406e-8a90-acd9d4626aa0,2024-03-22,Compensation Disbursement,Rehabilitation & Resettlement,3,2,1,66.7,50,5,3,2,14.3,95,340.41,209.69,130.72,399,245,154,61.6,23,17,13,6,56.5,6,6,0,100.0,24,2,0,2,299,141,158,47.2,314.8,113.3,36.0,19,14,5,7.9,5,7,4,3,22.2,63,762,1.0,337.0,2023-10-30,2024-10-01,True
5a13cfb2-401e-4eb5-bdcf-9dd12c70344b,e077e14b-6dc1-406e-8a90-acd9d4626aa0,2024-06-28,Rehabilitation & Resettlement,Possession,3,2,1,66.7,14,5,3,2,13.3,126,340.41,275.02,65.39,399,322,77,80.8,23,18,14,5,60.9,6,6,0,100.0,24,2,0,2,299,197,102,65.9,314.8,139.8,44.4,19,15,4,17.4,5,7,4,3,21.9,37,860,1.0,393.0,2024-01-26,2025-02-22,True
c9c499fc-d075-44fa-a6fd-60723586d8bb,e077e14b-6dc1-406e-8a90-acd9d4626aa0,2024-07-11,Rehabilitation & Resettlement,Possession,3,2,1,66.7,10,5,2,3,10.7,122,340.41,236.11,104.3,399,276,123,69.4,23,17,11,6,47.8,6,5,1,83.3,24,1,0,1,299,207,92,69.2,314.8,162.4,51.6,19,14,5,13.2,5,7,4,3,44.4,50,873,1.0,393.0,2024-01-26,2025-02-22,True
7079de9e-27d3-4d26-b3af-b559937ae734,e077e14b-6dc1-406e-8a90-acd9d4626aa0,2025-02-04,Possession,Acquisition Completion,3,3,0,100.0,0,5,1,4,5.8,162,340.41,267.26,73.15,399,313,86,78.5,23,23,14,0,60.9,6,5,1,83.3,24,0,0,0,299,258,41,86.3,314.8,293.4,93.2,19,17,2,16.2,5,7,5,2,31.1,126,1081,1.0,401.0,2024-03-07,2025-04-12,True
d7d08a0d-13dd-45b6-88af-d6dcec736a6d,8d395d3c-8724-4e85-88a7-11751b845b12,2022-01-04,Notification,Objection / Hearing,10,2,8,20.0,80,17,16,1,29.8,116,1079.25,0.0,1079.25,1642,0,1642,0.0,25,5,2,20,8.0,9,0,9,0.0,96,14,14,0,674,38,636,5.6,326.5,0.0,0.0,24,2,22,11.9,3,10,0,10,37.5,85,128,1.0,82.0,2022-03-10,2022-05-31,True
7e5faa56-fec7-4187-a4ea-914732babdfb,8d395d3c-8724-4e85-88a7-11751b845b12,2022-05-19,Objection / Hearing,Land & Ownership Verification,10,5,5,50.0,82,17,13,4,24.4,16,1079.25,0.0,1079.25,1642,0,1642,0.0,25,8,4,17,16.0,9,4,5,44.4,96,14,6,8,674,0,674,0.0,326.5,13.7,4.2,24,10,14,21.7,3,10,1,9,20.7,80,263,1.0,87.0,2022-05-08,2022-08-03,True
9667e0d3-0338-4f0f-9bb9-e305bee4d126,8d395d3c-8724-4e85-88a7-11751b845b12,2022-10-08,Award / Valuation,Compensation Disbursement,10,5,5,50.0,57,17,9,8,16.5,100,1079.25,256.62,822.63,1642,390,1252,23.8,25,13,9,12,36.0,9,5,4,55.6,96,9,0,9,674,96,578,14.2,326.5,30.1,9.2,24,7,17,28.4,3,10,4,6,22.4,66,405,1.0,167.0,2022-10-16,2023-04-01,True
b862c2b7-6d9f-4fcd-a1d4-4329a73a5cd9,8d395d3c-8724-4e85-88a7-11751b845b12,2023-04-01,Rehabilitation & Resettlement,Possession,10,9,1,90.0,81,17,6,11,10.6,119,1079.25,537.08,542.17,1642,817,825,49.8,25,20,14,5,56.0,9,7,2,77.8,96,8,0,8,674,389,285,57.7,326.5,154.6,47.4,24,14,10,7.9,3,10,5,5,6.5,0,580,1.0,197.0,2023-02-16,2023-09-01,True
68755268-6cb4-46b1-a92a-7bcc73a2a6f8,8d395d3c-8724-4e85-88a7-11751b845b12,2023-06-16,Possession,Acquisition Completion,10,10,0,100.0,0,17,6,11,10.6,145,1079.25,890.03,189.22,1642,1354,288,82.5,25,20,17,5,68.0,9,9,0,100.0,96,10,0,10,674,423,251,62.8,326.5,119.3,36.5,24,17,7,14.5,3,10,5,5,20.7,17,656,1.0,237.0,2023-05-19,2024-01-11,True
99906add-2aea-4476-99a4-c216ae0d1950,a4b70aed-47ad-469d-9562-cfb9e158c863,2023-02-16,Initial Assessment / SIA,Notification,4,0,4,0.0,20,15,14,1,12.5,143,296.42,32.33,264.09,729,79,650,10.9,9,0,0,9,0.0,4,0,4,0.0,8,1,1,0,66,0,66,0.0,140.9,0.0,0.0,16,3,13,9.0,7,10,0,10,35.9,86,86,1.0,94.0,2023-06-09,2023-09-11,True
c5d9dca9-4e83-4707-b503-54487bb9fc1c,a4b70aed-47ad-469d-9562-cfb9e158c863,2023-06-27,Notification,Objection / Hearing,4,0,4,0.0,68,15,14,1,12.4,87,296.42,8.65,287.77,729,21,708,2.9,9,1,0,8,0.0,4,1,3,25.0,8,1,1,0,66,0,66,0.0,140.9,5.5,3.9,16,3,13,13.9,7,10,1,9,19.6,34,217,1.0,101.0,2023-08-09,2023-11-18,True
baa0592a-48b6-4005-9ae3-bb4aee517452,a4b70aed-47ad-469d-9562-cfb9e158c863,2023-10-26,Objection / Hearing,Land & Ownership Verification,4,1,3,25.0,15,15,12,3,10.6,168,296.42,41.0,255.42,729,100,629,13.8,9,3,1,6,11.1,4,2,2,50.0,8,1,1,0,66,15,51,22.7,140.9,0.0,0.0,16,6,10,7.4,7,10,2,8,14.1,45,338,1.0,139.0,2023-10-29,2024-03-16,True
4b278f7c-f87a-43c9-9664-093587c5cc8a,a4b70aed-47ad-469d-9562-cfb9e158c863,2023-11-02,Objection / Hearing,Land & Ownership Verification,4,2,2,50.0,9,15,11,4,10.2,24,296.42,32.66,263.76,729,80,649,11.0,9,3,2,6,22.2,4,1,3,25.0,8,0,0,0,66,14,52,21.2,140.9,22.6,16.0,16,6,10,29.8,7,10,2,8,34.9,52,345,1.0,139.0,2023-10-29,2024-03-16,True
417f8075-e209-475b-974c-fac45b8b49f9,a4b70aed-47ad-469d-9562-cfb9e158c863,2024-03-04,Land & Ownership Verification,Award / Valuation,4,2,2,50.0,87,15,8,7,7.2,169,296.42,149.75,146.67,729,368,361,50.5,9,3,2,6,22.2,4,2,2,50.0,8,1,1,0,66,17,49,25.8,140.9,17.2,12.2,16,6,10,28.7,7,10,2,8,13.8,107,468,1.0,152.0,2024-02-22,2024-07-23,True
599c1f95-9f65-44a8-9971-3400f87a2c65,a4b70aed-47ad-469d-9562-cfb9e158c863,2024-04-17,Award / Valuation,Compensation Disbursement,4,2,2,50.0,16,15,11,4,9.7,71,296.42,130.99,165.43,729,322,407,44.2,9,5,3,4,33.3,4,2,2,50.0,8,0,0,0,66,19,47,28.8,140.9,54.0,38.3,16,7,9,10.0,7,10,4,6,29.8,32,512,1.0,166.0,2024-05-22,2024-11-04,True
c7c5fbff-7fc0-4515-a552-3f9030f8328d,a4b70aed-47ad-469d-9562-cfb9e158c863,2024-04-27,Award / Valuation,Compensation Disbursement,4,3,1,75.0,7,15,10,5,9.2,81,296.42,110.75,185.67,729,272,457,37.4,9,5,3,4,33.3,4,3,1,75.0,8,0,0,0,66,13,53,19.7,140.9,35.0,24.8,16,4,12,8.1,7,10,4,6,35.4,42,522,1.0,166.0,2024-05-22,2024-11-04,True
e0f6ed35-cc6a-4ea0-be39-927ff6ad0166,a4b70aed-47ad-469d-9562-cfb9e158c863,2025-01-31,Rehabilitation & Resettlement,Possession,4,4,0,100.0,0,15,7,8,6.1,175,296.42,261.84,34.58,729,643,86,88.3,9,8,5,1,55.6,4,3,1,75.0,8,0,0,0,66,40,26,60.6,140.9,93.6,66.4,16,12,4,8.0,7,10,8,2,21.4,88,801,1.0,196.0,2024-11-10,2025-05-25,True
2217477d-ad5d-4da3-bf5f-f689d9616732,a4b70aed-47ad-469d-9562-cfb9e158c863,2025-04-12,Possession,Acquisition Completion,4,4,0,100.0,0,15,5,10,3.9,16,296.42,241.15,55.27,729,593,136,81.4,9,7,3,2,33.3,4,3,1,75.0,8,0,0,0,66,65,1,98.5,140.9,121.2,86.0,16,14,2,24.0,7,10,6,4,18.2,24,872,1.0,200.0,2024-12-25,2025-07-13,True
5ffb79ae-6947-4d95-851c-887c73240273,70857da0-cdf9-4370-8385-ef8683a53887,2021-12-10,Notification,Objection / Hearing,11,3,8,27.3,83,9,9,0,5.7,63,118.92,15.7,103.22,1989,262,1727,13.2,20,1,0,19,0.0,6,1,5,16.7,45,14,11,3,1488,280,1208,18.8,63.6,0.0,0.0,9,1,8,9.8,4,18,1,17,7.2,27,140,1.0,157.0,2022-05-17,2022-10-21,True
0d191d89-b323-4f53-abc6-f793353d8550,70857da0-cdf9-4370-8385-ef8683a53887,2022-02-24,Notification,Objection / Hearing,11,4,7,36.4,88,9,8,1,5.1,134,118.92,30.11,88.81,1989,503,1486,25.3,20,9,5,11,25.0,6,4,2,66.7,45,5,3,2,1488,55,1433,3.7,63.6,0.0,0.0,9,2,7,24.9,4,18,4,14,20.6,103,216,1.0,157.0,2022-05-17,2022-10-21,True
3c4f757d-89ea-40d8-b12d-b676b0ffdc95,70857da0-cdf9-4370-8385-ef8683a53887,2022-03-24,Notification,Objection / Hearing,11,5,6,45.5,71,9,7,2,4.3,44,118.92,17.31,101.61,1989,289,1700,14.6,20,8,5,12,25.0,6,3,3,50.0,45,12,7,5,1488,201,1287,13.5,63.6,0.0,0.0,9,3,6,4.6,4,18,4,14,8.2,131,244,1.0,157.0,2022-05-17,2022-10-21,True
40522a87-6205-4012-8ae6-3ecee4d3d320,70857da0-cdf9-4370-8385-ef8683a53887,2022-03-31,Notification,Objection / Hearing,11,4,7,36.4,31,9,7,2,4.8,98,118.92,24.14,94.78,1989,403,1586,20.3,20,5,3,15,15.0,6,3,3,50.0,45,7,2,5,1488,113,1375,7.6,63.6,2.9,4.6,9,3,6,6.0,4,18,4,14,24.1,138,251,1.0,157.0,2022-05-17,2022-10-21,True
1440084c-dc89-4326-ae53-faede364e478,70857da0-cdf9-4370-8385-ef8683a53887,2022-08-08,Objection / Hearing,Land & Ownership Verification,11,8,3,72.7,17,9,6,3,4.2,131,118.92,52.36,66.56,1989,875,1114,44.0,20,11,7,9,35.0,6,4,2,66.7,45,3,0,3,1488,629,859,42.3,63.6,13.5,21.2,9,4,5,27.3,4,18,11,7,12.1,71,381,1.0,147.0,2022-06-27,2022-11-21,True
a7b1dfb2-1a96-4a87-a0f4-5d8f6e1e8f3b,70857da0-cdf9-4370-8385-ef8683a53887,2022-11-08,Land & Ownership Verification,Award / Valuation,11,8,3,72.7,20,9,3,6,1.8,28,118.92,78.11,40.81,1989,1306,683,65.7,20,14,10,6,50.0,6,5,1,83.3,45,2,0,2,1488,652,836,43.8,63.6,25.5,40.1,9,6,3,23.7,4,18,8,10,30.6,18,473,1.0,181.0,2022-08-28,2023-02-25,True
7c737bf4-5167-44d5-b337-e1c115aaa2cc,70857da0-cdf9-4370-8385-ef8683a53887,2022-11-09,Land & Ownership Verification,Award / Valuation,11,10,1,90.9,26,9,4,5,2.8,129,118.92,64.48,54.44,1989,1078,911,54.2,20,16,11,4,55.0,6,5,1,83.3,45,5,0,5,1488,766,722,51.5,63.6,36.3,57.1,9,6,3,27.3,4,18,9,9,26.1,19,474,1.0,181.0,2022-08-28,2023-02-25,True
0e125550-0884-4ae3-98ff-44073f52e5a5,70857da0-cdf9-4370-8385-ef8683a53887,2023-02-01,Award / Valuation,Compensation Disbursement,11,11,0,100.0,0,9,2,7,0.8,145,118.92,89.44,29.48,1989,1495,494,75.2,20,19,14,1,70.0,6,5,1,83.3,45,5,0,5,1488,1258,230,84.5,63.6,45.2,71.1,9,6,3,22.9,4,18,12,6,39.6,72,558,1.0,202.0,2022-10-30,2023-05-20,True
e813607c-e42f-4f61-9bfc-558be37d51d6,70857da0-cdf9-4370-8385-ef8683a53887,2023-05-18,Compensation Disbursement,Rehabilitation & Resettlement,11,11,0,100.0,0,9,2,7,1.2,45,118.92,114.85,4.07,1989,1920,69,96.6,20,20,14,0,70.0,6,6,0,100.0,45,0,0,0,1488,1119,369,75.2,63.6,59.9,94.2,9,9,0,27.5,4,18,14,4,19.4,82,664,,,,,True
c7b9d26d-e0b9-41bc-bf71-668b31d07f86,b35fc911-3b71-4e6a-80b1-6316f00899eb,2020-10-04,Initial Assessment / SIA,Notification,4,0,4,0.0,88,0,0,0,6.9,0,58.78,0.33,58.45,1480,8,1472,0.6,18,0,0,18,0.0,7,0,7,0.0,13,2,2,0,984,0,984,0.0,68.6,0.0,0.0,16,0,16,21.9,7,17,3,14,27.5,58,58,0.0,3.0,2020-11-19,2020-11-22,True
68e6d951-5222-406d-ad3d-1937d07b715f,b35fc911-3b71-4e6a-80b1-6316f00899eb,2020-12-16,Objection / Hearing,Land & Ownership Verification,4,1,3,25.0,6,0,0,0,4.6,0,58.78,0.0,58.78,1480,0,1480,0.0,18,2,1,16,5.6,7,1,6,14.3,13,2,1,1,984,0,984,0.0,68.6,0.0,0.0,16,3,13,6.5,7,17,3,14,11.7,24,131,0.0,0.0,2021-05-15,2021-04-19,True
307063ed-d83a-43ea-9ce4-a3e2a62e0950,b35fc911-3b71-4e6a-80b1-6316f00899eb,2020-12-23,Objection / Hearing,Land & Ownership Verification,4,1,3,25.0,31,0,0,0,5.8,0,58.78,0.0,58.78,1480,0,1480,0.0,18,1,0,17,0.0,7,2,5,28.6,13,3,2,1,984,0,984,0.0,68.6,0.0,0.0,16,6,10,26.7,7,17,1,16,27.7,31,138,0.0,0.0,2021-05-15,2021-04-19,True
9885f065-ae53-48c2-b078-85f498fc0c23,b35fc911-3b71-4e6a-80b1-6316f00899eb,2021-01-02,Objection / Hearing,Land & Ownership Verification,4,0,4,0.0,32,0,0,0,6.9,0,58.78,0.0,58.78,1480,0,1480,0.0,18,5,3,13,16.7,7,2,5,28.6,13,2,2,0,984,0,984,0.0,68.6,1.2,1.7,16,4,12,19.2,7,17,2,15,14.0,41,148,0.0,0.0,2021-05-15,2021-04-19,True
073e356b-5332-4b6e-aed4-b97b760605f1,b35fc911-3b71-4e6a-80b1-6316f00899eb,2021-02-01,Objection / Hearing,Land & Ownership Verification,4,1,3,25.0,6,0,0,0,5.8,0,58.78,6.69,52.09,1480,168,1312,11.4,18,7,4,11,22.2,7,3,4,42.9,13,0,0,0,984,0,984,0.0,68.6,0.0,0.0,16,5,11,20.3,7,17,3,14,44.5,71,178,0.0,0.0,2021-05-15,2021-04-19,True
87264fe7-b258-42fd-9637-f072cbedf942,b35fc911-3b71-4e6a-80b1-6316f00899eb,2021-06-28,Compensation Disbursement,Rehabilitation & Resettlement,4,3,1,75.0,57,0,0,0,3.9,0,58.78,29.93,28.85,1480,753,727,50.9,18,10,6,8,33.3,7,5,2,71.4,13,1,0,1,984,472,512,48.0,68.6,22.3,32.5,16,9,7,24.5,7,17,6,11,30.1,21,325,0.0,0.0,2022-01-26,2022-01-04,True
2f7e2315-1fd8-455f-9797-ee26d29292d9,b35fc911-3b71-4e6a-80b1-6316f00899eb,2021-10-05,Rehabilitation & Resettlement,Possession,4,4,0,100.0,0,0,0,0,3.1,0,58.78,41.8,16.98,1480,1052,428,71.1,18,13,8,5,44.4,7,7,0,100.0,13,0,0,0,984,666,318,67.7,68.6,34.5,50.3,16,11,5,8.2,7,17,8,9,37.4,20,424,0.0,0.0,2022-02-28,2022-02-07,True
53b2d1d6-cd15-42cd-9043-a4e7f0913f19,b35fc911-3b71-4e6a-80b1-6316f00899eb,2021-11-05,Rehabilitation & Resettlement,Possession,4,4,0,100.0,0,0,0,0,2.3,0,58.78,37.8,20.98,1480,951,529,64.3,18,18,9,0,50.0,7,7,0,100.0,13,1,0,1,984,685,299,69.6,68.6,30.8,44.9,16,14,2,25.8,7,17,10,7,43.6,51,455,0.0,0.0,2022-02-28,2022-02-07,True
f2502a2d-a5ff-4c2b-95d9-a35db56cd7af,b35fc911-3b71-4e6a-80b1-6316f00899eb,2021-12-05,Rehabilitation & Resettlement,Possession,4,4,0,100.0,0,0,0,0,1.6,0,58.78,58.78,0.0,1480,1480,0,100.0,18,15,12,3,66.7,7,6,1,85.7,13,0,0,0,984,817,167,83.0,68.6,54.1,78.9,16,14,2,28.2,7,17,11,6,42.5,81,485,0.0,0.0,2022-02-28,2022-02-07,True
ab7a8236-181e-486b-bf45-03ca31e1de36,b35fc911-3b71-4e6a-80b1-6316f00899eb,2021-12-09,Rehabilitation & Resettlement,Possession,4,3,1,75.0,47,0,0,0,2.8,0,58.78,49.35,9.43,1480,1242,238,84.0,18,18,13,0,72.2,7,7,0,100.0,13,0,0,0,984,760,224,77.2,68.6,43.7,63.7,16,15,1,10.5,7,17,12,5,17.5,85,489,0.0,0.0,2022-02-28,2022-02-07,True
8e7ff67b-3928-481c-9252-5225140e4d5f,bb2f5b33-eeba-4d48-af00-112af5e26495,2021-10-14,Notification,Objection / Hearing,8,1,7,12.5,16,6,5,1,3.8,125,198.52,0.0,198.52,1461,0,1461,0.0,25,4,2,21,8.0,6,1,5,16.7,32,8,7,1,674,44,630,6.5,48.3,1.6,3.3,18,2,16,5.0,2,8,1,7,33.7,2,158,1.0,127.0,2022-02-14,2022-06-21,True
41ee8fb5-d56a-45a1-aca4-afea35d04c38,bb2f5b33-eeba-4d48-af00-112af5e26495,2021-12-05,Notification,Objection / Hearing,8,1,7,12.5,15,6,6,0,4.3,126,198.52,0.0,198.52,1461,0,1461,0.0,25,5,3,20,12.0,6,0,6,0.0,32,9,9,0,674,17,657,2.5,48.3,0.0,0.0,18,3,15,3.5,2,8,2,6,37.2,54,210,1.0,127.0,2022-02-14,2022-06-21,True
40b2fca2-9820-4b1a-87ac-ed16170844b5,bb2f5b33-eeba-4d48-af00-112af5e26495,2023-02-17,Award / Valuation,Compensation Disbursement,8,5,3,62.5,30,6,4,2,2.8,64,198.52,76.23,122.29,1461,560,901,38.4,25,16,12,9,48.0,6,5,1,83.3,32,3,1,2,674,301,373,44.7,48.3,5.9,12.2,18,12,6,23.0,2,8,3,5,34.2,132,649,1.0,238.0,2022-12-25,2023-08-20,True
dbb1f880-21db-4245-a0ed-1ddc589bd830,bb2f5b33-eeba-4d48-af00-112af5e26495,2023-10-06,Rehabilitation & Resettlement,Possession,8,8,0,100.0,0,6,3,3,1.7,138,198.52,147.43,51.09,1461,1085,376,74.3,25,19,14,6,56.0,6,6,0,100.0,32,1,0,1,674,310,364,46.0,48.3,27.3,56.5,18,15,3,5.0,2,8,5,3,37.2,47,880,1.0,301.0,2023-05-23,2024-03-19,True
3decb2a6-33c7-40ee-9146-22321ee2c839,bb2f5b33-eeba-4d48-af00-112af5e26495,2024-02-01,Rehabilitation & Resettlement,Possession,8,7,1,87.5,55,6,2,4,1.5,79,198.52,163.47,35.05,1461,1203,258,82.3,25,19,12,6,48.0,6,5,1,83.3,32,1,0,1,674,492,182,73.0,48.3,36.1,74.7,18,16,2,20.2,2,8,6,2,9.6,165,998,1.0,301.0,2023-05-23,2024-03-19,True
32641430-14c4-418f-a68f-dca1dece3d39,bb2f5b33-eeba-4d48-af00-112af5e26495,2024-07-06,Acquisition Completion,,8,8,0,100.0,0,6,2,4,1.3,42,198.52,198.52,0.0,1461,1461,0,100.0,25,25,19,0,76.0,6,6,0,100.0,32,0,0,0,674,503,171,74.6,48.3,39.3,81.4,18,16,2,3.0,2,8,6,2,39.8,109,1154,,,,,True
c9e063cd-7504-4224-8e2a-9266e14fbde3,bb2f5b33-eeba-4d48-af00-112af5e26495,2024-07-21,Acquisition Completion,,8,7,1,87.5,28,6,1,5,0.7,157,198.52,197.85,0.67,1461,1456,5,99.7,25,25,20,0,80.0,6,5,1,83.3,32,0,0,0,674,643,31,95.4,48.3,45.6,94.4,18,17,1,28.3,2,8,6,2,39.0,124,1169,,,,,True
38aaca54-e923-411c-ad62-2f9dd939dd42,f7448a72-adc1-421d-badf-a79e4e7bdbef,2021-07-30,Initial Assessment / SIA,Notification,10,0,10,0.0,67,3,3,0,24.7,119,277.71,9.5,268.21,1186,40,1146,3.4,14,0,0,14,0.0,4,0,4,0.0,66,11,11,0,1149,0,1149,0.0,267.7,37.7,14.1,3,0,3,13.1,7,10,0,10,14.1,4,4,0.0,27.0,2022-01-18,2022-02-14,True
63563330-c118-43d7-a78d-154a7eb293a3,f7448a72-adc1-421d-badf-a79e4e7bdbef,2022-01-10,Notification,Objection / Hearing,10,3,7,30.0,84,3,3,0,21.9,84,277.71,16.1,261.61,1186,68,1118,5.8,14,3,2,11,14.3,4,1,3,25.0,66,17,11,6,1149,0,1149,0.0,267.7,0.0,0.0,3,0,3,12.5,7,10,2,8,40.8,47,168,1.0,51.0,2022-04-20,2022-06-10,True
c2b7ca8b-7d51-4397-ac13-95e4fe73ccdf,f7448a72-adc1-421d-badf-a79e4e7bdbef,2022-05-23,Objection / Hearing,Land & Ownership Verification,10,4,6,40.0,28,3,3,0,20.4,23,277.71,101.34,176.37,1186,432,754,36.5,14,6,4,8,28.6,4,2,2,50.0,66,12,4,8,1149,40,1109,3.5,267.7,0.0,0.0,3,1,2,14.5,7,10,3,7,7.2,98,301,1.0,55.0,2022-06-21,2022-08-15,True
1f0aaf66-849a-49ec-a29e-e6653f24ba16,f7448a72-adc1-421d-badf-a79e4e7bdbef,2022-11-20,Compensation Disbursement,Rehabilitation & Resettlement,10,8,2,80.0,41,3,2,1,13.3,70,277.71,120.1,157.61,1186,512,674,43.2,14,10,6,4,42.9,4,3,1,75.0,66,4,0,4,1149,428,721,37.2,267.7,78.0,29.1,3,1,2,7.5,7,10,5,5,9.5,36,482,1.0,89.0,2022-12-15,2023-03-14,True
401c9da9-d612-4e20-95c0-1164e0485080,f7448a72-adc1-421d-badf-a79e4e7bdbef,2023-04-18,Possession,Acquisition Completion,10,9,1,90.0,44,3,2,1,10.0,173,277.71,236.69,41.02,1186,1010,176,85.2,14,12,6,2,42.9,4,4,0,100.0,66,3,0,3,1149,990,159,86.2,267.7,199.5,74.5,3,2,1,22.6,7,10,7,3,44.0,35,631,1.0,100.0,2023-05-26,2023-09-03,True
1fa2fad6-6c35-483a-b9d9-380f594301ce,aaf78161-53fc-4083-9ca2-a4eb07af5b80,2021-12-26,Initial Assessment / SIA,Notification,12,0,12,0.0,78,19,18,1,35.5,133,1255.53,0.0,1255.53,1399,0,1399,0.0,6,0,0,6,0.0,6,0,6,0.0,53,12,10,2,80,1,79,1.2,379.7,0.0,0.0,9,0,9,12.2,4,5,0,5,19.0,19,19,0.0,10.0,2022-03-01,2022-03-11,True
c8d764ae-5260-4122-ac07-5227ef9482b9,aaf78161-53fc-4083-9ca2-a4eb07af5b80,2022-04-04,Objection / Hearing,Land & Ownership Verification,12,2,10,16.7,32,19,19,0,37.5,33,1255.53,168.4,1087.13,1399,187,1212,13.4,6,0,0,6,0.0,6,1,5,16.7,53,19,19,0,80,0,80,0.0,379.7,34.5,9.1,9,1,8,9.0,4,5,0,5,14.9,24,118,1.0,72.0,2022-06-10,2022-08-21,True
f32f467c-dcb6-465b-9312-465ee39d50ef,aaf78161-53fc-4083-9ca2-a4eb07af5b80,2022-04-07,Objection / Hearing,Land & Ownership Verification,12,4,8,33.3,17,19,19,0,36.6,50,1255.53,0.0,1255.53,1399,0,1399,0.0,6,0,0,6,0.0,6,1,5,16.7,53,8,5,3,80,0,80,0.0,379.7,0.0,0.0,9,1,8,21.9,4,5,1,4,34.5,27,121,1.0,72.0,2022-06-10,2022-08-21,True
26e2ec85-a292-4a2b-91da-b97cc0e16424,aaf78161-53fc-4083-9ca2-a4eb07af5b80,2022-09-09,Award / Valuation,Compensation Disbursement,12,5,7,41.7,21,19,15,4,29.6,159,1255.53,444.25,811.28,1399,495,904,35.4,6,1,0,5,0.0,6,2,4,33.3,53,5,3,2,80,12,68,15.0,379.7,0.0,0.0,9,3,6,11.4,4,5,2,3,26.8,19,276,1.0,94.0,2022-09-19,2022-12-22,True
3feefb58-d3b5-4c8e-9780-d5e94c15f436,aaf78161-53fc-4083-9ca2-a4eb07af5b80,2022-09-19,Award / Valuation,Compensation Disbursement,12,6,6,50.0,28,19,12,7,23.7,58,1255.53,309.93,945.6,1399,345,1054,24.7,6,2,1,4,16.7,6,3,3,50.0,53,6,1,5,80,0,80,0.0,379.7,6.3,1.7,9,1,8,25.6,4,5,1,4,20.7,29,286,1.0,94.0,2022-09-19,2022-12-22,True
b22a23f8-9a6a-4978-8247-dc73bdf1646b,aaf78161-53fc-4083-9ca2-a4eb07af5b80,2022-10-23,Award / Valuation,Compensation Disbursement,12,7,5,58.3,43,19,13,6,24.2,125,1255.53,320.9,934.63,1399,357,1042,25.6,6,4,3,2,50.0,6,4,2,66.7,53,9,1,8,80,17,63,21.2,379.7,21.9,5.8,9,3,6,18.4,4,5,2,3,36.5,63,320,1.0,94.0,2022-09-19,2022-12-22,True
53578e7f-d1e0-4bbd-b5fd-482c74172596,aaf78161-53fc-4083-9ca2-a4eb07af5b80,2023-02-20,Rehabilitation & Resettlement,Possession,12,8,4,66.7,13,19,13,6,24.0,69,1255.53,744.9,510.63,1399,830,569,59.3,6,4,2,2,33.3,6,5,1,83.3,53,6,1,5,80,29,51,36.2,379.7,204.3,53.8,9,4,5,4.3,4,5,2,3,31.8,60,440,1.0,171.0,2023-03-21,2023-09-08,True
fca4ffbc-8519-4916-8cf4-f03ff8ffec95,aaf78161-53fc-4083-9ca2-a4eb07af5b80,2023-07-13,Possession,Acquisition Completion,12,12,0,100.0,0,19,5,14,9.1,12,1255.53,903.64,351.89,1399,1006,393,72.0,6,5,3,1,50.0,6,5,1,83.3,53,2,0,2,80,60,20,75.0,379.7,242.8,63.9,9,8,1,4.5,4,5,3,2,38.4,60,583,1.0,182.0,2023-05-12,2023-11-10,True
2067f3cf-ec36-4fc0-a671-a196b1735e96,aaf78161-53fc-4083-9ca2-a4eb07af5b80,2023-07-22,Possession,Acquisition Completion,12,10,2,83.3,26,19,5,14,9.3,68,1255.53,955.05,300.48,1399,1064,335,76.1,6,5,3,1,50.0,6,5,1,83.3,53,2,0,2,80,52,28,65.0,379.7,258.9,68.2,9,7,2,4.3,4,5,4,1,24.3,69,592,1.0,182.0,2023-05-12,2023-11-10,True
0248ce11-4f94-4418-90eb-99847f54fee9,dc9bcfeb-6c36-44ce-8e8c-3a2db16749fb,2020-12-26,Notification,Objection / Hearing,4,0,4,0.0,34,8,8,0,24.6,147,433.93,19.09,414.84,576,25,551,4.4,18,5,3,13,16.7,4,0,4,0.0,73,15,6,9,539,59,480,10.9,275.3,31.7,11.5,18,2,16,23.9,4,13,0,13,15.1,58,119,0.0,0.0,2021-04-30,2021-04-22,True
f2bb0d8d-cfb0-4d2d-839f-6a6b154a5b95,dc9bcfeb-6c36-44ce-8e8c-3a2db16749fb,2021-01-30,Objection / Hearing,Land & Ownership Verification,4,0,4,0.0,26,8,7,1,23.7,33,433.93,0.0,433.93,576,0,576,0.0,18,3,1,15,5.6,4,0,4,0.0,73,18,13,5,539,0,539,0.0,275.3,0.0,0.0,18,3,15,17.3,4,13,3,10,13.3,22,154,0.0,10.0,2021-07-29,2021-08-08,True
97d6c304-11c1-4183-bd72-37b33cf9c0d0,dc9bcfeb-6c36-44ce-8e8c-3a2db16749fb,2021-04-11,Objection / Hearing,Land & Ownership Verification,4,1,3,25.0,63,8,6,2,17.7,89,433.93,43.46,390.47,576,57,519,10.0,18,7,4,11,22.2,4,1,3,25.0,73,12,4,8,539,0,539,0.0,275.3,10.4,3.8,18,5,13,4.9,4,13,2,11,42.0,93,225,0.0,10.0,2021-07-29,2021-08-08,True
9d9859eb-3d29-422f-9815-d42249e01dfd,dc9bcfeb-6c36-44ce-8e8c-3a2db16749fb,2021-06-05,Land & Ownership Verification,Award / Valuation,4,2,2,50.0,59,8,5,3,15.5,43,433.93,64.79,369.14,576,86,490,14.9,18,10,6,8,33.3,4,2,2,50.0,73,12,3,9,539,98,441,18.2,275.3,12.2,4.4,18,7,11,17.9,4,13,3,10,20.4,44,280,0.0,14.0,2021-08-29,2021-09-12,True
c96ef864-d6cf-4fac-b3b4-3279b409dd26,dc9bcfeb-6c36-44ce-8e8c-3a2db16749fb,2021-07-22,Land & Ownership Verification,Award / Valuation,4,2,2,50.0,89,8,5,3,15.8,35,433.93,145.09,288.84,576,192,384,33.4,18,8,5,10,27.8,4,2,2,50.0,73,12,1,11,539,194,345,36.0,275.3,20.7,7.5,18,7,11,20.4,4,13,5,8,6.4,91,327,0.0,14.0,2021-08-29,2021-09-12,True
79bbd0f2-c204-4076-883e-5863ff3b7c79,dc9bcfeb-6c36-44ce-8e8c-3a2db16749fb,2022-01-10,Rehabilitation & Resettlement,Possession,4,3,1,75.0,22,8,5,3,14.7,125,433.93,294.55,139.38,576,390,186,67.9,18,11,7,7,38.9,4,3,1,75.0,73,4,0,4,539,377,162,69.9,275.3,158.5,57.6,18,14,4,7.4,4,13,9,4,20.7,35,499,1.0,48.0,2022-05-01,2022-06-18,True
dd5fd113-23da-4897-984c-9d132fa260fa,dc9bcfeb-6c36-44ce-8e8c-3a2db16749fb,2022-02-02,Rehabilitation & Resettlement,Possession,4,3,1,75.0,33,8,3,5,10.3,169,433.93,292.2,141.73,576,387,189,67.3,18,14,8,4,44.4,4,4,0,100.0,73,7,1,6,539,331,208,61.4,275.3,136.0,49.4,18,13,5,12.8,4,13,8,5,41.6,58,522,1.0,48.0,2022-05-01,2022-06-18,True
eea361ae-fcd3-4fb9-982a-daabb942dbb4,fb68e7f7-2f91-4d98-810f-528bff974764,2022-07-06,Initial Assessment / SIA,Notification,7,0,7,0.0,57,15,15,0,8.5,99,290.78,36.76,254.02,185,23,162,12.6,17,0,0,17,0.0,5,0,5,0.0,15,3,3,0,98,0,98,0.0,84.6,11.6,13.7,6,1,5,15.2,5,13,1,12,8.1,39,39,0.0,0.0,2022-12-20,2022-12-06,True
1f9078aa-b165-455b-a23b-6f3dfd6b9d97,fb68e7f7-2f91-4d98-810f-528bff974764,2023-03-23,Land & Ownership Verification,Award / Valuation,7,2,5,28.6,51,15,8,7,4.4,102,290.78,87.83,202.95,185,55,130,30.2,17,8,5,9,29.4,5,2,3,40.0,15,1,1,0,98,22,76,22.4,84.6,0.0,0.0,6,2,4,26.0,5,13,3,10,40.0,8,299,0.0,0.0,2023-09-09,2023-08-25,True
2017706c-8fc5-4cad-9544-0d72500d59f5,fb68e7f7-2f91-4d98-810f-528bff974764,2023-04-07,Land & Ownership Verification,Award / Valuation,7,3,4,42.9,13,15,10,5,5.4,58,290.78,90.23,200.55,185,57,128,31.0,17,8,4,9,23.5,5,3,2,60.0,15,3,2,1,98,31,67,31.6,84.6,14.7,17.4,6,3,3,12.4,5,13,4,9,30.5,23,314,0.0,0.0,2023-09-09,2023-08-25,True
d3824084-93b9-474f-83b0-b5cc8ccd5e16,fb68e7f7-2f91-4d98-810f-528bff974764,2023-05-22,Award / Valuation,Compensation Disbursement,7,4,3,57.1,58,15,9,6,4.9,161,290.78,80.63,210.15,185,51,134,27.7,17,8,4,9,23.5,5,3,2,60.0,15,1,1,0,98,27,71,27.6,84.6,15.9,18.8,6,3,3,10.8,5,13,6,7,26.3,14,359,0.0,0.0,2023-11-28,2023-11-08,True
8ca14385-167f-4b30-ae7f-f7415922a181,fb68e7f7-2f91-4d98-810f-528bff974764,2023-05-24,Award / Valuation,Compensation Disbursement,7,5,2,71.4,86,15,10,5,5.4,40,290.78,131.77,159.01,185,83,102,45.3,17,9,8,8,47.1,5,3,2,60.0,15,1,0,1,98,27,71,27.6,84.6,13.6,16.1,6,2,4,21.7,5,13,6,7,37.6,16,361,0.0,0.0,2023-11-28,2023-11-08,True
269f9f0a-046f-485d-84f1-b0d8274b43af,fb68e7f7-2f91-4d98-810f-528bff974764,2023-05-25,Award / Valuation,Compensation Disbursement,7,5,2,71.4,78,15,9,6,5.0,93,290.78,132.13,158.65,185,84,101,45.4,17,10,6,7,35.3,5,3,2,60.0,15,1,0,1,98,34,64,34.7,84.6,3.6,4.3,6,2,4,16.0,5,13,5,8,16.3,17,362,0.0,0.0,2023-11-28,2023-11-08,True
4b2de268-8538-4a24-9688-99afb3b490b9,fb68e7f7-2f91-4d98-810f-528bff974764,2023-09-01,Compensation Disbursement,Rehabilitation & Resettlement,7,5,2,71.4,77,15,9,6,4.7,81,290.78,145.31,145.47,185,92,93,50.0,17,12,8,5,47.1,5,4,1,80.0,15,2,1,1,98,45,53,45.9,84.6,21.9,25.9,6,4,2,6.9,5,13,6,7,13.0,7,461,0.0,0.0,2024-02-02,2024-01-05,True
17d8c5a8-1316-48fc-a348-38613039967f,fb68e7f7-2f91-4d98-810f-528bff974764,2023-10-21,Compensation Disbursement,Rehabilitation & Resettlement,7,6,1,85.7,81,15,8,7,4.2,172,290.78,170.17,120.61,185,108,77,58.5,17,14,9,3,52.9,5,4,1,80.0,15,2,0,2,98,54,44,55.1,84.6,37.9,44.8,6,3,3,13.8,5,13,9,4,25.4,57,511,0.0,0.0,2024-02-02,2024-01-05,True
6cbd38cc-8cba-4c16-a31c-a144cdd24d6c,fb68e7f7-2f91-4d98-810f-528bff974764,2023-10-22,Compensation Disbursement,Rehabilitation & Resettlement,7,5,2,71.4,22,15,8,7,4.0,21,290.78,203.06,87.72,185,129,56,69.8,17,15,10,2,58.8,5,5,0,100.0,15,0,0,0,98,74,24,75.5,84.6,30.9,36.5,6,4,2,4.9,5,13,7,6,28.4,58,512,0.0,0.0,2024-02-02,2024-01-05,True
35ed4788-4f75-4494-827f-0fa00d73a6e3,fb68e7f7-2f91-4d98-810f-528bff974764,2024-03-23,Possession,Acquisition Completion,7,7,0,100.0,0,15,3,12,1.6,104,290.78,290.78,0.0,185,185,0,100.0,17,15,11,2,64.7,5,5,0,100.0,15,0,0,0,98,81,17,82.7,84.6,61.8,73.0,6,5,1,6.0,5,13,11,2,20.8,78,665,0.0,0.0,2024-06-22,2024-05-10,True
dab92ad7-308c-4f55-a57a-d0edd66a7e76,808a2c4d-9485-4f58-ab83-7924d4d89a5b,2020-04-06,Initial Assessment / SIA,Notification,6,1,5,16.7,22,3,3,0,43.0,104,654.04,0.0,654.04,632,0,632,0.0,29,1,0,28,0.0,6,0,6,0.0,77,18,18,0,517,0,517,0.0,474.6,51.8,10.9,17,2,15,17.8,6,13,2,11,40.5,79,79,1.0,51.0,2020-06-02,2020-07-23,True
8b31c52b-c797-4db9-99e0-c0849b535075,808a2c4d-9485-4f58-ab83-7924d4d89a5b,2020-07-29,Objection / Hearing,Land & Ownership Verification,6,1,5,16.7,67,3,3,0,38.7,131,654.04,78.47,575.57,632,75,557,12.0,29,7,4,22,13.8,6,1,5,16.7,77,19,7,12,517,56,461,10.8,474.6,49.9,10.5,17,3,14,17.3,6,13,2,11,21.7,6,193,1.0,114.0,2020-10-25,2021-02-16,True
4ae84cf2-6e22-43d4-9fb2-cd8a153b3fd7,808a2c4d-9485-4f58-ab83-7924d4d89a5b,2020-09-20,Objection / Hearing,Land & Ownership Verification,6,3,3,50.0,80,3,3,0,35.2,153,654.04,130.28,523.76,632,125,507,19.9,29,12,8,17,27.6,6,2,4,33.3,77,15,7,8,517,0,517,0.0,474.6,0.0,0.0,17,4,13,6.1,6,13,4,9,29.4,59,246,1.0,114.0,2020-10-25,2021-02-16,True
202a760a-7ba1-4037-b429-0c9901396d79,808a2c4d-9485-4f58-ab83-7924d4d89a5b,2021-04-26,Award / Valuation,Compensation Disbursement,6,4,2,66.7,7,3,3,0,32.3,73,654.04,338.84,315.2,632,327,305,51.8,29,16,10,13,34.5,6,4,2,66.7,77,5,1,4,517,155,362,30.0,474.6,89.1,18.8,17,8,9,11.2,6,13,6,7,20.9,69,464,1.0,144.0,2021-03-19,2021-08-10,True
2e53a419-e68f-4429-a5a0-e0ac68e5c574,808a2c4d-9485-4f58-ab83-7924d4d89a5b,2021-06-12,Award / Valuation,Compensation Disbursement,6,5,1,83.3,9,3,2,1,25.0,88,654.04,485.31,168.73,632,468,164,74.2,29,21,17,8,58.6,6,5,1,83.3,77,10,0,10,517,207,310,40.0,474.6,200.9,42.3,17,12,5,28.3,6,13,8,5,16.0,116,511,1.0,144.0,2021-03-19,2021-08-10,True
440db37f-392b-45e2-896b-464d10325dad,808a2c4d-9485-4f58-ab83-7924d4d89a5b,2021-06-24,Award / Valuation,Compensation Disbursement,6,4,2,66.7,80,3,2,1,23.0,82,654.04,324.76,329.28,632,313,319,49.7,29,17,9,12,31.0,6,6,0,100.0,77,5,0,5,517,251,266,48.5,474.6,167.2,35.2,17,10,7,28.8,6,13,5,8,24.5,128,523,1.0,144.0,2021-03-19,2021-08-10,True
071d159c-a853-4864-b252-652121b5c3f9,808a2c4d-9485-4f58-ab83-7924d4d89a5b,2021-07-09,Compensation Disbursement,Rehabilitation & Resettlement,6,5,1,83.3,48,3,2,1,24.9,47,654.04,386.13,267.91,632,373,259,59.0,29,23,14,6,48.3,6,5,1,83.3,77,4,0,4,517,241,276,46.6,474.6,172.0,36.2,17,12,5,9.1,6,13,5,8,16.2,1,538,1.0,161.0,2021-05-13,2021-10-21,True
f9b4f502-da25-4818-914c-10785fc28df5,808a2c4d-9485-4f58-ab83-7924d4d89a5b,2021-08-11,Rehabilitation & Resettlement,Possession,6,5,1,83.3,79,3,2,1,25.1,30,654.04,391.83,262.21,632,378,254,59.9,29,17,9,12,31.0,6,5,1,83.3,77,11,1,10,517,209,308,40.4,474.6,155.4,32.7,17,12,5,20.6,6,13,7,6,5.3,1,571,1.0,179.0,2021-07-08,2022-01-03,True
7f9252f2-f169-4626-bba6-a1d55292d6f3,808a2c4d-9485-4f58-ab83-7924d4d89a5b,2021-11-24,Possession,Acquisition Completion,6,5,1,83.3,41,3,1,2,8.0,27,654.04,644.22,9.82,632,622,10,98.5,29,25,19,4,65.5,6,6,0,100.0,77,3,0,3,517,350,167,67.7,474.6,300.2,63.3,17,16,1,13.9,6,13,8,5,36.0,34,676,1.0,195.0,2021-10-08,2022-04-21,True
cdc652c9-ec92-482b-aaaf-93f09a5227b1,808a2c4d-9485-4f58-ab83-7924d4d89a5b,2022-03-05,Acquisition Completion,,6,5,1,83.3,50,3,2,1,17.2,153,654.04,608.09,45.95,632,587,45,93.0,29,29,20,0,69.0,6,6,0,100.0,77,3,0,3,517,387,130,74.9,474.6,383.0,80.7,17,16,1,11.6,6,13,13,0,27.0,61,777,,,,,True
7f87a917-37bd-4309-83d9-6fd5cc9010f4,5cd2a591-9119-4454-a648-b14e77fd1e48,2023-04-22,Notification,Objection / Hearing,12,1,11,8.3,77,14,13,1,2.8,21,150.61,20.91,129.7,1731,240,1491,13.9,26,0,0,26,0.0,3,0,3,0.0,95,13,10,3,353,44,309,12.5,31.4,1.1,3.5,24,5,19,14.2,6,13,1,12,37.2,22,92,0.0,4.0,2023-09-10,2023-09-14,True
259231fc-05d4-40a1-9472-3b785e60d9a1,5cd2a591-9119-4454-a648-b14e77fd1e48,2023-05-03,Notification,Objection / Hearing,12,1,11,8.3,51,14,12,2,2.6,129,150.61,6.07,144.54,1731,69,1662,4.0,26,5,2,21,7.7,3,0,3,0.0,95,21,13,8,353,20,333,5.7,31.4,1.2,3.8,24,3,21,22.7,6,13,1,12,15.1,33,103,0.0,4.0,2023-09-10,2023-09-14,True
713f31ed-5659-401f-8079-5e920a8f4d3f,5cd2a591-9119-4454-a648-b14e77fd1e48,2023-06-08,Notification,Objection / Hearing,12,3,9,25.0,20,14,12,2,2.5,143,150.61,18.57,132.04,1731,213,1518,12.3,26,1,0,25,0.0,3,1,2,33.3,95,7,5,2,353,0,353,0.0,31.4,0.8,2.5,24,5,19,18.2,6,13,2,11,13.1,69,139,0.0,4.0,2023-09-10,2023-09-14,True
e47a59b3-4a71-40dc-b4cf-c0423eb02612,5cd2a591-9119-4454-a648-b14e77fd1e48,2023-09-18,Land & Ownership Verification,Award / Valuation,12,5,7,41.7,77,14,10,4,2.0,142,150.61,44.62,105.99,1731,512,1219,29.6,26,12,8,14,30.8,3,2,1,66.7,95,18,3,15,353,61,292,17.3,31.4,0.0,0.0,24,7,17,20.7,6,13,3,10,37.2,4,241,0.0,10.0,2024-02-01,2024-02-11,True
781738ab-7eca-41ce-9aed-8274c94cc65f,5cd2a591-9119-4454-a648-b14e77fd1e48,2023-10-02,Land & Ownership Verification,Award / Valuation,12,7,5,58.3,42,14,10,4,2.1,50,150.61,53.14,97.47,1731,610,1121,35.3,26,10,6,16,23.1,3,1,2,33.3,95,8,2,6,353,100,253,28.3,31.4,0.0,0.0,24,10,14,24.7,6,13,5,8,26.8,18,255,0.0,10.0,2024-02-01,2024-02-11,True
cc63cb1c-62f5-40c8-b9e9-516f8815ade1,5cd2a591-9119-4454-a648-b14e77fd1e48,2024-03-03,Compensation Disbursement,Rehabilitation & Resettlement,12,11,1,91.7,9,14,7,7,1.4,110,150.61,98.76,51.85,1731,1135,596,65.6,26,20,13,6,50.0,3,2,1,66.7,95,13,0,13,353,191,162,54.1,31.4,13.9,44.3,24,15,9,24.7,6,13,7,6,23.1,21,408,0.0,6.0,2024-04-29,2024-05-05,True
013982e8-fc1d-41d7-8b4a-5c62950205b7,39d4819c-1ff5-448e-907f-8b4c447d17c5,2021-03-07,Notification,Objection / Hearing,5,0,5,0.0,12,7,7,0,7.7,101,367.6,0.0,367.6,1881,0,1881,0.0,19,3,1,16,5.3,2,0,2,0.0,28,7,7,0,1416,198,1218,14.0,79.5,0.0,0.0,4,0,4,17.9,7,18,0,18,30.6,21,53,1.0,47.0,2021-09-29,2021-11-15,True
c7ac717a-c400-43f2-8115-0573b32f2f16,39d4819c-1ff5-448e-907f-8b4c447d17c5,2021-03-24,Notification,Objection / Hearing,5,0,5,0.0,29,7,7,0,7.3,13,367.6,21.17,346.43,1881,108,1773,5.8,19,2,1,17,5.3,2,0,2,0.0,28,6,6,0,1416,0,1416,0.0,79.5,0.0,0.0,4,0,4,18.1,7,18,2,16,16.6,38,70,1.0,47.0,2021-09-29,2021-11-15,True
b39155a8-4993-429a-8350-18c607e99539,39d4819c-1ff5-448e-907f-8b4c447d17c5,2021-04-14,Notification,Objection / Hearing,5,0,5,0.0,41,7,7,0,8.0,120,367.6,0.0,367.6,1881,0,1881,0.0,19,3,1,16,5.3,2,0,2,0.0,28,6,6,0,1416,0,1416,0.0,79.5,0.0,0.0,4,0,4,29.2,7,18,3,15,29.7,59,91,1.0,47.0,2021-09-29,2021-11-15,True
576fc0d2-4bbd-465b-98d1-72798a31c1f1,39d4819c-1ff5-448e-907f-8b4c447d17c5,2021-05-27,Notification,Objection / Hearing,5,0,5,0.0,82,7,7,0,7.7,143,367.6,0.0,367.6,1881,0,1881,0.0,19,4,3,15,15.8,2,0,2,0.0,28,6,6,0,1416,133,1283,9.4,79.5,0.0,0.0,4,1,3,8.9,7,18,2,16,24.4,102,134,1.0,47.0,2021-09-29,2021-11-15,True
ee238477-cb0b-491d-a23e-78082722e837,39d4819c-1ff5-448e-907f-8b4c447d17c5,2022-01-05,Land & Ownership Verification,Award / Valuation,5,2,3,40.0,78,7,6,1,6.0,31,367.6,68.05,299.55,1881,348,1533,18.5,19,8,6,11,31.6,2,1,1,50.0,28,6,2,4,1416,293,1123,20.7,79.5,0.0,0.0,4,1,3,27.5,7,18,7,11,16.1,51,357,1.0,91.0,2022-04-25,2022-07-25,True
b0cc6bc2-9efc-4dd4-b648-02db0798ae03,39d4819c-1ff5-448e-907f-8b4c447d17c5,2022-10-08,Compensation Disbursement,Rehabilitation & Resettlement,5,4,1,80.0,88,7,3,4,3.0,53,367.6,236.96,130.64,1881,1212,669,64.5,19,12,7,7,36.8,2,1,1,50.0,28,3,0,3,1416,625,791,44.1,79.5,22.5,28.3,4,2,2,18.6,7,18,8,10,34.8,75,633,1.0,159.0,2022-09-05,2023-02-11,True
3e77b209-94bf-4d55-a159-d2d54aff5d59,39d4819c-1ff5-448e-907f-8b4c447d17c5,2022-10-11,Compensation Disbursement,Rehabilitation & Resettlement,5,4,1,80.0,17,7,4,3,4.5,156,367.6,248.34,119.26,1881,1270,611,67.6,19,15,10,4,52.6,2,1,1,50.0,28,2,0,2,1416,788,628,55.6,79.5,35.1,44.2,4,2,2,19.4,7,18,9,9,17.5,78,636,1.0,159.0,2022-09-05,2023-02-11,True
ac906c5c-f665-4bbf-9e46-9f1ffa6acb49,39d4819c-1ff5-448e-907f-8b4c447d17c5,2023-02-10,Rehabilitation & Resettlement,Possession,5,5,0,100.0,0,7,3,4,3.4,151,367.6,272.01,95.59,1881,1391,490,74.0,19,16,9,3,47.4,2,1,1,50.0,28,3,0,3,1416,1140,276,80.5,79.5,41.1,51.7,4,2,2,25.9,7,18,9,9,10.4,118,758,1.0,173.0,2022-11-12,2023-05-04,True
c322dea4-5d8b-4afb-9f1f-324652aedd92,39d4819c-1ff5-448e-907f-8b4c447d17c5,2023-06-16,Acquisition Completion,,5,4,1,80.0,65,7,3,4,2.5,144,367.6,335.43,32.17,1881,1716,165,91.2,19,19,16,0,84.2,2,2,0,100.0,28,0,0,0,1416,1272,144,89.8,79.5,62.2,78.2,4,3,1,24.6,7,18,13,5,22.7,43,884,,,,,True
aadb0589-f9b4-4a67-be36-bd7687887b83,39d4819c-1ff5-448e-907f-8b4c447d17c5,2023-08-27,Acquisition Completion,,5,5,0,100.0,0,7,3,4,2.9,98,367.6,367.6,0.0,1881,1881,0,100.0,19,19,15,0,78.9,2,2,0,100.0,28,1,0,1,1416,1416,0,100.0,79.5,65.3,82.1,4,3,1,23.2,7,18,16,2,14.0,115,956,,,,,True
622220a8-ffc2-4a0e-9f69-8c27c9d2160f,4b27b75a-b0a0-4bdc-87c4-9186f5d435b1,2022-09-24,Notification,Objection / Hearing,7,2,5,28.6,57,1,1,0,28.2,61,352.03,92.86,259.17,792,208,584,26.4,24,3,1,21,4.2,7,3,4,42.9,32,11,9,2,309,0,309,0.0,324.2,1.6,0.5,20,6,14,14.8,4,15,3,12,32.1,132,270,1.0,151.0,2022-11-09,2023-04-09,True
370a57e6-249e-49f7-9345-7a63c67c3dbe,4b27b75a-b0a0-4bdc-87c4-9186f5d435b1,2022-12-15,Objection / Hearing,Land & Ownership Verification,7,2,5,28.6,40,1,1,0,21.5,54,352.03,133.95,218.08,792,301,491,38.1,24,8,5,16,20.8,7,3,4,42.9,32,5,3,2,309,1,308,0.3,324.2,15.5,4.8,20,5,15,17.8,4,15,4,11,36.2,53,352,1.0,177.0,2022-12-15,2023-06-10,True
40dd8817-ab9c-4d17-8ae2-99c30f8c948f,4b27b75a-b0a0-4bdc-87c4-9186f5d435b1,2024-04-11,Rehabilitation & Resettlement,Possession,7,6,1,85.7,65,1,1,0,10.9,77,352.03,279.1,72.93,792,627,165,79.3,24,21,15,3,62.5,7,6,1,85.7,32,1,0,1,309,234,75,75.7,324.2,209.1,64.5,20,13,7,4.8,4,15,9,6,21.0,125,835,1.0,327.0,2023-10-22,2024-09-13,True
7f423547-b9d8-4a21-8726-fe0b45a1858e,4b27b75a-b0a0-4bdc-87c4-9186f5d435b1,2024-05-22,Possession,Acquisition Completion,7,6,1,85.7,29,1,1,0,12.6,70,352.03,266.95,85.08,792,600,192,75.8,24,23,13,1,54.2,7,7,0,100.0,32,1,0,1,309,226,83,73.1,324.2,212.5,65.5,20,15,5,24.1,4,15,10,5,22.4,25,876,1.0,338.0,2023-12-02,2024-11-04,True
db3420ee-fea9-462d-86cf-59098b459a3f,4b27b75a-b0a0-4bdc-87c4-9186f5d435b1,2024-06-01,Possession,Acquisition Completion,7,7,0,100.0,0,1,1,0,7.2,107,352.03,269.96,82.07,792,607,185,76.7,24,20,13,4,54.2,7,7,0,100.0,32,1,0,1,309,231,78,74.8,324.2,244.8,75.5,20,14,6,29.7,4,15,10,5,43.6,35,886,1.0,338.0,2023-12-02,2024-11-04,True
9943cda7-4739-4435-8351-e2ab70e2114d,7e2c68c5-31d1-4ce2-bebe-c0c68506907a,2020-11-07,Initial Assessment / SIA,Notification,12,2,10,16.7,76,3,3,0,36.9,25,1463.8,134.13,1329.67,1618,148,1470,9.2,9,1,0,8,0.0,4,1,3,25.0,30,10,9,1,371,8,363,2.2,369.1,11.2,3.0,23,0,23,27.0,3,11,0,11,35.7,67,67,1.0,74.0,2021-01-16,2021-03-31,True
7569c2b5-53a7-4cc3-9fc5-d7cbf84d7aef,7e2c68c5-31d1-4ce2-bebe-c0c68506907a,2020-12-09,Initial Assessment / SIA,Notification,12,1,11,8.3,85,3,3,0,30.2,55,1463.8,26.46,1437.34,1618,29,1589,1.8,9,0,0,9,0.0,4,0,4,0.0,30,9,9,0,371,0,371,0.0,369.1,0.0,0.0,23,2,21,23.5,3,11,1,10,25.2,99,99,1.0,74.0,2021-01-16,2021-03-31,True
35b94354-e219-45a3-83fa-060d321fed85,7e2c68c5-31d1-4ce2-bebe-c0c68506907a,2021-01-19,Initial Assessment / SIA,Notification,12,1,11,8.3,27,3,3,0,30.0,22,1463.8,0.0,1463.8,1618,0,1618,0.0,9,2,1,7,11.1,4,1,3,25.0,30,5,3,2,371,34,337,9.2,369.1,3.3,0.9,23,5,18,27.4,3,11,0,11,21.4,140,140,1.0,74.0,2021-01-16,2021-03-31,True
c3ade0f4-f05f-4e1f-952e-af3c819faf0b,7e2c68c5-31d1-4ce2-bebe-c0c68506907a,2021-07-08,Objection / Hearing,Land & Ownership Verification,12,6,6,50.0,70,3,3,0,24.7,159,1463.8,173.93,1289.87,1618,192,1426,11.9,9,3,2,6,22.2,4,2,2,50.0,30,8,5,3,371,0,371,0.0,369.1,0.0,0.0,23,11,12,18.3,3,11,4,7,13.9,99,310,1.0,141.0,2021-05-08,2021-09-26,True
4a695f6b-e3c7-456c-964a-5bd09864d72a,7e2c68c5-31d1-4ce2-bebe-c0c68506907a,2021-10-29,Award / Valuation,Compensation Disbursement,12,7,5,58.3,66,3,2,1,20.0,89,1463.8,461.54,1002.26,1618,510,1108,31.5,9,5,3,4,33.3,4,2,2,50.0,30,6,3,3,371,118,253,31.8,369.1,37.4,10.1,23,13,10,25.7,3,11,4,7,32.0,33,423,1.0,175.0,2021-09-20,2022-03-14,True
0537a441-a48b-4b49-a00b-9550238d60b8,7e2c68c5-31d1-4ce2-bebe-c0c68506907a,2021-11-02,Award / Valuation,Compensation Disbursement,12,5,7,41.7,17,3,2,1,22.2,14,1463.8,511.42,952.38,1618,565,1053,34.9,9,4,2,5,22.2,4,2,2,50.0,30,4,0,4,371,60,311,16.2,369.1,20.1,5.4,23,5,18,3.4,3,11,4,7,7.6,37,427,1.0,175.0,2021-09-20,2022-03-14,True
ca5901ea-a7af-4fec-888f-3f434cac0dc5,f0d1a036-405c-4ace-bc28-7531b4be43b6,2022-03-15,Initial Assessment / SIA,Notification,13,1,12,7.7,14,9,9,0,36.8,110,876.75,0.0,876.75,999,0,999,0.0,23,0,0,23,0.0,2,0,2,0.0,84,12,11,1,669,94,575,14.1,367.8,15.7,4.3,6,0,6,29.9,2,3,0,3,40.3,52,52,1.0,125.0,2022-08-01,2022-12-04,True
adafeb62-39e3-4bb5-885b-5778e2656cb7,f0d1a036-405c-4ace-bc28-7531b4be43b6,2022-03-23,Initial Assessment / SIA,Notification,13,1,12,7.7,46,9,9,0,32.8,163,876.75,0.0,876.75,999,0,999,0.0,23,1,0,22,0.0,2,0,2,0.0,84,21,20,1,669,0,669,0.0,367.8,3.0,0.8,6,0,6,27.1,2,3,0,3,14.5,60,60,1.0,125.0,2022-08-01,2022-12-04,True
39951840-19fa-4e99-90c1-145202e6522b,f0d1a036-405c-4ace-bc28-7531b4be43b6,2022-06-11,Initial Assessment / SIA,Notification,13,0,13,0.0,55,9,8,1,32.5,153,876.75,1.8,874.95,999,2,997,0.2,23,1,0,22,0.0,2,0,2,0.0,84,24,13,11,669,22,647,3.3,367.8,79.8,21.7,6,0,6,19.1,2,3,0,3,16.9,140,140,1.0,125.0,2022-08-01,2022-12-04,True
c955bc39-ff27-4bea-9247-4cae9a3ce7f5,f0d1a036-405c-4ace-bc28-7531b4be43b6,2023-01-23,Objection / Hearing,Land & Ownership Verification,13,2,11,15.4,87,9,6,3,23.1,129,876.75,13.33,863.42,999,15,984,1.5,23,11,7,12,30.4,2,0,2,0.0,84,13,6,7,669,52,617,7.8,367.8,0.0,0.0,6,1,5,4.9,2,3,0,3,30.8,50,366,1.0,211.0,2022-11-30,2023-06-29,True
fdb8f549-64f8-4326-b031-2556ed020224,f0d1a036-405c-4ace-bc28-7531b4be43b6,2023-06-29,Award / Valuation,Compensation Disbursement,13,5,8,38.5,54,9,5,4,17.7,43,876.75,226.89,649.86,999,258,741,25.9,23,8,5,15,21.7,2,1,1,50.0,84,14,2,12,669,64,605,9.6,367.8,4.2,1.1,6,2,4,19.8,2,3,1,2,22.2,0,523,1.0,339.0,2023-06-24,2024-05-28,True
a99bcf44-ec93-438c-9d3a-eec9f260994e,f0d1a036-405c-4ace-bc28-7531b4be43b6,2024-09-01,Rehabilitation & Resettlement,Possession,13,13,0,100.0,0,9,4,5,14.7,12,876.75,628.93,247.82,999,716,283,71.7,23,22,12,1,52.2,2,1,1,50.0,84,2,0,2,669,329,340,49.2,367.8,201.3,54.7,6,3,3,11.0,2,3,2,1,15.4,96,953,1.0,405.0,2023-11-05,2024-12-14,True
6ba8cb49-e6a8-46d2-800a-732fb70a2eec,f0d1a036-405c-4ace-bc28-7531b4be43b6,2024-12-25,Acquisition Completion,,13,13,0,100.0,0,9,5,4,19.3,116,876.75,844.51,32.24,999,962,37,96.3,23,22,15,1,65.2,2,2,0,100.0,84,2,0,2,669,660,9,98.7,367.8,259.7,70.6,6,4,2,6.9,2,3,2,1,39.9,11,1068,,,,,True
05b34c9a-bbe5-40c4-b253-fe633e57e259,7390a067-e74b-4c3e-b436-34499f65ee77,2021-09-02,Award / Valuation,Compensation Disbursement,5,2,3,40.0,12,13,10,3,14.5,22,1005.74,177.29,828.45,1107,195,912,17.6,12,4,2,8,16.7,2,0,2,0.0,65,13,5,8,405,46,359,11.4,207.8,2.9,1.4,9,3,6,24.9,7,15,3,12,33.7,36,423,1.0,262.0,2021-10-31,2022-07-20,True
30a6d63f-0390-486c-8a27-1d858d659dcc,7390a067-e74b-4c3e-b436-34499f65ee77,2021-11-22,Award / Valuation,Compensation Disbursement,5,2,3,40.0,55,13,9,4,14.4,152,1005.74,398.36,607.38,1107,438,669,39.6,12,6,3,6,25.0,2,1,1,50.0,65,7,1,6,405,50,355,12.3,207.8,7.7,3.7,9,4,5,21.0,7,15,6,9,17.2,117,504,1.0,262.0,2021-10-31,2022-07-20,True
548fdb17-3dd0-4dea-a171-9d69d3b3dc25,7390a067-e74b-4c3e-b436-34499f65ee77,2022-05-31,Compensation Disbursement,Rehabilitation & Resettlement,5,3,2,60.0,58,13,8,5,11.2,144,1005.74,452.51,553.23,1107,498,609,45.0,12,8,4,4,33.3,2,1,1,50.0,65,9,0,9,405,207,198,51.1,207.8,62.8,30.2,9,4,5,9.8,7,15,8,7,33.7,165,694,1.0,281.0,2021-12-19,2022-09-26,True
5f3b3815-c719-4057-bc06-fa8b0173709b,7390a067-e74b-4c3e-b436-34499f65ee77,2022-07-07,Compensation Disbursement,Rehabilitation & Resettlement,5,3,2,60.0,26,13,6,7,9.3,117,1005.74,519.88,485.86,1107,572,535,51.7,12,8,4,4,33.3,2,1,1,50.0,65,5,1,4,405,272,133,67.2,207.8,38.3,18.4,9,4,5,28.5,7,15,8,7,35.6,202,731,1.0,281.0,2021-12-19,2022-09-26,True
a9a224a9-75b2-4d5e-9f34-2b326e6d8e18,7390a067-e74b-4c3e-b436-34499f65ee77,2022-11-10,Possession,Acquisition Completion,5,5,0,100.0,0,13,6,7,8.3,83,1005.74,667.24,338.5,1107,734,373,66.3,12,10,6,2,50.0,2,2,0,100.0,65,3,0,3,405,263,142,64.9,207.8,125.5,60.4,9,7,2,24.9,7,15,8,7,8.1,45,857,1.0,406.0,2022-06-14,2023-07-25,True
6894d4ea-837e-4e21-8ab9-221e0b0b5511,7390a067-e74b-4c3e-b436-34499f65ee77,2022-12-17,Acquisition Completion,,5,4,1,80.0,71,13,6,7,8.6,109,1005.74,765.16,240.58,1107,842,265,76.1,12,10,6,2,50.0,2,2,0,100.0,65,2,0,2,405,289,116,71.4,207.8,95.2,45.8,9,6,3,21.3,7,15,10,5,39.5,0,894,,,,,True
2473943f-94be-4dd9-ac76-1c1ae48bccfc,7390a067-e74b-4c3e-b436-34499f65ee77,2022-12-26,Acquisition Completion,,5,5,0,100.0,0,13,6,7,8.1,177,1005.74,808.11,197.63,1107,889,218,80.3,12,11,7,1,58.3,2,1,1,50.0,65,1,0,1,405,326,79,80.5,207.8,132.2,63.6,9,6,3,25.3,7,15,9,6,18.4,9,903,,,,,True
6c723949-9aeb-45ce-9df7-ce8d23e1d39f,7390a067-e74b-4c3e-b436-34499f65ee77,2023-01-14,Acquisition Completion,,5,5,0,100.0,0,13,5,8,7.7,21,1005.74,915.57,90.17,1107,1007,100,91.0,12,11,7,1,58.3,2,2,0,100.0,65,5,0,5,405,273,132,67.4,207.8,114.5,55.1,9,7,2,7.6,7,15,10,5,13.1,28,922,,,,,True
aa19038d-d09f-4888-a7e5-07544efa4483,aab7c587-d102-44d8-8458-0c5d79a98606,2022-10-11,Initial Assessment / SIA,Notification,12,0,12,0.0,32,3,3,0,21.8,23,360.56,30.7,329.86,1628,138,1490,8.5,10,2,1,8,10.0,4,0,4,0.0,90,27,22,5,1260,94,1166,7.5,282.1,0.0,0.0,11,0,11,14.7,7,16,1,15,39.0,88,88,1.0,39.0,2022-11-01,2022-12-10,True
c6673275-5025-412b-baf5-c80d1dfb41cd,aab7c587-d102-44d8-8458-0c5d79a98606,2023-05-27,Land & Ownership Verification,Award / Valuation,12,5,7,41.7,26,3,3,0,19.5,79,360.56,45.65,314.91,1628,206,1422,12.7,10,4,2,6,20.0,4,1,3,25.0,90,15,3,12,1260,84,1176,6.7,282.1,0.0,0.0,11,4,7,24.1,7,16,6,10,14.6,35,316,1.0,91.0,2023-07-30,2023-10-29,True
cb7598ca-b810-4d6c-ab2d-e8702eadff5f,aab7c587-d102-44d8-8458-0c5d79a98606,2023-07-17,Award / Valuation,Compensation Disbursement,12,5,7,41.7,46,3,3,0,21.3,141,360.56,89.9,270.66,1628,405,1223,24.9,10,4,3,6,30.0,4,1,3,25.0,90,6,2,4,1260,0,1260,0.0,282.1,22.8,8.1,11,5,6,25.2,7,16,4,12,33.8,22,367,1.0,110.0,2023-10-21,2024-02-08,True
33e7cb7e-60a7-451c-be22-86938ba8e5da,aab7c587-d102-44d8-8458-0c5d79a98606,2023-08-20,Award / Valuation,Compensation Disbursement,12,5,7,41.7,41,3,3,0,20.2,99,360.56,62.75,297.81,1628,283,1345,17.4,10,5,2,5,20.0,4,2,2,50.0,90,17,3,14,1260,249,1011,19.8,282.1,18.1,6.4,11,3,8,9.7,7,16,4,12,42.3,56,401,1.0,110.0,2023-10-21,2024-02-08,True
268a2d85-b3e1-49e3-ae5b-dc874634ff92,aab7c587-d102-44d8-8458-0c5d79a98606,2023-10-06,Award / Valuation,Compensation Disbursement,12,6,6,50.0,75,3,2,1,17.7,44,360.56,119.18,241.38,1628,538,1090,33.1,10,5,3,5,30.0,4,2,2,50.0,90,10,1,9,1260,204,1056,16.2,282.1,25.2,8.9,11,6,5,16.2,7,16,6,10,9.5,103,448,1.0,110.0,2023-10-21,2024-02-08,True
e12c4150-a602-45ec-b052-60a653d87db8,2785553a-4706-4053-9bb4-9d2ba3d8127c,2021-05-22,Land & Ownership Verification,Award / Valuation,8,3,5,37.5,45,10,7,3,11.4,57,750.1,200.69,549.41,1016,271,745,26.8,28,12,8,16,28.6,5,3,2,60.0,33,4,1,3,342,48,294,14.0,174.8,20.7,11.8,15,5,10,8.8,3,18,7,11,21.8,7,370,1.0,193.0,2021-08-01,2022-02-10,True
b6002b36-470e-49d7-b69b-7c349cff0d2c,2785553a-4706-4053-9bb4-9d2ba3d8127c,2021-06-13,Land & Ownership Verification,Award / Valuation,8,5,3,62.5,16,10,7,3,12.2,128,750.1,180.85,569.25,1016,244,772,24.1,28,16,11,12,39.3,5,3,2,60.0,33,2,1,1,342,45,297,13.2,174.8,22.3,12.8,15,9,6,12.7,3,18,8,10,25.7,29,392,1.0,193.0,2021-08-01,2022-02-10,True
db9d82d2-34ed-4da2-84ac-0eebb717ab48,2785553a-4706-4053-9bb4-9d2ba3d8127c,2022-02-28,Compensation Disbursement,Rehabilitation & Resettlement,8,8,0,100.0,0,10,5,5,7.5,92,750.1,496.65,253.45,1016,672,344,66.2,28,24,17,4,60.7,5,4,1,80.0,33,3,0,3,342,202,140,59.1,174.8,75.6,43.2,15,10,5,5.5,3,18,11,7,40.7,18,652,1.0,237.0,2021-11-16,2022-07-11,True
5d18e3e6-72fb-42cf-b949-9548613f2e14,2785553a-4706-4053-9bb4-9d2ba3d8127c,2022-07-21,Possession,Acquisition Completion,8,7,1,87.5,85,10,3,7,4.8,50,750.1,622.66,127.44,1016,843,173,83.0,28,28,17,0,60.7,5,4,1,80.0,33,0,0,0,342,288,54,84.2,174.8,130.8,74.8,15,13,2,9.5,3,18,9,9,41.2,10,795,1.0,260.0,2022-02-06,2022-10-24,True
990ab86c-65d8-4d6e-ad0e-17fc41b618b7,2785553a-4706-4053-9bb4-9d2ba3d8127c,2022-10-09,Acquisition Completion,,8,7,1,87.5,60,10,3,7,4.4,15,750.1,743.67,6.43,1016,1007,9,99.1,28,28,20,0,71.4,5,4,1,80.0,33,1,0,1,342,342,0,100.0,174.8,169.3,96.9,15,14,1,18.0,3,18,14,4,29.6,49,875,,,,,True
7c6d211b-9ae0-4f05-b5dd-d6d5745d85c0,5fd63230-f44d-42c0-8967-4edeb5bb4393,2020-11-03,Initial Assessment / SIA,Notification,12,0,12,0.0,13,12,12,0,23.2,47,314.88,0.0,314.88,1074,0,1074,0.0,22,0,0,22,0.0,2,0,2,0.0,24,8,7,1,690,95,595,13.8,233.1,0.0,0.0,22,1,21,22.3,6,8,0,8,16.8,57,57,0.0,24.0,2021-01-23,2021-02-16,True
efbd182e-57b3-4d14-86cd-07e158e09537,5fd63230-f44d-42c0-8967-4edeb5bb4393,2021-04-05,Objection / Hearing,Land & Ownership Verification,12,3,9,25.0,63,12,11,1,19.8,21,314.88,49.63,265.25,1074,169,905,15.8,22,6,4,16,18.2,2,0,2,0.0,24,4,3,1,690,26,664,3.8,233.1,22.0,9.4,22,4,18,4.0,6,8,2,6,16.5,48,210,1.0,71.0,2021-08-30,2021-11-09,True
4c4ed3f3-cd8e-45f3-a12a-29b3fffa61b6,5fd63230-f44d-42c0-8967-4edeb5bb4393,2021-06-13,Objection / Hearing,Land & Ownership Verification,12,4,8,33.3,41,12,8,4,14.7,179,314.88,64.9,249.98,1074,221,853,20.6,22,7,6,15,27.3,2,0,2,0.0,24,5,3,2,690,26,664,3.8,233.1,0.0,0.0,22,6,16,27.4,6,8,2,6,6.6,117,279,1.0,71.0,2021-08-30,2021-11-09,True
3d25d013-238d-4adb-9689-05b97893349d,5fd63230-f44d-42c0-8967-4edeb5bb4393,2021-09-01,Land & Ownership Verification,Award / Valuation,12,3,9,25.0,13,12,8,4,15.0,169,314.88,111.65,203.23,1074,380,694,35.5,22,9,5,13,22.7,2,1,1,50.0,24,4,1,3,690,128,562,18.6,233.1,18.2,7.8,22,10,12,23.1,6,8,2,6,22.6,43,359,1.0,78.0,2021-11-25,2022-02-11,True
f406cf04-04e0-4ac2-a5ad-d3061bf79f29,5fd63230-f44d-42c0-8967-4edeb5bb4393,2022-01-11,Award / Valuation,Compensation Disbursement,12,7,5,58.3,89,12,8,4,14.0,115,314.88,130.77,184.11,1074,446,628,41.5,22,11,7,11,31.8,2,1,1,50.0,24,2,1,1,690,205,485,29.7,233.1,69.6,29.9,22,10,12,11.0,6,8,2,6,38.9,63,491,1.0,79.0,2022-01-16,2022-04-05,True
81aa53ad-d20e-49df-898f-df61efc90462,5fd63230-f44d-42c0-8967-4edeb5bb4393,2022-03-11,Compensation Disbursement,Rehabilitation & Resettlement,12,9,3,75.0,36,12,7,5,12.2,51,314.88,130.76,184.12,1074,446,628,41.5,22,12,8,10,36.4,2,1,1,50.0,24,3,0,3,690,208,482,30.1,233.1,88.8,38.1,22,14,8,16.0,6,8,4,4,20.0,28,550,1.0,97.0,2022-04-20,2022-07-26,True
613e5a84-2484-44d6-9687-f1eb90c15ca2,5fd63230-f44d-42c0-8967-4edeb5bb4393,2022-04-07,Rehabilitation & Resettlement,Possession,12,9,3,75.0,19,12,6,6,11.5,109,314.88,197.46,117.42,1074,673,401,62.7,22,14,10,8,45.5,2,1,1,50.0,24,2,0,2,690,403,287,58.4,233.1,61.8,26.5,22,15,7,6.9,6,8,5,3,27.5,2,577,1.0,126.0,2022-07-21,2022-11-24,True
1c1cbe8e-a334-4c8e-b4e5-c82983ec9604,5fd63230-f44d-42c0-8967-4edeb5bb4393,2022-07-07,Rehabilitation & Resettlement,Possession,12,11,1,91.7,85,12,5,7,9.5,133,314.88,203.16,111.72,1074,692,382,64.5,22,16,11,6,50.0,2,2,0,100.0,24,1,0,1,690,521,169,75.5,233.1,122.7,52.6,22,17,5,27.6,6,8,5,3,41.9,93,668,1.0,126.0,2022-07-21,2022-11-24,True
f99c66fe-114c-4c49-a4ae-b2114d9c1631,5fd63230-f44d-42c0-8967-4edeb5bb4393,2022-10-15,Possession,Acquisition Completion,12,12,0,100.0,0,12,4,8,7.3,161,314.88,290.28,24.6,1074,990,84,92.2,22,21,15,1,68.2,2,2,0,100.0,24,2,0,2,690,470,220,68.1,233.1,138.5,59.4,22,20,2,27.6,6,8,5,3,5.6,81,768,1.0,142.0,2022-10-10,2023-03-01,True
391c9727-74c0-43bd-9e87-d0fa7ffc8b59,a44794d2-64ff-4fb9-92b9-436fc2b3151f,2022-03-03,Initial Assessment / SIA,Notification,11,1,10,9.1,60,13,13,0,18.0,175,581.58,0.0,581.58,946,0,946,0.0,8,0,0,8,0.0,5,0,5,0.0,90,16,16,0,907,0,907,0.0,180.3,0.0,0.0,12,2,10,27.7,2,11,0,11,21.7,29,29,0.0,14.0,2022-08-21,2022-09-04,True
ee17e303-0d26-42cd-a894-ed28b02cb5ed,a44794d2-64ff-4fb9-92b9-436fc2b3151f,2022-04-09,Initial Assessment / SIA,Notification,11,0,11,0.0,34,13,12,1,16.1,80,581.58,31.7,549.88,946,51,895,5.5,8,0,0,8,0.0,5,0,5,0.0,90,13,13,0,907,0,907,0.0,180.3,0.0,0.0,12,1,11,18.9,2,11,1,10,31.6,66,66,0.0,14.0,2022-08-21,2022-09-04,True
4e90033e-3a17-4a67-b46d-53344c5f3d1a,a44794d2-64ff-4fb9-92b9-436fc2b3151f,2022-10-07,Objection / Hearing,Land & Ownership Verification,11,4,7,36.4,72,13,8,5,10.6,136,581.58,112.47,469.11,946,182,764,19.3,8,3,1,5,12.5,5,1,4,20.0,90,27,14,13,907,153,754,16.9,180.3,9.5,5.3,12,4,8,17.7,2,11,3,8,23.8,33,247,1.0,54.0,2023-01-09,2023-03-04,True
c2bd7e12-1ea6-4653-b706-08ff53ed63b6,a44794d2-64ff-4fb9-92b9-436fc2b3151f,2022-11-03,Objection / Hearing,Land & Ownership Verification,11,6,5,54.5,70,13,9,4,11.5,94,581.58,134.62,446.96,946,218,728,23.1,8,1,0,7,0.0,5,2,3,40.0,90,8,3,5,907,133,774,14.7,180.3,0.0,0.0,12,3,9,15.0,2,11,4,7,20.1,60,274,1.0,54.0,2023-01-09,2023-03-04,True
e54479fa-4919-4799-9265-bb0945492ca4,a44794d2-64ff-4fb9-92b9-436fc2b3151f,2022-11-10,Objection / Hearing,Land & Ownership Verification,11,4,7,36.4,34,13,9,4,11.5,56,581.58,101.63,479.95,946,165,781,17.5,8,2,1,6,12.5,5,2,3,40.0,90,13,9,4,907,0,907,0.0,180.3,0.0,0.0,12,3,9,24.6,2,11,4,7,30.8,67,281,1.0,54.0,2023-01-09,2023-03-04,True
dd5bdea3-ed63-419e-8f93-82b313cb53be,a44794d2-64ff-4fb9-92b9-436fc2b3151f,2022-12-12,Objection / Hearing,Land & Ownership Verification,11,5,6,45.5,28,13,8,5,9.9,68,581.58,141.88,439.7,946,230,716,24.4,8,4,2,4,25.0,5,2,3,40.0,90,18,8,10,907,135,772,14.9,180.3,0.0,0.0,12,6,6,28.5,2,11,4,7,13.6,99,313,1.0,54.0,2023-01-09,2023-03-04,True
eb2219c6-4285-4488-8be0-f1100f6f5336,a44794d2-64ff-4fb9-92b9-436fc2b3151f,2023-03-10,Award / Valuation,Compensation Disbursement,11,8,3,72.7,70,13,8,5,9.9,163,581.58,276.65,304.93,946,450,496,47.6,8,4,2,4,25.0,5,4,1,80.0,90,5,0,5,907,335,572,36.9,180.3,23.5,13.0,12,7,5,14.5,2,11,4,7,8.8,6,401,1.0,76.0,2023-04-14,2023-06-29,True
3b177ed7-a53a-4230-ada8-b7ac36110929,a44794d2-64ff-4fb9-92b9-436fc2b3151f,2023-06-23,Compensation Disbursement,Rehabilitation & Resettlement,11,9,2,81.8,42,13,6,7,8.2,14,581.58,268.67,312.91,946,437,509,46.2,8,6,4,2,50.0,5,5,0,100.0,90,4,0,4,907,396,511,43.7,180.3,63.9,35.4,12,8,4,26.2,2,11,5,6,26.6,53,506,1.0,87.0,2023-05-19,2023-08-14,True
a8e28f47-37f2-4934-b456-9db94fa8eeed,b8c74c7a-c080-4560-b00c-12ec52f6deef,2021-09-07,Objection / Hearing,Land & Ownership Verification,9,4,5,44.4,75,16,12,4,8.7,112,487.57,76.25,411.32,1772,277,1495,15.6,24,7,4,17,16.7,8,3,5,37.5,50,5,2,3,1382,118,1264,8.5,125.7,0.5,0.4,4,0,4,22.1,4,3,1,2,9.6,81,261,1.0,205.0,2021-09-23,2022-04-16,True
7863070a-d110-404c-bd44-5192a1e12b0a,b8c74c7a-c080-4560-b00c-12ec52f6deef,2021-11-22,Land & Ownership Verification,Award / Valuation,9,4,5,44.4,47,16,11,5,8.6,72,487.57,119.8,367.77,1772,435,1337,24.6,24,13,7,11,29.2,8,5,3,62.5,50,9,2,7,1382,312,1070,22.6,125.7,18.3,14.6,4,2,2,7.8,4,3,1,2,36.8,8,337,1.0,255.0,2021-12-05,2022-08-17,True
09f66e74-56d1-4a4e-8807-eb6ee9568898,b8c74c7a-c080-4560-b00c-12ec52f6deef,2021-12-24,Land & Ownership Verification,Award / Valuation,9,5,4,55.6,37,16,9,7,6.6,11,487.57,205.0,282.57,1772,745,1027,42.0,24,13,10,11,41.7,8,5,3,62.5,50,2,0,2,1382,580,802,42.0,125.7,26.2,20.8,4,2,2,11.4,4,3,1,2,44.6,40,369,1.0,255.0,2021-12-05,2022-08-17,True
51e3f9ec-5dc1-4cd6-a72e-25f381b95cdf,b8c74c7a-c080-4560-b00c-12ec52f6deef,2022-02-25,Land & Ownership Verification,Award / Valuation,9,8,1,88.9,77,16,7,9,5.3,158,487.57,285.06,202.51,1772,1035,737,58.5,24,19,11,5,45.8,8,8,0,100.0,50,3,0,3,1382,616,766,44.6,125.7,45.9,36.5,4,2,2,4.1,4,3,1,2,18.0,103,432,1.0,255.0,2021-12-05,2022-08-17,True
6812d78b-ec98-4d14-8504-06cc44baa325,b8c74c7a-c080-4560-b00c-12ec52f6deef,2022-04-14,Land & Ownership Verification,Award / Valuation,9,7,2,77.8,44,16,8,8,6.0,170,487.57,327.85,159.72,1772,1191,581,67.2,24,18,13,6,54.2,8,7,1,87.5,50,3,0,3,1382,863,519,62.4,125.7,53.1,42.2,4,3,1,7.3,4,3,1,2,22.1,151,480,1.0,255.0,2021-12-05,2022-08-17,True
57cb72a0-9a83-4753-9973-585c1c5b00b3,b8c74c7a-c080-4560-b00c-12ec52f6deef,2022-06-09,Award / Valuation,Compensation Disbursement,9,9,0,100.0,0,16,8,8,5.8,164,487.57,328.11,159.46,1772,1192,580,67.3,24,20,13,4,54.2,8,8,0,100.0,50,6,1,5,1382,907,475,65.6,125.7,83.7,66.6,4,2,2,13.8,4,3,1,2,12.9,54,536,1.0,288.0,2022-01-24,2022-11-08,True
50f76229-69b1-45ab-93c7-9954e6a7939d,b8c74c7a-c080-4560-b00c-12ec52f6deef,2022-09-14,Compensation Disbursement,Rehabilitation & Resettlement,9,8,1,88.9,39,16,5,11,3.4,34,487.57,374.62,112.95,1772,1361,411,76.8,24,22,15,2,62.5,8,8,0,100.0,50,2,0,2,1382,1350,32,97.7,125.7,99.0,78.8,4,3,1,6.6,4,3,2,1,33.5,28,633,,,,,True
17d7c54f-dd6a-46bf-b7ba-2eba4a9400ae,ada96b9b-b46e-43ed-bc97-74c3663f97e0,2020-04-18,Initial Assessment / SIA,Notification,4,0,4,0.0,49,2,2,0,40.8,165,1381.65,0.0,1381.65,696,0,696,0.0,19,0,0,19,0.0,9,0,9,0.0,47,8,8,0,638,13,625,2.0,473.6,0.0,0.0,24,4,20,25.6,7,9,0,9,16.1,14,14,1.0,115.0,2020-08-25,2020-12-18,True
944d368b-5259-4c56-a0b3-67ec658fe624,ada96b9b-b46e-43ed-bc97-74c3663f97e0,2020-05-24,Initial Assessment / SIA,Notification,4,0,4,0.0,5,2,2,0,44.3,57,1381.65,0.0,1381.65,696,0,696,0.0,19,0,0,19,0.0,9,0,9,0.0,47,11,10,1,638,0,638,0.0,473.6,0.0,0.0,24,2,22,5.9,7,9,0,9,22.0,50,50,1.0,115.0,2020-08-25,2020-12-18,True
1e306fec-942f-4181-a1d1-76e4b9d01c1e,ada96b9b-b46e-43ed-bc97-74c3663f97e0,2020-07-25,Initial Assessment / SIA,Notification,4,0,4,0.0,51,2,2,0,42.1,19,1381.65,0.0,1381.65,696,0,696,0.0,19,0,0,19,0.0,9,1,8,11.1,47,8,8,0,638,57,581,8.9,473.6,0.0,0.0,24,4,20,21.4,7,9,0,9,36.8,112,112,1.0,115.0,2020-08-25,2020-12-18,True
ecbe59ba-741b-44c7-9ff6-a4d6fb333ddd,ada96b9b-b46e-43ed-bc97-74c3663f97e0,2020-12-01,Notification,Objection / Hearing,4,1,3,25.0,50,2,2,0,37.6,66,1381.65,0.0,1381.65,696,0,696,0.0,19,3,2,16,10.5,9,2,7,22.2,47,13,10,3,638,34,604,5.3,473.6,0.0,0.0,24,3,21,29.3,7,9,3,6,12.0,59,241,1.0,213.0,2020-11-21,2021-06-22,True
27710e47-52f2-4ba4-b4af-aeba7990870d,ada96b9b-b46e-43ed-bc97-74c3663f97e0,2021-06-03,Objection / Hearing,Land & Ownership Verification,4,1,3,25.0,67,2,2,0,30.7,97,1381.65,360.76,1020.89,696,181,515,26.1,19,8,5,11,26.3,9,3,6,33.3,47,9,4,5,638,93,545,14.6,473.6,0.0,0.0,24,6,18,9.3,7,9,2,7,6.7,167,425,1.0,268.0,2020-12-23,2021-09-17,True
1dfa4bc9-abc7-4971-b185-c0870b30f59e,ada96b9b-b46e-43ed-bc97-74c3663f97e0,2021-10-26,Award / Valuation,Compensation Disbursement,4,2,2,50.0,24,2,2,0,25.5,177,1381.65,329.59,1052.06,696,166,530,23.9,19,7,3,12,15.8,9,5,4,55.6,47,8,2,6,638,117,521,18.3,473.6,32.3,6.8,24,10,14,22.0,7,9,4,5,20.5,39,570,1.0,431.0,2021-06-20,2022-08-25,True
da47e25a-5bb1-456e-b43b-16dd3643ab5b,ada96b9b-b46e-43ed-bc97-74c3663f97e0,2021-10-30,Award / Valuation,Compensation Disbursement,4,2,2,50.0,16,2,1,1,23.0,175,1381.65,480.07,901.58,696,241,455,34.7,19,7,4,12,21.1,9,6,3,66.7,47,10,3,7,638,160,478,25.1,473.6,78.7,16.6,24,13,11,16.9,7,9,3,6,24.0,43,574,1.0,431.0,2021-06-20,2022-08-25,True
b08bb957-669c-4f40-9034-2cae57a9caa4,ada96b9b-b46e-43ed-bc97-74c3663f97e0,2022-07-20,Compensation Disbursement,Rehabilitation & Resettlement,4,3,1,75.0,28,2,1,1,20.3,73,1381.65,791.62,590.03,696,398,298,57.3,19,14,12,5,63.2,9,9,0,100.0,47,1,0,1,638,369,269,57.8,473.6,215.7,45.5,24,17,7,3.9,7,9,4,5,32.5,143,837,1.0,458.0,2021-08-22,2022-11-23,True
da748d1d-9a98-417c-8a34-8daac0f0f45b,ada96b9b-b46e-43ed-bc97-74c3663f97e0,2023-04-03,Acquisition Completion,,4,4,0,100.0,0,2,1,1,9.8,158,1381.65,1169.28,212.37,696,589,107,84.6,19,18,13,1,68.4,9,9,0,100.0,47,0,0,0,638,510,128,79.9,473.6,383.4,81.0,24,21,3,28.2,7,9,6,3,15.6,42,1094,,,,,True
d339e3ba-2937-4b3e-8632-634d8b2b2a97,ada96b9b-b46e-43ed-bc97-74c3663f97e0,2023-06-30,Acquisition Completion,,4,4,0,100.0,0,2,1,1,10.9,87,1381.65,1209.41,172.24,696,609,87,87.5,19,19,12,0,63.2,9,9,0,100.0,47,1,0,1,638,638,0,100.0,473.6,441.8,93.3,24,24,0,25.5,7,9,8,1,39.1,130,1182,,,,,True
b50142c7-76bf-498a-9144-f907562f16e7,9d3271d9-17d5-4ef2-9f26-a5aa99cce0cb,2020-11-23,Initial Assessment / SIA,Notification,5,0,5,0.0,37,14,14,0,12.3,101,232.08,0.0,232.08,1655,0,1655,0.0,20,1,0,19,0.0,9,1,8,11.1,51,12,11,1,318,9,309,2.8,123.3,2.5,2.0,22,0,22,27.0,4,15,0,15,28.3,27,27,0.0,17.0,2021-03-29,2021-04-15,True
5eb12aeb-a7e7-4029-88ff-76a1b2b3e754,9d3271d9-17d5-4ef2-9f26-a5aa99cce0cb,2020-12-05,Initial Assessment / SIA,Notification,5,0,5,0.0,70,14,13,1,11.4,66,232.08,12.13,219.95,1655,86,1569,5.2,20,4,2,16,10.0,9,0,9,0.0,51,17,17,0,318,0,318,0.0,123.3,0.0,0.0,22,0,22,21.6,4,15,0,15,35.9,39,39,0.0,17.0,2021-03-29,2021-04-15,True
c75623b7-d8cf-4e25-bee3-692bf6c037c2,9d3271d9-17d5-4ef2-9f26-a5aa99cce0cb,2021-02-12,Initial Assessment / SIA,Notification,5,0,5,0.0,82,14,13,1,11.0,167,232.08,0.0,232.08,1655,0,1655,0.0,20,3,2,17,10.0,9,0,9,0.0,51,12,8,4,318,0,318,0.0,123.3,0.0,0.0,22,3,19,18.2,4,15,3,12,17.7,108,108,0.0,17.0,2021-03-29,2021-04-15,True
a0283071-4ab6-4219-a29c-a4e5ce105c41,9d3271d9-17d5-4ef2-9f26-a5aa99cce0cb,2021-03-26,Notification,Objection / Hearing,5,0,5,0.0,43,14,14,0,11.6,63,232.08,0.0,232.08,1655,0,1655,0.0,20,4,2,16,10.0,9,3,6,33.3,51,5,4,1,318,0,318,0.0,123.3,0.0,0.0,22,0,22,22.6,4,15,4,11,24.3,36,150,1.0,50.0,2021-07-03,2021-08-22,True
e2a2c636-0b57-449a-afd0-ab50d92a8df8,9d3271d9-17d5-4ef2-9f26-a5aa99cce0cb,2021-07-07,Objection / Hearing,Land & Ownership Verification,5,1,4,20.0,27,14,13,1,11.1,174,232.08,13.96,218.12,1655,99,1556,6.0,20,5,3,15,15.0,9,2,7,22.2,51,7,5,2,318,0,318,0.0,123.3,5.4,4.4,22,5,17,17.5,4,15,2,13,29.4,83,253,1.0,67.0,2021-09-18,2021-11-24,True
e682cfc5-49b1-4cb6-8724-2d33ebfc5fe8,9d3271d9-17d5-4ef2-9f26-a5aa99cce0cb,2023-01-07,Possession,Acquisition Completion,5,4,1,80.0,9,14,6,8,4.8,120,232.08,210.43,21.65,1655,1500,155,90.7,20,16,11,4,55.0,9,8,1,88.9,51,3,0,3,318,240,78,75.5,123.3,73.5,59.6,22,19,3,21.8,4,15,10,5,40.6,74,802,1.0,196.0,2022-11-16,2023-05-31,True
3a549322-86f5-4c63-b156-2e8796f1802c,9d3271d9-17d5-4ef2-9f26-a5aa99cce0cb,2023-01-21,Acquisition Completion,,5,4,1,80.0,33,14,6,8,4.7,175,232.08,207.94,24.14,1655,1482,173,89.6,20,15,12,5,60.0,9,8,1,88.9,51,2,0,2,318,259,59,81.4,123.3,102.2,82.9,22,19,3,15.8,4,15,11,4,35.2,10,816,,,,,True
c95866a9-9ee8-47e3-a504-db2e2bea2b56,9d3271d9-17d5-4ef2-9f26-a5aa99cce0cb,2023-04-19,Acquisition Completion,,5,4,1,80.0,63,14,5,9,3.7,74,232.08,223.06,9.02,1655,1590,65,96.1,20,20,17,0,85.0,9,8,1,88.9,51,0,0,0,318,281,37,88.4,123.3,103.9,84.3,22,21,1,18.9,4,15,12,3,11.9,98,904,,,,,True
f7a37c7c-f305-4862-a248-bf40949e438c,9d3271d9-17d5-4ef2-9f26-a5aa99cce0cb,2023-05-10,Acquisition Completion,,5,5,0,100.0,0,14,1,13,0.2,22,232.08,217.58,14.5,1655,1551,104,93.8,20,19,14,1,70.0,9,8,1,88.9,51,0,0,0,318,318,0,100.0,123.3,112.6,91.3,22,22,0,24.2,4,15,10,5,6.5,119,925,,,,,True
cb2b6f08-610e-48cb-a76b-1d305bec1d0a,25405637-0d57-4486-9b90-7c9711bbbcaa,2022-02-04,Notification,Objection / Hearing,9,3,6,33.3,57,3,3,0,41.8,168,2462.02,129.19,2332.83,190,9,181,5.2,6,1,0,5,0.0,9,1,8,11.1,49,9,9,0,36,0,36,0.0,496.2,36.3,7.3,6,0,6,24.0,5,15,3,12,7.7,82,198,1.0,125.0,2022-02-22,2022-06-27,True
470af756-92ed-4928-9d24-84fc2fddbabb,25405637-0d57-4486-9b90-7c9711bbbcaa,2022-08-11,Land & Ownership Verification,Award / Valuation,9,5,4,55.6,13,3,2,1,24.6,64,2462.02,887.77,1574.25,190,68,122,36.1,6,2,1,4,16.7,9,6,3,66.7,49,12,5,7,36,8,28,22.2,496.2,5.0,1.0,6,3,3,18.5,5,15,6,9,30.8,45,386,1.0,184.0,2022-05-17,2022-11-17,True
da126342-3970-40bd-abb5-f52399085b15,25405637-0d57-4486-9b90-7c9711bbbcaa,2022-12-23,Compensation Disbursement,Rehabilitation & Resettlement,9,6,3,66.7,40,3,2,1,25.7,52,2462.02,1079.17,1382.85,190,83,107,43.8,6,4,3,2,50.0,9,6,3,66.7,49,3,0,3,36,16,20,44.4,496.2,183.3,36.9,6,3,3,21.8,5,15,7,8,38.0,36,520,1.0,247.0,2022-12-19,2023-08-23,True
0f0c0821-42d4-4f16-8813-e9acf830d3c3,25405637-0d57-4486-9b90-7c9711bbbcaa,2023-03-31,Compensation Disbursement,Rehabilitation & Resettlement,9,6,3,66.7,31,3,2,1,22.1,21,2462.02,1399.87,1062.15,190,108,82,56.9,6,4,3,2,50.0,9,7,2,77.8,49,8,0,8,36,24,12,66.7,496.2,274.8,55.4,6,3,3,28.9,5,15,8,7,44.7,134,618,1.0,247.0,2022-12-19,2023-08-23,True
0040da8b-b4f2-423f-9fab-cafe30bbb782,25405637-0d57-4486-9b90-7c9711bbbcaa,2023-05-15,Rehabilitation & Resettlement,Possession,9,8,1,88.9,56,3,2,1,24.8,43,2462.02,1869.5,592.52,190,144,46,75.9,6,3,2,3,33.3,9,8,1,88.9,49,4,0,4,36,24,12,66.7,496.2,237.7,47.9,6,3,3,16.6,5,15,9,6,18.4,33,663,1.0,257.0,2023-01-24,2023-10-08,True
14b3b73d-6cfd-4af5-b3c7-0bf0ec059240,25405637-0d57-4486-9b90-7c9711bbbcaa,2023-09-22,Possession,Acquisition Completion,9,9,0,100.0,0,3,2,1,19.5,55,2462.02,2337.2,124.82,190,180,10,94.9,6,5,3,1,50.0,9,7,2,77.8,49,4,0,4,36,30,6,83.3,496.2,363.1,73.2,6,5,1,14.0,5,15,12,3,19.7,30,793,1.0,288.0,2023-03-28,2024-01-10,True
f1acc688-47d8-4911-a55d-44fb9e181f0f,25405637-0d57-4486-9b90-7c9711bbbcaa,2024-01-01,Acquisition Completion,,9,9,0,100.0,0,3,1,2,10.8,85,2462.02,2462.02,0.0,190,190,0,100.0,6,6,3,0,50.0,9,9,0,100.0,49,2,0,2,36,33,3,91.7,496.2,483.1,97.4,6,6,0,18.2,5,15,13,2,22.4,85,894,,,,,True
167ebac1-a966-4d26-89c1-6ac98a07cc01,bd8693a0-446a-4827-bd28-e700fe6be979,2022-01-19,Initial Assessment / SIA,Notification,3,0,3,0.0,9,17,12,5,9.6,163,477.78,0.0,477.78,1284,0,1284,0.0,5,0,0,5,0.0,3,0,3,0.0,8,2,2,0,983,120,863,12.2,137.0,16.0,11.7,6,0,6,25.1,2,5,0,5,37.7,86,86,1.0,41.0,2022-03-13,2022-04-23,True
4eae355c-a02d-4666-b92e-b94ff5b4bf54,bd8693a0-446a-4827-bd28-e700fe6be979,2022-07-03,Objection / Hearing,Land & Ownership Verification,3,1,2,33.3,82,17,15,2,11.4,115,477.78,4.12,473.66,1284,11,1273,0.9,5,1,0,4,0.0,3,0,3,0.0,8,1,1,0,983,11,972,1.1,137.0,0.0,0.0,6,0,6,6.4,2,5,1,4,24.9,71,251,1.0,130.0,2022-10-20,2023-02-27,True
e6dc3d04-7ddd-42a7-8413-730479cd3a7f,bd8693a0-446a-4827-bd28-e700fe6be979,2023-06-16,Award / Valuation,Compensation Disbursement,3,2,1,66.7,50,17,10,7,7.6,136,477.78,197.33,280.45,1284,530,754,41.3,5,3,2,2,40.0,3,1,2,33.3,8,1,1,0,983,388,595,39.5,137.0,35.7,26.1,6,4,2,17.4,2,5,1,4,24.2,109,599,1.0,217.0,2023-04-22,2023-11-25,True
3e8bbf14-066d-4547-9e47-7168ba626a8b,bd8693a0-446a-4827-bd28-e700fe6be979,2023-12-10,Rehabilitation & Resettlement,Possession,3,3,0,100.0,0,17,5,12,3.6,62,477.78,330.27,147.51,1284,887,397,69.1,5,4,3,1,60.0,3,3,0,100.0,8,1,0,1,983,758,225,77.1,137.0,79.1,57.7,6,4,2,19.2,2,5,3,2,16.6,15,776,1.0,260.0,2023-07-21,2024-04-06,True
cb8cbcf4-dda3-409a-aab3-818cc2f3abc1,bd8693a0-446a-4827-bd28-e700fe6be979,2024-03-04,Possession,Acquisition Completion,3,2,1,66.7,48,17,8,9,5.8,127,477.78,426.49,51.29,1284,1146,138,89.3,5,4,2,1,40.0,3,2,1,66.7,8,0,0,0,983,795,188,80.9,137.0,83.4,60.9,6,4,2,4.8,2,5,4,1,35.0,3,861,1.0,303.0,2023-10-03,2024-08-01,True
293aa751-63b5-4f61-830d-4f20c1a651fc,bd8693a0-446a-4827-bd28-e700fe6be979,2024-05-30,Acquisition Completion,,3,2,1,66.7,41,17,4,13,2.9,169,477.78,422.58,55.2,1284,1135,149,88.4,5,5,3,0,60.0,3,2,1,66.7,8,0,0,0,983,867,116,88.2,137.0,112.6,82.2,6,5,1,28.5,2,5,4,1,16.9,54,948,,,,,True
4f401d55-87ca-420e-9eed-844e7c3f8e09,b4bce46b-eec6-41ad-8184-11c34e59a056,2020-07-15,Initial Assessment / SIA,Notification,13,1,12,7.7,45,19,19,0,45.8,115,1674.6,152.84,1521.76,846,77,769,9.1,21,0,0,21,0.0,7,0,7,0.0,49,18,18,0,531,31,500,5.8,465.5,0.0,0.0,4,0,4,25.7,4,8,1,7,44.3,72,72,1.0,59.0,2020-09-06,2020-11-04,True
2437c0cf-071e-4802-88ea-463b08cefe58,b4bce46b-eec6-41ad-8184-11c34e59a056,2020-09-18,Notification,Objection / Hearing,13,3,10,23.1,36,19,16,3,39.1,55,1674.6,20.32,1654.28,846,10,836,1.2,21,1,0,20,0.0,7,2,5,28.6,49,10,8,2,531,29,502,5.5,465.5,0.0,0.0,4,0,4,14.2,4,8,0,8,12.5,61,137,1.0,72.0,2020-11-18,2021-01-29,True
b7636f73-7ab7-4d73-9109-fa237258e71f,b4bce46b-eec6-41ad-8184-11c34e59a056,2020-12-26,Objection / Hearing,Land & Ownership Verification,13,4,9,30.8,80,19,14,5,33.2,19,1674.6,197.05,1477.55,846,99,747,11.8,21,8,4,13,19.0,7,2,5,28.6,49,12,6,6,531,11,520,2.1,465.5,54.8,11.8,4,0,4,18.4,4,8,2,6,25.1,52,236,1.0,107.0,2021-01-28,2021-05-15,True
7cdd90b1-65d9-4071-a708-98483c727245,b4bce46b-eec6-41ad-8184-11c34e59a056,2021-06-22,Award / Valuation,Compensation Disbursement,13,8,5,61.5,76,19,13,6,31.0,178,1674.6,678.05,996.55,846,342,504,40.5,21,13,10,8,47.6,7,4,3,57.1,49,11,3,8,531,166,365,31.3,465.5,46.6,10.0,4,1,3,23.0,4,8,3,5,7.5,38,414,1.0,150.0,2021-06-12,2021-11-09,True
f9e29618-053d-4752-a96e-0a5b1ee196e2,b4bce46b-eec6-41ad-8184-11c34e59a056,2021-07-27,Award / Valuation,Compensation Disbursement,13,8,5,61.5,25,19,13,6,29.4,173,1674.6,701.47,973.13,846,354,492,41.9,21,12,8,9,38.1,7,5,2,71.4,49,4,0,4,531,154,377,29.0,465.5,101.5,21.8,4,2,2,20.9,4,8,4,4,21.0,73,449,1.0,150.0,2021-06-12,2021-11-09,True
8a2d7cc0-6527-4618-8998-81dcfb1fb2b9,b4bce46b-eec6-41ad-8184-11c34e59a056,2021-08-22,Award / Valuation,Compensation Disbursement,13,8,5,61.5,72,19,9,10,19.6,161,1674.6,794.53,880.07,846,401,445,47.4,21,12,6,9,28.6,7,5,2,71.4,49,8,1,7,531,182,349,34.3,465.5,150.4,32.3,4,1,3,16.1,4,8,3,5,11.4,99,475,1.0,150.0,2021-06-12,2021-11-09,True
5ddf444f-f2e0-43a7-913c-00ae66b27a9b,b4bce46b-eec6-41ad-8184-11c34e59a056,2021-09-10,Award / Valuation,Compensation Disbursement,13,9,4,69.2,83,19,11,8,25.6,121,1674.6,900.99,773.61,846,455,391,53.8,21,13,9,8,42.9,7,4,3,57.1,49,6,1,5,531,179,352,33.7,465.5,109.3,23.5,4,2,2,17.1,4,8,3,5,25.3,118,494,1.0,150.0,2021-06-12,2021-11-09,True
70c18033-be41-4bb9-b8f1-f1edba881b73,b4bce46b-eec6-41ad-8184-11c34e59a056,2021-09-11,Award / Valuation,Compensation Disbursement,13,9,4,69.2,44,19,11,8,25.7,132,1674.6,548.31,1126.29,846,277,569,32.7,21,10,9,11,42.9,7,5,2,71.4,49,3,0,3,531,167,364,31.5,465.5,139.1,29.9,4,2,2,6.5,4,8,3,5,19.5,119,495,1.0,150.0,2021-06-12,2021-11-09,True
8442e5ac-5c24-4b3f-b8ab-53ede099315f,b4bce46b-eec6-41ad-8184-11c34e59a056,2022-07-10,Acquisition Completion,,13,9,4,69.2,48,19,5,14,11.5,165,1674.6,1418.06,256.54,846,716,130,84.7,21,21,19,0,90.5,7,7,0,100.0,49,1,0,1,531,513,18,96.6,465.5,414.1,89.0,4,3,1,19.3,4,8,5,3,29.1,14,797,,,,,True
86431380-5870-427c-9996-06f7c714c02c,2893c7d9-f942-48e5-b1a9-1b63feba5f01,2024-03-15,Award / Valuation,Compensation Disbursement,14,7,7,50.0,47,12,10,2,8.8,72,453.48,161.51,291.97,713,253,460,35.6,19,7,4,12,21.1,4,1,3,25.0,33,4,1,3,49,9,40,18.4,110.6,13.3,12.0,14,4,10,11.6,2,12,3,9,22.8,3,346,1.0,207.0,2024-02-09,2024-09-03,True
3217516b-29cd-4283-8916-fc990b492a68,2893c7d9-f942-48e5-b1a9-1b63feba5f01,2024-04-01,Award / Valuation,Compensation Disbursement,14,5,9,35.7,75,12,10,2,8.9,106,453.48,98.7,354.78,713,155,558,21.8,19,10,6,9,31.6,4,2,2,50.0,33,5,0,5,49,0,49,0.0,110.6,0.0,0.0,14,5,9,20.6,2,12,3,9,13.0,20,363,1.0,207.0,2024-02-09,2024-09-03,True
54cc19cf-eba6-4daf-bad3-5e97f5413f6d,2893c7d9-f942-48e5-b1a9-1b63feba5f01,2024-05-10,Award / Valuation,Compensation Disbursement,14,7,7,50.0,35,12,7,5,6.3,29,453.48,210.59,242.89,713,331,382,46.4,19,10,7,9,36.8,4,2,2,50.0,33,6,1,5,49,7,42,14.3,110.6,0.0,0.0,14,4,10,20.2,2,12,6,6,12.7,59,402,1.0,207.0,2024-02-09,2024-09-03,True
f23fa0c9-0442-4504-8e26-e1e26cfa7cdd,2893c7d9-f942-48e5-b1a9-1b63feba5f01,2024-08-28,Compensation Disbursement,Rehabilitation & Resettlement,14,9,5,64.3,33,12,8,4,6.7,157,453.48,153.73,299.75,713,241,472,33.9,19,11,8,8,42.1,4,2,2,50.0,33,5,1,4,49,14,35,28.6,110.6,26.8,24.2,14,5,9,13.5,2,12,5,7,25.0,86,512,1.0,253.0,2024-04-29,2025-01-07,True
72bf8158-bd5d-4c68-9ddc-628e672c422b,2893c7d9-f942-48e5-b1a9-1b63feba5f01,2024-09-27,Rehabilitation & Resettlement,Possession,14,10,4,71.4,34,12,8,4,6.8,20,453.48,206.5,246.98,713,324,389,45.5,19,13,11,6,57.9,4,2,2,50.0,33,2,0,2,49,25,24,51.0,110.6,23.2,21.0,14,6,8,23.0,2,12,5,7,40.3,24,542,1.0,342.0,2024-07-29,2025-07-06,True
1c2b3072-1c21-4472-af5d-27dcda519715,2893c7d9-f942-48e5-b1a9-1b63feba5f01,2024-10-16,Rehabilitation & Resettlement,Possession,14,10,4,71.4,48,12,8,4,6.5,20,453.48,146.52,306.96,713,230,483,32.3,19,14,11,5,57.9,4,3,1,75.0,33,3,0,3,49,18,31,36.7,110.6,32.1,29.0,14,7,7,13.1,2,12,7,5,29.8,43,561,1.0,342.0,2024-07-29,2025-07-06,True
ff820395-a46b-4eb2-8977-44dba6feb7b7,2893c7d9-f942-48e5-b1a9-1b63feba5f01,2025-01-20,Possession,Acquisition Completion,14,12,2,85.7,9,12,6,6,4.9,127,453.48,269.32,184.16,713,423,290,59.4,19,11,8,8,42.1,4,3,1,75.0,33,2,0,2,49,23,26,46.9,110.6,49.8,45.0,14,9,5,8.1,2,12,4,8,18.3,13,657,1.0,401.0,2024-11-03,2025-12-09,True
72d108ec-4a59-411a-b396-f544f0af25d3,2893c7d9-f942-48e5-b1a9-1b63feba5f01,2025-03-04,Possession,Acquisition Completion,14,14,0,100.0,0,12,7,5,5.7,171,453.48,284.58,168.9,713,447,266,62.8,19,14,8,5,42.1,4,4,0,100.0,33,1,0,1,49,26,23,53.1,110.6,54.8,49.5,14,10,4,19.7,2,12,6,6,29.3,56,700,1.0,401.0,2024-11-03,2025-12-09,True
656983a8-b2c9-44b7-86df-fd09771dcb37,2025149f-94ce-4740-9f09-e745a0823399,2021-05-09,Notification,Objection / Hearing,4,0,4,0.0,7,4,4,0,29.4,151,1040.47,90.58,949.89,1769,153,1616,8.7,28,0,0,28,0.0,2,0,2,0.0,75,9,8,1,363,13,350,3.6,345.2,0.0,0.0,5,0,5,16.7,4,12,2,10,6.0,45,134,1.0,53.0,2021-10-09,2021-12-01,True
4f019712-868c-48fd-bbd3-5f132aef4cbd,2025149f-94ce-4740-9f09-e745a0823399,2021-06-19,Notification,Objection / Hearing,4,0,4,0.0,58,4,4,0,26.8,160,1040.47,0.0,1040.47,1769,0,1769,0.0,28,9,6,19,21.4,2,0,2,0.0,75,20,17,3,363,0,363,0.0,345.2,0.0,0.0,5,0,5,29.8,4,12,3,9,42.5,86,175,1.0,53.0,2021-10-09,2021-12-01,True
22326e58-406c-4911-b7a3-41c1b417ff97,2025149f-94ce-4740-9f09-e745a0823399,2021-08-31,Objection / Hearing,Land & Ownership Verification,4,1,3,25.0,60,4,3,1,25.2,41,1040.47,170.43,870.04,1769,289,1480,16.4,28,8,5,20,17.9,2,0,2,0.0,75,10,3,7,363,25,338,6.9,345.2,2.6,0.8,5,1,4,25.5,4,12,1,11,31.6,35,248,1.0,67.0,2021-12-09,2022-02-14,True
3c93c486-803d-43e2-97fe-ffb811225470,2025149f-94ce-4740-9f09-e745a0823399,2021-09-04,Objection / Hearing,Land & Ownership Verification,4,1,3,25.0,62,4,4,0,29.6,15,1040.47,162.79,877.68,1769,276,1493,15.6,28,6,4,22,14.3,2,0,2,0.0,75,17,7,10,363,0,363,0.0,345.2,12.1,3.5,5,1,4,26.8,4,12,2,10,32.4,39,252,1.0,67.0,2021-12-09,2022-02-14,True
c7de0c7c-ec08-41bd-8220-365aa9469d7f,2025149f-94ce-4740-9f09-e745a0823399,2022-01-23,Land & Ownership Verification,Award / Valuation,4,2,2,50.0,66,4,3,1,22.1,95,1040.47,320.53,719.94,1769,544,1225,30.8,28,10,6,18,21.4,2,1,1,50.0,75,5,1,4,363,9,354,2.5,345.2,4.9,1.4,5,1,4,3.2,4,12,4,8,17.8,53,393,1.0,76.0,2022-03-13,2022-05-28,True
54f0268a-8600-419c-8206-5d0db3c3fc22,2025149f-94ce-4740-9f09-e745a0823399,2022-04-24,Award / Valuation,Compensation Disbursement,4,2,2,50.0,64,4,3,1,18.8,83,1040.47,292.08,748.39,1769,496,1273,28.1,28,13,8,15,28.6,2,1,1,50.0,75,6,1,5,363,106,257,29.2,345.2,44.4,12.9,5,2,3,11.1,4,12,3,9,26.8,69,484,1.0,104.0,2022-05-21,2022-09-02,True
afb67f52-5fc7-4a56-b9f8-158618654de6,2025149f-94ce-4740-9f09-e745a0823399,2022-07-29,Compensation Disbursement,Rehabilitation & Resettlement,4,3,1,75.0,14,4,2,2,16.8,169,1040.47,509.97,530.5,1769,867,902,49.0,28,19,15,9,53.6,2,1,1,50.0,75,10,0,10,363,184,179,50.7,345.2,93.0,26.9,5,2,3,10.8,4,12,6,6,31.5,62,580,1.0,162.0,2022-09-11,2023-02-20,True
629c23d7-5f52-4d9e-88c9-b21d1030d2cb,2025149f-94ce-4740-9f09-e745a0823399,2023-03-27,Possession,Acquisition Completion,4,4,0,100.0,0,4,2,2,12.0,102,1040.47,823.94,216.53,1769,1400,369,79.2,28,25,18,3,64.3,2,2,0,100.0,75,6,0,6,363,248,115,68.3,345.2,260.3,75.4,5,4,1,4.7,4,12,8,4,22.1,35,821,1.0,185.0,2023-01-27,2023-07-31,True
6582c42f-12fe-47f4-86ad-04a1315451b2,569fb0d1-0941-41af-8be5-fc5739f97be5,2022-09-22,Notification,Objection / Hearing,8,0,8,0.0,7,13,12,1,27.5,34,947.15,2.06,945.09,260,0,260,0.2,16,0,0,16,0.0,4,0,4,0.0,10,2,2,0,248,6,242,2.4,298.2,7.1,2.4,11,0,11,21.8,4,5,0,5,34.6,32,69,1.0,168.0,2023-02-04,2023-07-22,True
e3f7f5e3-9359-4d21-b601-af3ea1aa46cc,569fb0d1-0941-41af-8be5-fc5739f97be5,2023-05-31,Objection / Hearing,Land & Ownership Verification,8,2,6,25.0,58,13,10,3,21.4,14,947.15,179.69,767.46,260,49,211,19.0,16,5,3,11,18.8,4,1,3,25.0,10,1,1,0,248,0,248,0.0,298.2,21.6,7.2,11,2,9,24.3,4,5,1,4,11.1,158,320,1.0,257.0,2023-04-30,2024-01-12,True
a7ddf359-caca-44f1-b025-822024d6b90a,569fb0d1-0941-41af-8be5-fc5739f97be5,2023-10-04,Land & Ownership Verification,Award / Valuation,8,3,5,37.5,5,13,9,4,19.7,67,947.15,396.1,551.05,260,108,152,41.8,16,3,2,13,12.5,4,1,3,25.0,10,1,1,0,248,48,200,19.4,298.2,0.0,0.0,11,4,7,6.9,4,5,1,4,20.6,74,446,1.0,320.0,2023-06-21,2024-05-06,True
07cc5ace-1729-4bd0-ae25-86b2f2185e97,569fb0d1-0941-41af-8be5-fc5739f97be5,2024-09-27,Compensation Disbursement,Rehabilitation & Resettlement,8,7,1,87.5,10,13,6,7,13.0,45,947.15,579.62,367.53,260,159,101,61.2,16,13,9,3,56.2,4,3,1,75.0,10,0,0,0,248,161,87,64.9,298.2,133.5,44.8,11,8,3,18.9,4,5,3,2,29.4,144,805,1.0,511.0,2023-12-31,2025-05-25,True
a3a80035-326d-48d5-9966-69d4452a9a47,569fb0d1-0941-41af-8be5-fc5739f97be5,2025-01-30,Rehabilitation & Resettlement,Possession,8,8,0,100.0,0,13,4,9,7.2,81,947.15,693.19,253.96,260,190,70,73.2,16,14,9,2,56.2,4,3,1,75.0,10,0,0,0,248,161,87,64.9,298.2,190.7,64.0,11,9,2,14.5,4,5,4,1,33.1,44,930,1.0,531.0,2024-02-02,2025-07-17,True
c390bb57-d56a-40a7-ae71-38bb2475128a,569fb0d1-0941-41af-8be5-fc5739f97be5,2025-06-04,Possession,Acquisition Completion,8,7,1,87.5,73,13,5,8,10.3,63,947.15,830.33,116.82,260,227,33,87.7,16,15,10,1,62.5,4,3,1,75.0,10,0,0,0,248,192,56,77.4,298.2,251.8,84.4,11,8,3,20.2,4,5,3,2,32.7,10,1055,1.0,566.0,2024-03-07,2025-09-24,True
5e18220e-a086-46f9-bcb0-673fd26322b7,57a0181f-1b7d-40c3-9d18-d7da86ec33f3,2021-11-22,Initial Assessment / SIA,Notification,10,0,10,0.0,17,18,16,2,2.3,13,124.61,0.0,124.61,695,0,695,0.0,13,0,0,13,0.0,2,0,2,0.0,66,7,7,0,658,66,592,10.0,27.4,4.9,17.9,14,0,14,4.3,4,17,3,14,42.7,20,20,1.0,118.0,2022-04-17,2022-08-13,True
56641844-c312-43d6-9dc0-d4a20c82e79d,57a0181f-1b7d-40c3-9d18-d7da86ec33f3,2022-03-01,Initial Assessment / SIA,Notification,10,0,10,0.0,8,18,16,2,2.3,38,124.61,17.56,107.05,695,97,598,14.1,13,0,0,13,0.0,2,0,2,0.0,66,24,23,1,658,0,658,0.0,27.4,1.8,6.6,14,0,14,5.8,4,17,0,17,38.8,119,119,1.0,118.0,2022-04-17,2022-08-13,True
8e7e65a8-902b-4542-85d8-e70b2e79e8c2,57a0181f-1b7d-40c3-9d18-d7da86ec33f3,2022-05-22,Notification,Objection / Hearing,10,0,10,0.0,57,18,16,2,2.3,38,124.61,0.0,124.61,695,0,695,0.0,13,4,2,9,15.4,2,0,2,0.0,66,7,5,2,658,25,633,3.8,27.4,0.0,0.0,14,3,11,9.9,4,17,6,11,41.2,62,201,1.0,140.0,2022-06-20,2022-11-07,True
78b31f54-683b-4997-9191-f8c96dc0e5b2,57a0181f-1b7d-40c3-9d18-d7da86ec33f3,2022-07-27,Notification,Objection / Hearing,10,2,8,20.0,61,18,16,2,2.4,45,124.61,27.64,96.97,695,154,541,22.2,13,3,2,10,15.4,2,0,2,0.0,66,17,9,8,658,27,631,4.1,27.4,0.0,0.0,14,2,12,28.5,4,17,4,13,35.4,128,267,1.0,140.0,2022-06-20,2022-11-07,True
22ea417e-c515-44a7-84d8-782c54144421,57a0181f-1b7d-40c3-9d18-d7da86ec33f3,2023-07-01,Compensation Disbursement,Rehabilitation & Resettlement,10,7,3,70.0,52,18,9,9,1.4,149,124.61,59.45,65.16,695,331,364,47.7,13,8,5,5,38.5,2,1,1,50.0,66,9,1,8,658,143,515,21.7,27.4,6.8,24.8,14,7,7,8.6,4,17,7,10,26.7,32,606,1.0,324.0,2023-02-22,2024-01-12,True
862f4933-b53f-41cb-87c7-1692206c5e5c,57a0181f-1b7d-40c3-9d18-d7da86ec33f3,2023-09-19,Rehabilitation & Resettlement,Possession,10,7,3,70.0,21,18,10,8,1.4,30,124.61,55.77,68.84,695,311,384,44.8,13,10,6,3,46.2,2,1,1,50.0,66,6,1,5,658,270,388,41.0,27.4,10.2,37.2,14,9,5,15.9,4,17,8,9,35.8,77,686,1.0,389.0,2023-05-11,2024-06-03,True
21e99bc4-9391-4e61-b228-6d4700881ab1,57a0181f-1b7d-40c3-9d18-d7da86ec33f3,2024-03-27,Possession,Acquisition Completion,10,10,0,100.0,0,18,8,10,1.1,117,124.61,88.61,36.0,695,494,201,71.1,13,8,5,5,38.5,2,2,0,100.0,66,3,0,3,658,519,139,78.9,27.4,17.9,65.3,14,8,6,12.0,4,17,11,6,33.7,75,876,1.0,487.0,2023-08-18,2024-12-17,True
6fb4faca-fa69-4b9a-a83a-fef83001d833,57a0181f-1b7d-40c3-9d18-d7da86ec33f3,2024-08-12,Acquisition Completion,,10,9,1,90.0,57,18,8,10,1.1,115,124.61,124.61,0.0,695,695,0,100.0,13,13,10,0,76.9,2,2,0,100.0,66,1,0,1,658,525,133,79.8,27.4,17.5,63.9,14,13,1,18.1,4,17,12,5,44.7,70,1014,,,,,True
5c8f31e9-af8f-4ed4-bf79-6b4dfd9914a4,bc143bca-1891-4b87-88ee-e9dfcf32a500,2021-12-30,Initial Assessment / SIA,Notification,12,0,12,0.0,22,7,6,1,27.5,154,729.64,120.4,609.24,1037,171,866,16.5,8,0,0,8,0.0,6,0,6,0.0,92,28,21,7,992,121,871,12.2,347.0,5.8,1.7,24,3,21,26.9,4,16,3,13,43.8,45,45,0.0,8.0,2022-02-18,2022-02-26,True
c17fc572-6788-4b3d-8a08-085ee75ec586,bc143bca-1891-4b87-88ee-e9dfcf32a500,2022-01-07,Initial Assessment / SIA,Notification,12,0,12,0.0,10,7,7,0,34.3,68,729.64,48.7,680.94,1037,69,968,6.7,8,1,0,7,0.0,6,1,5,16.7,92,26,24,2,992,13,979,1.3,347.0,0.0,0.0,24,5,19,7.2,4,16,1,15,13.8,53,53,0.0,8.0,2022-02-18,2022-02-26,True
abe1ac00-b2e5-465d-8c80-aa0daa24ebd7,bc143bca-1891-4b87-88ee-e9dfcf32a500,2022-01-24,Initial Assessment / SIA,Notification,12,1,11,8.3,63,7,7,0,33.1,100,729.64,0.0,729.64,1037,0,1037,0.0,8,0,0,8,0.0,6,1,5,16.7,92,29,25,4,992,0,992,0.0,347.0,36.2,10.4,24,1,23,19.9,4,16,0,16,32.7,70,70,0.0,8.0,2022-02-18,2022-02-26,True
112076bd-0bf1-439c-8064-139cbdf350bb,bc143bca-1891-4b87-88ee-e9dfcf32a500,2022-08-13,Award / Valuation,Compensation Disbursement,12,8,4,66.7,32,7,5,2,24.1,41,729.64,175.43,554.21,1037,249,788,24.0,8,3,1,5,12.5,6,4,2,66.7,92,7,2,5,992,118,874,11.9,347.0,0.0,0.0,24,9,15,29.9,4,16,4,12,6.3,43,271,0.0,30.0,2022-11-11,2022-12-11,True
18e0f016-3e27-4df4-9b8f-f04ad569d11b,bc143bca-1891-4b87-88ee-e9dfcf32a500,2022-10-15,Compensation Disbursement,Rehabilitation & Resettlement,12,8,4,66.7,53,7,3,4,14.1,57,729.64,339.64,390.0,1037,482,555,46.5,8,4,3,4,37.5,6,4,2,66.7,92,23,7,16,992,288,704,29.0,347.0,93.6,27.0,24,10,14,5.9,4,16,6,10,24.0,6,334,0.0,15.0,2023-01-07,2023-01-22,True
4ed95f19-a7e9-4723-af2f-ffeb06ca780f,bc143bca-1891-4b87-88ee-e9dfcf32a500,2022-10-19,Compensation Disbursement,Rehabilitation & Resettlement,12,8,4,66.7,41,7,4,3,16.4,133,729.64,301.3,428.34,1037,428,609,41.3,8,3,2,5,25.0,6,4,2,66.7,92,5,1,4,992,486,506,49.0,347.0,59.4,17.1,24,14,10,21.9,4,16,4,12,37.3,10,338,0.0,15.0,2023-01-07,2023-01-22,True
3371323e-201d-40aa-8c10-906f5557f605,bc143bca-1891-4b87-88ee-e9dfcf32a500,2023-06-07,Acquisition Completion,,12,11,1,91.7,21,7,3,4,10.5,161,729.64,639.41,90.23,1037,908,129,87.6,8,7,3,1,37.5,6,6,0,100.0,92,6,0,6,992,840,152,84.7,347.0,240.9,69.4,24,20,4,13.3,4,16,12,4,44.4,24,569,,,,,True
f899e9d3-e707-4d43-9f2d-bada291d8ed1,bc143bca-1891-4b87-88ee-e9dfcf32a500,2023-08-03,Acquisition Completion,,12,10,2,83.3,25,7,2,5,7.4,103,729.64,650.35,79.29,1037,924,113,89.1,8,8,5,0,62.5,6,6,0,100.0,92,3,0,3,992,878,114,88.5,347.0,292.5,84.3,24,24,0,21.8,4,16,11,5,22.4,81,626,,,,,True
1562c3c0-be97-472e-b54e-df2dec759d8a,a4e57f97-d70f-40f7-bcf3-7d1c2bb49a83,2021-09-25,Initial Assessment / SIA,Notification,14,0,14,0.0,29,16,16,0,44.2,114,421.8,0.0,421.8,649,0,649,0.0,12,2,1,10,8.3,7,0,7,0.0,97,32,29,3,157,0,157,0.0,446.4,0.0,0.0,22,3,19,8.6,6,19,0,19,29.1,36,36,1.0,72.0,2022-03-23,2022-06-03,True
2ad898fb-d2ee-45ad-bf9a-8b7033a2b318,a4e57f97-d70f-40f7-bcf3-7d1c2bb49a83,2021-12-14,Initial Assessment / SIA,Notification,14,2,12,14.3,40,16,15,1,40.8,87,421.8,0.0,421.8,649,0,649,0.0,12,1,0,11,0.0,7,1,6,14.3,97,10,8,2,157,35,122,22.3,446.4,0.0,0.0,22,2,20,21.6,6,19,0,19,39.7,116,116,1.0,72.0,2022-03-23,2022-06-03,True
890a812e-4833-49a9-a192-2abf1d8a327c,a4e57f97-d70f-40f7-bcf3-7d1c2bb49a83,2022-01-21,Notification,Objection / Hearing,14,0,14,0.0,56,16,15,1,39.6,12,421.8,0.0,421.8,649,0,649,0.0,12,1,0,11,0.0,7,1,6,14.3,97,18,15,3,157,0,157,0.0,446.4,5.6,1.3,22,2,20,12.9,6,19,3,16,5.1,11,154,1.0,108.0,2022-06-06,2022-09-22,True
8426e314-d42c-4425-b00d-c5ed5d9448d8,a4e57f97-d70f-40f7-bcf3-7d1c2bb49a83,2022-02-19,Notification,Objection / Hearing,14,2,12,14.3,70,16,16,0,43.0,40,421.8,0.0,421.8,649,0,649,0.0,12,2,1,10,8.3,7,1,6,14.3,97,22,17,5,157,0,157,0.0,446.4,0.0,0.0,22,4,18,23.1,6,19,1,18,41.4,40,183,1.0,108.0,2022-06-06,2022-09-22,True
c867b3d5-9fba-41d0-9192-4795da59178f,a4e57f97-d70f-40f7-bcf3-7d1c2bb49a83,2022-06-09,Objection / Hearing,Land & Ownership Verification,14,4,10,28.6,34,16,12,4,32.6,157,421.8,79.68,342.12,649,122,527,18.9,12,2,1,10,8.3,7,2,5,28.6,97,18,11,7,157,0,157,0.0,446.4,51.3,11.5,22,6,16,29.1,6,19,3,16,38.2,6,293,1.0,123.0,2022-07-24,2022-11-24,True
e6d2303b-5e71-401f-bcee-da788c3b070c,a4e57f97-d70f-40f7-bcf3-7d1c2bb49a83,2022-08-24,Objection / Hearing,Land & Ownership Verification,14,4,10,28.6,16,16,12,4,32.0,145,421.8,65.78,356.02,649,101,548,15.6,12,4,2,8,16.7,7,3,4,42.9,97,21,9,12,157,3,154,1.9,446.4,0.0,0.0,22,8,14,27.4,6,19,4,15,17.3,82,369,1.0,123.0,2022-07-24,2022-11-24,True
e425b31d-f3ce-4743-b8d9-344746f6644b,a4e57f97-d70f-40f7-bcf3-7d1c2bb49a83,2023-01-21,Award / Valuation,Compensation Disbursement,14,8,6,57.1,42,16,10,6,26.4,83,421.8,215.43,206.37,649,331,318,51.1,12,7,4,5,33.3,7,4,3,57.1,97,20,8,12,157,51,106,32.5,446.4,39.2,8.8,22,10,12,14.1,6,19,8,11,25.1,58,519,1.0,253.0,2022-12-26,2023-09-05,True
bf79017f-83c1-438a-8f3d-c24ccd0ad962,a4e57f97-d70f-40f7-bcf3-7d1c2bb49a83,2023-11-10,Rehabilitation & Resettlement,Possession,14,14,0,100.0,0,16,5,11,13.0,30,421.8,302.9,118.9,649,466,183,71.8,12,9,7,3,58.3,7,6,1,85.7,97,10,0,10,157,97,60,61.8,446.4,188.2,42.2,22,14,8,13.9,6,19,10,9,38.0,66,812,1.0,316.0,2023-04-19,2024-02-29,True
c324b5bd-02b5-4724-b968-5d05ca694bcf,c921e664-32d6-4930-99ec-d7ddc63acd86,2022-06-16,Initial Assessment / SIA,Notification,3,0,3,0.0,82,13,13,0,2.8,19,42.28,0.0,42.28,763,0,763,0.0,20,0,0,20,0.0,6,1,5,16.7,95,26,14,12,145,6,139,4.1,29.3,0.0,0.0,4,0,4,24.2,5,8,1,7,10.8,108,108,0.0,22.0,2022-09-25,2022-10-17,True
adf458e9-3e0c-4fc0-b020-f3fe57aa7d99,c921e664-32d6-4930-99ec-d7ddc63acd86,2022-11-28,Objection / Hearing,Land & Ownership Verification,3,1,2,33.3,45,13,11,2,2.3,33,42.28,6.42,35.86,763,115,648,15.2,20,6,4,14,20.0,6,2,4,33.3,95,7,3,4,145,33,112,22.8,29.3,0.0,0.0,4,1,3,17.4,5,8,2,6,6.9,42,273,1.0,46.0,2023-04-15,2023-05-31,True
af63257c-5df6-4d8e-8d5e-2d4658fef919,c921e664-32d6-4930-99ec-d7ddc63acd86,2023-01-22,Objection / Hearing,Land & Ownership Verification,3,1,2,33.3,52,13,9,4,1.9,42,42.28,13.45,28.83,763,242,521,31.8,20,9,5,11,25.0,6,4,2,66.7,95,12,3,9,145,16,129,11.0,29.3,0.0,0.0,4,2,2,10.1,5,8,4,4,16.6,97,328,1.0,46.0,2023-04-15,2023-05-31,True
ecff3979-1f13-488d-8703-c3f4024c3af3,c921e664-32d6-4930-99ec-d7ddc63acd86,2023-07-08,Compensation Disbursement,Rehabilitation & Resettlement,3,2,1,66.7,31,13,6,7,1.3,13,42.28,22.77,19.51,763,410,353,53.9,20,13,7,7,35.0,6,6,0,100.0,95,4,0,4,145,62,83,42.8,29.3,7.9,27.0,4,2,2,18.4,5,8,3,5,26.9,12,495,1.0,67.0,2023-09-01,2023-11-07,True
1059b26a-4678-4e48-9d1d-273ddb3f9ba8,c921e664-32d6-4930-99ec-d7ddc63acd86,2023-07-15,Compensation Disbursement,Rehabilitation & Resettlement,3,2,1,66.7,87,13,8,5,1.6,50,42.28,26.25,16.03,763,473,290,62.1,20,13,9,7,45.0,6,4,2,66.7,95,8,0,8,145,56,89,38.6,29.3,11.6,39.6,4,2,2,23.6,5,8,4,4,23.8,19,502,1.0,67.0,2023-09-01,2023-11-07,True
2a137277-bffe-43b9-bb0f-360230e01e4b,c921e664-32d6-4930-99ec-d7ddc63acd86,2023-07-31,Compensation Disbursement,Rehabilitation & Resettlement,3,2,1,66.7,74,13,7,6,1.6,166,42.28,21.29,20.99,763,384,379,50.4,20,17,10,3,50.0,6,5,1,83.3,95,3,0,3,145,78,67,53.8,29.3,13.1,44.7,4,3,1,17.4,5,8,4,4,9.2,35,518,1.0,67.0,2023-09-01,2023-11-07,True
d0bf2e79-e6a5-42f0-8350-09519012ee8f,c921e664-32d6-4930-99ec-d7ddc63acd86,2023-10-14,Rehabilitation & Resettlement,Possession,3,3,0,100.0,0,13,6,7,1.1,40,42.28,30.25,12.03,763,545,218,71.5,20,16,12,4,60.0,6,6,0,100.0,95,4,0,4,145,95,50,65.5,29.3,16.8,57.3,4,3,1,6.9,5,8,5,3,15.5,29,593,1.0,77.0,2023-10-19,2024-01-04,True
89ad7c0e-70bc-4418-8228-464357b0fa12,c921e664-32d6-4930-99ec-d7ddc63acd86,2024-02-19,Acquisition Completion,,3,2,1,66.7,89,13,2,11,0.3,172,42.28,42.02,0.26,763,758,5,99.4,20,20,12,0,60.0,6,5,1,83.3,95,2,0,2,145,145,0,100.0,29.3,22.6,77.1,4,4,0,18.3,5,8,6,2,17.5,46,721,,,,,True
726cd0a8-f457-4d83-9afe-b7339505cebb,c921e664-32d6-4930-99ec-d7ddc63acd86,2024-02-29,Acquisition Completion,,3,2,1,66.7,79,13,3,10,0.6,90,42.28,39.23,3.05,763,707,56,92.8,20,20,12,0,60.0,6,6,0,100.0,95,3,0,3,145,145,0,100.0,29.3,26.9,91.8,4,3,1,23.3,5,8,6,2,41.5,56,731,,,,,True
ec9ce713-2701-4f76-b87f-6841ae8228aa,15cd0061-8c3b-4192-9d83-e39483a42fe6,2020-07-09,Initial Assessment / SIA,Notification,4,0,4,0.0,13,11,11,0,43.9,87,1434.61,0.0,1434.61,1880,0,1880,0.0,23,0,0,23,0.0,7,0,7,0.0,55,13,13,0,1114,58,1056,5.2,451.7,0.0,0.0,19,1,18,23.8,4,5,0,5,33.7,29,29,0.0,17.0,2020-10-02,2020-10-19,True
430bb59f-df89-4892-b0a1-51339446ce0c,15cd0061-8c3b-4192-9d83-e39483a42fe6,2020-08-30,Notification,Objection / Hearing,4,0,4,0.0,83,11,9,2,34.7,143,1434.61,0.0,1434.61,1880,0,1880,0.0,23,5,3,18,13.0,7,0,7,0.0,55,7,5,2,1114,0,1114,0.0,451.7,0.0,0.0,19,2,17,4.1,4,5,0,5,17.0,5,81,0.0,27.0,2020-12-27,2021-01-23,True
6ef6e108-7cd1-42ca-9d3f-e11892154539,15cd0061-8c3b-4192-9d83-e39483a42fe6,2020-10-30,Objection / Hearing,Land & Ownership Verification,4,0,4,0.0,72,11,11,0,44.0,155,1434.61,193.35,1241.26,1880,253,1627,13.5,23,4,2,19,8.7,7,1,6,14.3,55,16,12,4,1114,0,1114,0.0,451.7,27.2,6.0,19,2,17,16.8,4,5,1,4,18.1,11,142,1.0,80.0,2021-04-07,2021-06-26,True
1e84191b-5e4e-46c4-9470-8f66094c3e64,15cd0061-8c3b-4192-9d83-e39483a42fe6,2020-12-04,Objection / Hearing,Land & Ownership Verification,4,0,4,0.0,34,11,10,1,39.2,78,1434.61,190.0,1244.61,1880,248,1632,13.2,23,6,4,17,17.4,7,3,4,42.9,55,19,17,2,1114,15,1099,1.3,451.7,0.0,0.0,19,6,13,17.0,4,5,1,4,11.7,46,177,1.0,80.0,2021-04-07,2021-06-26,True
bb390920-d696-4e1c-9417-34367fe42de5,15cd0061-8c3b-4192-9d83-e39483a42fe6,2021-05-02,Land & Ownership Verification,Award / Valuation,4,1,3,25.0,28,11,9,2,33.7,122,1434.61,475.98,958.63,1880,623,1257,33.2,23,10,5,13,21.7,7,3,4,42.9,55,11,3,8,1114,293,821,26.3,451.7,4.9,1.1,19,9,10,20.9,4,5,2,3,23.1,99,326,1.0,85.0,2021-06-03,2021-08-27,True
0a481dde-1941-4320-a6bb-afc0e06dd170,15cd0061-8c3b-4192-9d83-e39483a42fe6,2021-05-27,Land & Ownership Verification,Award / Valuation,4,2,2,50.0,22,11,10,1,39.2,88,1434.61,403.38,1031.23,1880,528,1352,28.1,23,9,6,14,26.1,7,4,3,57.1,55,10,0,10,1114,208,906,18.7,451.7,30.5,6.8,19,9,10,20.4,4,5,1,4,7.2,124,351,1.0,85.0,2021-06-03,2021-08-27,True
8307e87e-38e1-441c-a765-35bbcdc8d22e,15cd0061-8c3b-4192-9d83-e39483a42fe6,2021-07-27,Award / Valuation,Compensation Disbursement,4,3,1,75.0,54,11,7,4,28.0,171,1434.61,831.92,602.69,1880,1090,790,58.0,23,12,7,11,30.4,7,5,2,71.4,55,11,1,10,1114,404,710,36.3,451.7,59.7,13.2,19,9,10,20.5,4,5,2,3,18.6,31,412,1.0,123.0,2021-08-03,2021-12-04,True
a3d3a777-90cc-4754-ba6f-79b363f59e6b,15cd0061-8c3b-4192-9d83-e39483a42fe6,2021-10-14,Compensation Disbursement,Rehabilitation & Resettlement,4,3,1,75.0,30,11,6,5,23.4,39,1434.61,905.58,529.03,1880,1186,694,63.1,23,15,9,8,39.1,7,5,2,71.4,55,7,1,6,1114,605,509,54.3,451.7,128.3,28.4,19,15,4,28.6,4,5,2,3,22.6,48,491,1.0,110.0,2021-09-07,2021-12-26,True
857e5716-7c98-4990-9b95-6e54f6810001,15cd0061-8c3b-4192-9d83-e39483a42fe6,2022-06-21,Acquisition Completion,,4,4,0,100.0,0,11,3,8,9.5,105,1434.61,1331.96,102.65,1880,1745,135,92.8,23,23,18,0,78.3,7,7,0,100.0,55,0,0,0,1114,987,127,88.6,451.7,378.6,83.8,19,19,0,7.6,4,5,3,2,43.4,54,741,,,,,True
f86212f8-a30d-4e4a-a5d0-23b00c9e11dc,e03caafb-b5c2-4827-aca0-c8a1ffd22c1b,2021-10-02,Initial Assessment / SIA,Notification,12,2,10,16.7,63,7,7,0,22.8,83,1140.16,0.0,1140.16,1521,0,1521,0.0,17,0,0,17,0.0,7,0,7,0.0,76,7,7,0,554,14,540,2.5,243.4,0.0,0.0,8,0,8,12.0,7,8,0,8,21.4,61,61,0.0,20.0,2021-12-21,2022-01-10,True
59d0e412-5dd6-411e-9159-52aaa605ce8c,e03caafb-b5c2-4827-aca0-c8a1ffd22c1b,2021-12-24,Notification,Objection / Hearing,12,3,9,25.0,34,7,6,1,20.4,148,1140.16,53.01,1087.15,1521,70,1451,4.6,17,2,1,15,5.9,7,2,5,28.6,76,5,1,4,554,0,554,0.0,243.4,21.8,9.0,8,0,8,17.5,7,8,1,7,27.2,77,144,0.0,23.0,2022-02-11,2022-03-06,True
fa48c1e2-75f2-42b9-861e-bf6d5186dce5,e03caafb-b5c2-4827-aca0-c8a1ffd22c1b,2022-03-03,Objection / Hearing,Land & Ownership Verification,12,3,9,25.0,8,7,6,1,20.8,152,1140.16,5.91,1134.25,1521,7,1514,0.5,17,6,4,11,23.5,7,2,5,28.6,76,17,12,5,554,0,554,0.0,243.4,24.2,9.9,8,3,5,4.6,7,8,1,7,43.7,52,213,1.0,39.0,2022-05-25,2022-07-03,True
ea0a2904-c98d-404e-b642-fb20013e9a18,e03caafb-b5c2-4827-aca0-c8a1ffd22c1b,2022-12-10,Compensation Disbursement,Rehabilitation & Resettlement,12,9,3,75.0,5,7,4,3,10.8,134,1140.16,694.25,445.91,1521,926,595,60.9,17,11,7,6,41.2,7,6,1,85.7,76,5,0,5,554,244,310,44.0,243.4,66.8,27.4,8,5,3,6.5,7,8,4,4,26.0,77,495,1.0,83.0,2022-12-31,2023-03-24,True
ee6faa9b-800e-4075-a1cb-8c1b3297959c,e03caafb-b5c2-4827-aca0-c8a1ffd22c1b,2023-07-10,Acquisition Completion,,12,12,0,100.0,0,7,3,4,10.1,82,1140.16,1056.54,83.62,1521,1409,112,92.7,17,16,9,1,52.9,7,7,0,100.0,76,4,0,4,554,487,67,87.9,243.4,193.1,79.3,8,6,2,28.5,7,8,5,3,15.5,11,707,,,,,True
d3bce4de-bbb5-4989-9dc5-d0410538bfc7,e03caafb-b5c2-4827-aca0-c8a1ffd22c1b,2023-08-13,Acquisition Completion,,12,11,1,91.7,46,7,2,5,5.0,81,1140.16,1140.16,0.0,1521,1521,0,100.0,17,15,11,2,64.7,7,7,0,100.0,76,2,0,2,554,491,63,88.6,243.4,190.0,78.1,8,7,1,26.6,7,8,6,2,16.8,45,741,,,,,True
3c957b00-f426-47ae-87b8-418c6cc12b22,0a67e09a-dcdc-463f-b22f-db967599704f,2021-10-03,Initial Assessment / SIA,Notification,8,0,8,0.0,67,4,4,0,15.9,14,663.09,0.0,663.09,995,0,995,0.0,7,0,0,7,0.0,8,0,8,0.0,69,9,9,0,628,17,611,2.7,167.8,0.0,0.0,12,1,11,14.4,5,4,0,4,19.5,17,17,0.0,9.0,2022-02-17,2022-02-26,True
4d66c0ae-a0b2-497f-9a93-bd670fc8e1c6,0a67e09a-dcdc-463f-b22f-db967599704f,2022-03-05,Objection / Hearing,Land & Ownership Verification,8,2,6,25.0,83,4,4,0,13.0,172,663.09,79.52,583.57,995,119,876,12.0,7,2,1,5,14.3,8,2,6,25.0,69,21,16,5,628,9,619,1.4,167.8,16.9,10.1,12,4,8,12.3,5,4,0,4,12.9,7,170,0.0,0.0,2022-07-17,2022-06-19,True
7b01e46c-44e5-489d-9357-575b51448806,0a67e09a-dcdc-463f-b22f-db967599704f,2022-09-03,Award / Valuation,Compensation Disbursement,8,5,3,62.5,17,4,3,1,9.5,112,663.09,248.5,414.59,995,372,623,37.5,7,4,2,3,28.6,8,5,3,62.5,69,7,0,7,628,130,498,20.7,167.8,20.1,12.0,12,7,5,16.0,5,4,2,2,42.5,76,352,0.0,0.0,2023-01-24,2023-01-02,True
9535039c-1496-444e-8fcb-572b60dd2c3b,0a67e09a-dcdc-463f-b22f-db967599704f,2022-09-23,Award / Valuation,Compensation Disbursement,8,5,3,62.5,65,4,2,2,6.8,62,663.09,260.49,402.6,995,390,605,39.3,7,3,2,4,28.6,8,5,3,62.5,69,4,2,2,628,243,385,38.7,167.8,49.4,29.4,12,6,6,13.5,5,4,2,2,8.4,96,372,0.0,0.0,2023-01-24,2023-01-02,True
d84b8a1e-5aca-4719-8637-800e3037246d,0a67e09a-dcdc-463f-b22f-db967599704f,2023-02-05,Rehabilitation & Resettlement,Possession,8,8,0,100.0,0,4,2,2,6.4,138,663.09,501.64,161.45,995,752,243,75.7,7,5,3,2,42.9,8,6,2,75.0,69,8,0,8,628,372,256,59.2,167.8,88.0,52.4,12,8,4,29.1,5,4,2,2,31.0,34,507,0.0,0.0,2023-06-08,2023-04-29,True
a9a4c74b-55c4-47a3-8acc-1896b8bcdbb4,0a67e09a-dcdc-463f-b22f-db967599704f,2023-02-13,Rehabilitation & Resettlement,Possession,8,8,0,100.0,0,4,2,2,8.3,136,663.09,431.02,232.07,995,646,349,65.0,7,6,3,1,42.9,8,8,0,100.0,69,10,0,10,628,378,250,60.2,167.8,118.1,70.4,12,9,3,7.3,5,4,2,2,22.9,42,515,0.0,0.0,2023-06-08,2023-04-29,True
3d53fbf9-5424-4f22-b808-8a80d061439a,0a67e09a-dcdc-463f-b22f-db967599704f,2023-05-30,Acquisition Completion,,8,8,0,100.0,0,4,1,3,3.0,72,663.09,521.51,141.58,995,782,213,78.6,7,7,4,0,57.1,8,7,1,87.5,69,6,0,6,628,554,74,88.2,167.8,121.1,72.2,12,10,2,6.2,5,4,3,1,42.9,31,621,,,,,True
8a6519c7-930f-47ca-ba5c-dbd3b730f688,6234f86d-87a1-4333-bc3a-a062af9dd7dd,2020-05-11,Initial Assessment / SIA,Notification,6,0,6,0.0,38,15,15,0,16.1,57,269.52,38.91,230.61,395,57,338,14.4,12,1,0,11,0.0,8,0,8,0.0,60,18,16,2,119,12,107,10.1,160.6,14.9,9.3,18,0,18,5.8,7,12,1,11,38.9,46,46,0.0,4.0,2020-09-20,2020-09-24,True
bf7223a2-7b6f-45b5-8bf4-57f64a6058ef,6234f86d-87a1-4333-bc3a-a062af9dd7dd,2020-06-04,Initial Assessment / SIA,Notification,6,0,6,0.0,54,15,15,0,15.4,21,269.52,32.89,236.63,395,48,347,12.2,12,0,0,12,0.0,8,0,8,0.0,60,16,11,5,119,1,118,0.8,160.6,0.0,0.0,18,3,15,10.9,7,12,2,10,15.6,70,70,0.0,4.0,2020-09-20,2020-09-24,True
2386fb1d-79b5-429d-8eb3-17890861e452,6234f86d-87a1-4333-bc3a-a062af9dd7dd,2021-04-12,Compensation Disbursement,Rehabilitation & Resettlement,6,4,2,66.7,47,15,9,6,9.5,75,269.52,108.73,160.79,395,159,236,40.3,12,7,4,5,33.3,8,4,4,50.0,60,14,4,10,119,30,89,25.2,160.6,30.8,19.2,18,7,11,9.7,7,12,4,8,8.8,0,382,0.0,5.0,2021-10-14,2021-10-19,True
bf068d19-3f2a-4ddc-843f-88ebfe081db0,6234f86d-87a1-4333-bc3a-a062af9dd7dd,2021-04-22,Compensation Disbursement,Rehabilitation & Resettlement,6,3,3,50.0,74,15,11,4,11.0,23,269.52,93.04,176.48,395,136,259,34.5,12,6,3,6,25.0,8,5,3,62.5,60,2,0,2,119,57,62,47.9,160.6,27.2,16.9,18,9,9,8.9,7,12,4,8,36.1,10,392,0.0,5.0,2021-10-14,2021-10-19,True
bc1ae33f-f9d8-4799-8aba-4e23a127735e,6234f86d-87a1-4333-bc3a-a062af9dd7dd,2021-06-03,Compensation Disbursement,Rehabilitation & Resettlement,6,5,1,83.3,66,15,9,6,9.2,46,269.52,123.68,145.84,395,181,214,45.9,12,8,7,4,58.3,8,5,3,62.5,60,5,0,5,119,51,68,42.9,160.6,58.3,36.3,18,9,9,5.4,7,12,5,7,20.1,52,434,0.0,5.0,2021-10-14,2021-10-19,True
e9de3057-5fb6-4008-babb-bae73b3835f3,6234f86d-87a1-4333-bc3a-a062af9dd7dd,2021-06-30,Compensation Disbursement,Rehabilitation & Resettlement,6,5,1,83.3,51,15,9,6,9.2,62,269.52,138.22,131.3,395,202,193,51.3,12,8,5,4,41.7,8,6,2,75.0,60,6,0,6,119,53,66,44.5,160.6,91.6,57.0,18,11,7,9.8,7,12,6,6,37.8,79,461,0.0,5.0,2021-10-14,2021-10-19,True
dad0bd79-ba23-4026-b76a-ab145ff52be2,6234f86d-87a1-4333-bc3a-a062af9dd7dd,2021-11-22,Possession,Acquisition Completion,6,5,1,83.3,29,15,5,10,4.9,174,269.52,203.75,65.77,395,298,97,75.6,12,11,6,1,50.0,8,8,0,100.0,60,1,0,1,119,87,32,73.1,160.6,112.8,70.2,18,13,5,16.2,7,12,7,5,10.4,34,606,0.0,15.0,2022-03-19,2022-04-03,True
6f04ac57-ca25-487a-aeb6-d826fd46d746,a48e3726-687d-44c5-8e66-f59e92a89141,2021-07-19,Notification,Objection / Hearing,4,0,4,0.0,18,1,1,0,6.8,89,363.98,0.0,363.98,623,0,623,0.0,25,4,2,21,8.0,5,0,5,0.0,8,1,1,0,477,0,477,0.0,87.4,0.0,0.0,12,0,12,21.1,6,5,0,5,31.6,9,71,0.0,20.0,2021-11-09,2021-11-29,True
a42f206c-9cf4-49af-89bd-9d7ef509ae28,a48e3726-687d-44c5-8e66-f59e92a89141,2021-09-24,Notification,Objection / Hearing,4,1,3,25.0,27,1,1,0,7.4,132,363.98,0.0,363.98,623,0,623,0.0,25,3,2,22,8.0,5,0,5,0.0,8,1,1,0,477,0,477,0.0,87.4,1.4,1.6,12,2,10,10.1,6,5,0,5,32.2,76,138,0.0,20.0,2021-11-09,2021-11-29,True
34a9f444-aa09-482e-82aa-f762ba10e8a2,a48e3726-687d-44c5-8e66-f59e92a89141,2021-11-03,Objection / Hearing,Land & Ownership Verification,4,1,3,25.0,33,1,1,0,7.1,152,363.98,48.11,315.87,623,82,541,13.2,25,8,5,17,20.0,5,1,4,20.0,8,1,1,0,477,67,410,14.0,87.4,5.4,6.2,12,3,9,28.3,6,5,1,4,17.1,7,178,1.0,37.0,2022-01-14,2022-02-20,True
e78f9c6d-ddcd-4e04-abea-fa425351e57a,a48e3726-687d-44c5-8e66-f59e92a89141,2021-11-09,Objection / Hearing,Land & Ownership Verification,4,1,3,25.0,30,1,1,0,8.1,13,363.98,0.0,363.98,623,0,623,0.0,25,7,3,18,12.0,5,1,4,20.0,8,2,2,0,477,2,475,0.4,87.4,4.1,4.7,12,2,10,12.3,6,5,0,5,41.0,13,184,1.0,37.0,2022-01-14,2022-02-20,True
36b7cb05-1088-49bd-a1c2-5edd6c46b84a,a48e3726-687d-44c5-8e66-f59e92a89141,2022-01-28,Land & Ownership Verification,Award / Valuation,4,2,2,50.0,5,1,1,0,5.1,176,363.98,63.61,300.37,623,108,515,17.5,25,13,10,12,40.0,5,2,3,40.0,8,1,0,1,477,94,383,19.7,87.4,10.9,12.5,12,3,9,23.4,6,5,1,4,44.8,60,264,1.0,58.0,2022-04-27,2022-06-24,True
7a5ea67f-bceb-44e2-a765-05d7ec750dbb,a48e3726-687d-44c5-8e66-f59e92a89141,2022-04-03,Award / Valuation,Compensation Disbursement,4,2,2,50.0,48,1,1,0,5.5,86,363.98,111.55,252.43,623,190,433,30.6,25,14,11,11,44.0,5,3,2,60.0,8,1,0,1,477,132,345,27.7,87.4,2.0,2.3,12,4,8,18.5,6,5,2,3,34.2,42,329,1.0,60.0,2022-07-11,2022-09-09,True
d849e2c7-1c88-4b35-ac71-3d76f5080b14,a48e3726-687d-44c5-8e66-f59e92a89141,2022-07-11,Compensation Disbursement,Rehabilitation & Resettlement,4,2,2,50.0,18,1,1,0,4.4,23,363.98,226.6,137.38,623,387,236,62.3,25,17,10,8,40.0,5,3,2,60.0,8,1,1,0,477,255,222,53.5,87.4,24.4,27.9,12,6,6,13.8,6,5,2,3,43.8,17,428,1.0,62.0,2022-08-14,2022-10-15,True
58bc9c49-6afb-4a05-b8bd-f1ac8262afc8,a48e3726-687d-44c5-8e66-f59e92a89141,2022-10-04,Rehabilitation & Resettlement,Possession,4,3,1,75.0,60,1,1,0,4.2,59,363.98,254.28,109.7,623,435,188,69.9,25,20,13,5,52.0,5,5,0,100.0,8,1,0,1,477,376,101,78.8,87.4,54.3,62.1,12,8,4,13.6,6,5,3,2,37.2,25,513,1.0,74.0,2022-11-14,2023-01-27,True
9ec3128b-3ed8-4d28-a8ef-e5acd36a2b1d,a48e3726-687d-44c5-8e66-f59e92a89141,2023-01-23,Possession,Acquisition Completion,4,4,0,100.0,0,1,1,0,1.3,61,363.98,288.56,75.42,623,493,130,79.3,25,25,18,0,72.0,5,5,0,100.0,8,0,0,0,477,427,50,89.5,87.4,61.1,69.9,12,10,2,3.7,6,5,4,1,30.4,100,624,1.0,76.0,2023-01-09,2023-03-26,True
83f6209f-79a5-4042-a978-45cfa733f001,639adbeb-6167-479b-8863-8df62c4bcc1d,2021-08-02,Initial Assessment / SIA,Notification,5,0,5,0.0,60,19,18,1,18.3,19,239.98,0.0,239.98,1305,0,1305,0.0,22,3,2,19,9.1,6,0,6,0.0,8,1,1,0,276,0,276,0.0,199.6,34.3,17.2,23,2,21,26.4,6,12,0,12,44.0,12,12,1.0,71.0,2021-12-04,2022-02-13,True
fb7c5af2-38a3-474f-b6be-46f09a9ccd85,639adbeb-6167-479b-8863-8df62c4bcc1d,2021-10-14,Notification,Objection / Hearing,5,0,5,0.0,51,19,17,2,17.4,73,239.98,0.0,239.98,1305,0,1305,0.0,22,2,1,20,4.5,6,0,6,0.0,8,1,1,0,276,0,276,0.0,199.6,0.0,0.0,23,4,19,20.8,6,12,0,12,40.3,4,85,1.0,121.0,2022-02-02,2022-06-03,True
b5e5195b-f067-4ae5-b1cf-29e986fb2f8e,639adbeb-6167-479b-8863-8df62c4bcc1d,2021-10-22,Notification,Objection / Hearing,5,1,4,20.0,25,19,16,3,15.8,126,239.98,8.79,231.19,1305,47,1258,3.7,22,2,1,20,4.5,6,1,5,16.7,8,2,2,0,276,5,271,1.8,199.6,0.0,0.0,23,4,19,29.1,6,12,3,9,14.3,12,93,1.0,121.0,2022-02-02,2022-06-03,True
de882eac-3476-4bd9-8b1f-6f9573066cee,639adbeb-6167-479b-8863-8df62c4bcc1d,2021-11-15,Notification,Objection / Hearing,5,1,4,20.0,35,19,19,0,19.8,92,239.98,0.03,239.95,1305,0,1305,0.0,22,6,4,16,18.2,6,1,5,16.7,8,1,1,0,276,6,270,2.2,199.6,0.0,0.0,23,2,21,4.2,6,12,2,10,11.2,36,117,1.0,121.0,2022-02-02,2022-06-03,True
b202f9e5-bd5b-4d76-9cc6-046b74a24b71,639adbeb-6167-479b-8863-8df62c4bcc1d,2022-01-08,Notification,Objection / Hearing,5,1,4,20.0,88,19,12,7,11.6,93,239.98,37.28,202.7,1305,202,1103,15.5,22,7,5,15,22.7,6,2,4,33.3,8,1,1,0,276,0,276,0.0,199.6,13.1,6.6,23,6,17,12.5,6,12,2,10,41.0,90,171,1.0,121.0,2022-02-02,2022-06-03,True
7055f93d-0e96-40f7-a19b-9f390d9f52db,639adbeb-6167-479b-8863-8df62c4bcc1d,2022-03-09,Objection / Hearing,Land & Ownership Verification,5,2,3,40.0,22,19,13,6,13.5,173,239.98,88.88,151.1,1305,483,822,37.0,22,8,5,14,22.7,6,2,4,33.3,8,0,0,0,276,32,244,11.6,199.6,0.0,0.0,23,9,14,15.4,6,12,2,10,32.7,24,231,1.0,158.0,2022-04-04,2022-09-09,True
0dabaac9-e929-4eb9-9be6-68c5d58ddb04,639adbeb-6167-479b-8863-8df62c4bcc1d,2022-03-29,Objection / Hearing,Land & Ownership Verification,5,2,3,40.0,60,19,14,5,13.7,110,239.98,51.99,187.99,1305,282,1023,21.7,22,9,6,13,27.3,6,4,2,66.7,8,0,0,0,276,65,211,23.6,199.6,14.2,7.1,23,8,15,3.0,6,12,4,8,43.4,44,251,1.0,158.0,2022-04-04,2022-09-09,True
78a64da1-0e8f-427d-8750-8e80905a582f,639adbeb-6167-479b-8863-8df62c4bcc1d,2022-05-09,Objection / Hearing,Land & Ownership Verification,5,3,2,60.0,60,19,12,7,12.1,126,239.98,89.7,150.28,1305,487,818,37.4,22,11,7,11,31.8,6,4,2,66.7,8,0,0,0,276,92,184,33.3,199.6,31.4,15.7,23,11,12,15.2,6,12,4,8,39.1,85,292,1.0,158.0,2022-04-04,2022-09-09,True
e500a13d-e577-468c-8b35-7fc6276f671b,639adbeb-6167-479b-8863-8df62c4bcc1d,2022-10-17,Award / Valuation,Compensation Disbursement,5,5,0,100.0,0,19,7,12,6.6,161,239.98,188.61,51.37,1305,1025,280,78.6,22,17,14,5,63.6,6,4,2,66.7,8,1,0,1,276,157,119,56.9,199.6,108.6,54.4,23,16,7,20.1,6,12,6,6,25.1,38,453,,,,,True
4e7f0958-f159-4cf2-9cab-ed9577d26835,4c7ea254-20cd-4339-93c1-d71a5ccddce2,2021-05-29,Notification,Objection / Hearing,3,0,3,0.0,47,8,8,0,29.2,42,1312.46,155.39,1157.07,1666,197,1469,11.8,16,3,1,13,6.2,2,0,2,0.0,27,10,10,0,143,14,129,9.8,306.1,0.0,0.0,11,0,11,9.1,6,14,1,13,30.4,44,100,1.0,36.0,2021-06-28,2021-08-03,True
c68f8d38-a392-4794-b644-4bf285506594,4c7ea254-20cd-4339-93c1-d71a5ccddce2,2021-07-21,Objection / Hearing,Land & Ownership Verification,3,0,3,0.0,17,8,7,1,25.4,145,1312.46,48.91,1263.55,1666,62,1604,3.7,16,3,2,13,12.5,2,0,2,0.0,27,7,6,1,143,17,126,11.9,306.1,0.0,0.0,11,1,10,9.5,6,14,2,12,25.6,29,153,1.0,47.0,2021-07-30,2021-09-15,True
4d5dc19b-151e-46ed-b9eb-8fff3824e5cd,4c7ea254-20cd-4339-93c1-d71a5ccddce2,2021-09-13,Land & Ownership Verification,Award / Valuation,3,1,2,33.3,69,8,6,2,21.8,106,1312.46,252.16,1060.3,1666,320,1346,19.2,16,5,3,11,18.8,2,0,2,0.0,27,2,1,1,143,0,143,0.0,306.1,1.4,0.5,11,3,8,18.6,6,14,4,10,29.0,41,207,1.0,68.0,2021-11-05,2022-01-12,True
f4409ccf-f03e-442a-b75a-ca8826b6fb0b,4c7ea254-20cd-4339-93c1-d71a5ccddce2,2021-10-13,Award / Valuation,Compensation Disbursement,3,1,2,33.3,22,8,6,2,21.0,157,1312.46,257.91,1054.55,1666,327,1339,19.7,16,8,7,8,43.8,2,0,2,0.0,27,4,2,2,143,6,137,4.2,306.1,4.9,1.6,11,4,7,24.6,6,14,3,11,20.9,28,237,1.0,85.0,2022-01-27,2022-04-22,True
aee30969-49dd-47ac-a355-aae2ccfe085f,4c7ea254-20cd-4339-93c1-d71a5ccddce2,2021-11-26,Award / Valuation,Compensation Disbursement,3,1,2,33.3,84,8,6,2,19.7,91,1312.46,402.84,909.62,1666,511,1155,30.7,16,8,5,8,31.2,2,1,1,50.0,27,4,2,2,143,34,109,23.8,306.1,9.7,3.2,11,4,7,26.8,6,14,6,8,29.8,72,281,1.0,85.0,2022-01-27,2022-04-22,True
23a4a40f-f5c8-47e7-ba96-908117613ef2,4c7ea254-20cd-4339-93c1-d71a5ccddce2,2022-06-05,Rehabilitation & Resettlement,Possession,3,2,1,66.7,35,8,3,5,10.8,154,1312.46,617.34,695.12,1666,783,883,47.0,16,13,10,3,62.5,2,1,1,50.0,27,2,0,2,143,85,58,59.4,306.1,100.1,32.7,11,8,3,3.6,6,14,6,8,36.3,44,472,1.0,162.0,2022-07-29,2023-01-07,True
2d1a6642-065a-457f-b3cc-e9f3b3b6a451,4c7ea254-20cd-4339-93c1-d71a5ccddce2,2022-06-13,Rehabilitation & Resettlement,Possession,3,2,1,66.7,71,8,3,5,11.5,179,1312.46,698.2,614.26,1666,886,780,53.2,16,13,11,3,68.8,2,1,1,50.0,27,3,0,3,143,48,95,33.6,306.1,102.9,33.6,11,7,4,20.4,6,14,9,5,16.1,52,480,1.0,162.0,2022-07-29,2023-01-07,True
c0fbd38a-b80f-43fa-bfad-5f0ae5930f9f,4c7ea254-20cd-4339-93c1-d71a5ccddce2,2022-07-07,Rehabilitation & Resettlement,Possession,3,2,1,66.7,89,8,4,4,12.2,145,1312.46,767.79,544.67,1666,974,692,58.5,16,11,7,5,43.8,2,1,1,50.0,27,1,0,1,143,66,77,46.2,306.1,127.8,41.8,11,5,6,4.9,6,14,8,6,31.2,76,504,1.0,162.0,2022-07-29,2023-01-07,True
a6dc1e4e-80bb-4b2e-8ab3-b9412bfebce8,4c7ea254-20cd-4339-93c1-d71a5ccddce2,2022-11-11,Possession,Acquisition Completion,3,2,1,66.7,21,8,2,6,6.5,146,1312.46,1062.3,250.16,1666,1348,318,80.9,16,14,9,2,56.2,2,2,0,100.0,27,1,0,1,143,106,37,74.1,306.1,207.2,67.7,11,9,2,15.4,6,14,11,3,29.3,46,631,1.0,173.0,2022-09-04,2023-02-24,True
ebed8f0a-c303-4f07-9a89-21cd3f5a0c22,781eb26d-187b-4ebd-8924-126772a0f35f,2020-05-05,Notification,Objection / Hearing,4,0,4,0.0,69,19,18,1,13.3,142,254.63,8.02,246.61,1988,62,1926,3.1,5,0,0,5,0.0,2,0,2,0.0,68,19,16,3,1331,0,1331,0.0,146.8,0.0,0.0,22,1,21,20.6,2,9,0,9,31.1,49,118,1.0,165.0,2020-08-22,2021-02-03,True
5dad1663-bdef-4b6e-9534-2bb658d29e03,781eb26d-187b-4ebd-8924-126772a0f35f,2020-06-20,Notification,Objection / Hearing,4,0,4,0.0,15,19,19,0,14.7,102,254.63,0.0,254.63,1988,0,1988,0.0,5,0,0,5,0.0,2,0,2,0.0,68,20,18,2,1331,44,1287,3.3,146.8,0.0,0.0,22,3,19,12.8,2,9,1,8,13.3,95,164,1.0,165.0,2020-08-22,2021-02-03,True
6e2bc4c5-964c-455b-bdd2-e1265c4ea1e3,781eb26d-187b-4ebd-8924-126772a0f35f,2020-06-29,Notification,Objection / Hearing,4,0,4,0.0,26,19,15,4,11.2,144,254.63,9.52,245.11,1988,74,1914,3.7,5,1,0,4,0.0,2,0,2,0.0,68,21,19,2,1331,0,1331,0.0,146.8,16.8,11.4,22,0,22,14.8,2,9,1,8,27.6,104,173,1.0,165.0,2020-08-22,2021-02-03,True
d7030919-d709-45eb-a0af-0cc6b615366c,781eb26d-187b-4ebd-8924-126772a0f35f,2021-01-27,Objection / Hearing,Land & Ownership Verification,4,1,3,25.0,27,19,15,4,11.1,104,254.63,53.69,200.94,1988,419,1569,21.1,5,2,1,3,20.0,2,0,2,0.0,68,6,2,4,1331,0,1331,0.0,146.8,0.0,0.0,22,5,17,21.5,2,9,1,8,44.2,149,385,1.0,243.0,2020-12-01,2021-08-01,True
ca25403f-15c6-451b-b5c2-3a2a1765a178,781eb26d-187b-4ebd-8924-126772a0f35f,2021-04-19,Land & Ownership Verification,Award / Valuation,4,1,3,25.0,20,19,15,4,11.0,90,254.63,69.65,184.98,1988,543,1445,27.4,5,1,0,4,0.0,2,0,2,0.0,68,12,5,7,1331,0,1331,0.0,146.8,0.0,0.0,22,9,13,9.8,2,9,3,6,12.9,75,467,1.0,316.0,2021-02-24,2022-01-06,True
1a66405a-0fb6-431a-8401-a0bb3d3aaed9,781eb26d-187b-4ebd-8924-126772a0f35f,2021-06-15,Land & Ownership Verification,Award / Valuation,4,1,3,25.0,21,19,12,7,9.0,51,254.63,89.24,165.39,1988,696,1292,35.0,5,2,1,3,20.0,2,0,2,0.0,68,5,1,4,1331,260,1071,19.5,146.8,0.0,0.0,22,10,12,26.0,2,9,3,6,27.9,132,524,1.0,316.0,2021-02-24,2022-01-06,True
4f63ed0e-49fb-4515-8e67-e2283fbd2b04,781eb26d-187b-4ebd-8924-126772a0f35f,2021-09-22,Award / Valuation,Compensation Disbursement,4,2,2,50.0,31,19,13,6,9.9,173,254.63,117.75,136.88,1988,919,1069,46.2,5,2,1,3,20.0,2,1,1,50.0,68,15,4,11,1331,432,899,32.5,146.8,14.0,9.5,22,9,13,14.7,2,9,4,5,38.4,52,623,1.0,417.0,2021-05-29,2022-07-20,True
34dc54c4-ea3c-4074-999e-a48fabe25ea7,781eb26d-187b-4ebd-8924-126772a0f35f,2022-05-01,Compensation Disbursement,Rehabilitation & Resettlement,4,3,1,75.0,41,19,11,8,8.4,41,254.63,154.92,99.71,1988,1209,779,60.8,5,4,2,1,40.0,2,1,1,50.0,68,3,0,3,1331,941,390,70.7,146.8,67.5,46.0,22,11,11,8.9,2,9,4,5,35.8,115,844,1.0,439.0,2021-09-04,2022-11-17,True
4b09c1a5-535f-49c1-bdfa-f46e58bc863c,781eb26d-187b-4ebd-8924-126772a0f35f,2023-02-11,Acquisition Completion,,4,4,0,100.0,0,19,10,9,7.4,161,254.63,219.94,34.69,1988,1717,271,86.4,5,5,3,0,60.0,2,1,1,50.0,68,2,0,2,1331,1331,0,100.0,146.8,109.3,74.5,22,22,0,6.2,2,9,6,3,8.8,20,1130,,,,,True
1acc0960-6784-40e5-83a7-5a5a6490f4c0,a6e7ef14-1366-4557-aaf6-c86f4fc9f4af,2021-01-24,Notification,Objection / Hearing,10,2,8,20.0,84,13,11,2,2.7,116,111.52,0.0,111.52,1128,0,1128,0.0,28,4,2,24,7.1,8,0,8,0.0,17,3,3,0,510,25,485,4.9,32.7,0.0,0.0,13,0,13,8.7,4,18,0,18,37.2,15,105,1.0,62.0,2021-05-16,2021-07-17,True
39c1948f-078c-40f1-bab1-7fd1ab29b5be,a6e7ef14-1366-4557-aaf6-c86f4fc9f4af,2021-02-06,Notification,Objection / Hearing,10,1,9,10.0,22,13,11,2,2.7,179,111.52,0.0,111.52,1128,0,1128,0.0,28,2,1,26,3.6,8,1,7,12.5,17,1,1,0,510,0,510,0.0,32.7,0.0,0.0,13,1,12,4.3,4,18,3,15,10.5,28,118,1.0,62.0,2021-05-16,2021-07-17,True
bf653c42-f8c5-4af9-92d8-72fddda741af,a6e7ef14-1366-4557-aaf6-c86f4fc9f4af,2021-04-01,Objection / Hearing,Land & Ownership Verification,10,1,9,10.0,42,13,13,0,3.3,116,111.52,0.0,111.52,1128,0,1128,0.0,28,8,6,20,21.4,8,1,7,12.5,17,3,3,0,510,53,457,10.4,32.7,0.0,0.0,13,2,11,10.6,4,18,2,16,9.6,4,172,1.0,75.0,2021-07-03,2021-09-16,True
a34d9fca-b6dc-4971-b56a-02063a3c4963,a6e7ef14-1366-4557-aaf6-c86f4fc9f4af,2021-05-17,Objection / Hearing,Land & Ownership Verification,10,3,7,30.0,67,13,11,2,2.6,37,111.52,2.05,109.47,1128,20,1108,1.8,28,9,7,19,25.0,8,1,7,12.5,17,3,2,1,510,20,490,3.9,32.7,1.1,3.4,13,2,11,25.4,4,18,4,14,18.4,50,218,1.0,75.0,2021-07-03,2021-09-16,True
a312e086-1538-462e-a11f-2ac106027e9d,a6e7ef14-1366-4557-aaf6-c86f4fc9f4af,2022-07-15,Rehabilitation & Resettlement,Possession,10,10,0,100.0,0,13,6,7,1.4,49,111.52,83.84,27.68,1128,848,280,75.2,28,28,17,0,60.7,8,7,1,87.5,17,0,0,0,510,304,206,59.6,32.7,18.2,55.7,13,11,2,6.5,4,18,8,10,24.6,105,642,1.0,138.0,2022-05-09,2022-09-24,True
15a3e42b-9059-470b-a37a-45084a85b09c,a6e7ef14-1366-4557-aaf6-c86f4fc9f4af,2022-09-16,Possession,Acquisition Completion,10,9,1,90.0,23,13,5,8,1.2,10,111.52,86.84,24.68,1128,878,250,77.9,28,22,14,6,50.0,8,8,0,100.0,17,0,0,0,510,365,145,71.6,32.7,22.3,68.2,13,11,2,12.0,4,18,15,3,12.6,53,705,1.0,183.0,2022-08-06,2023-02-05,True
d4842efe-9c33-4360-a79d-de7ce7e2dec1,a6e7ef14-1366-4557-aaf6-c86f4fc9f4af,2022-12-20,Acquisition Completion,,10,10,0,100.0,0,13,5,8,1.0,123,111.52,102.57,8.95,1128,1037,91,92.0,28,28,17,0,60.7,8,8,0,100.0,17,0,0,0,510,434,76,85.1,32.7,27.0,82.6,13,10,3,24.1,4,18,15,3,36.7,87,800,,,,,True
f08f5a0a-e81c-4a52-9844-f71444b79d67,b2928734-a785-48bd-958a-e26959410c9f,2021-12-24,Initial Assessment / SIA,Notification,12,2,10,16.7,40,8,8,0,27.2,154,218.25,1.37,216.88,1281,8,1273,0.6,15,0,0,15,0.0,6,0,6,0.0,89,25,21,4,841,60,781,7.1,285.0,3.3,1.2,18,0,18,7.8,3,15,0,15,37.6,47,47,0.0,14.0,2022-04-21,2022-05-05,True
7e596087-3d5c-4a90-bf0c-436de1d803be,b2928734-a785-48bd-958a-e26959410c9f,2022-01-13,Initial Assessment / SIA,Notification,12,0,12,0.0,37,8,8,0,28.5,153,218.25,13.06,205.19,1281,76,1205,6.0,15,0,0,15,0.0,6,0,6,0.0,89,24,24,0,841,0,841,0.0,285.0,9.0,3.2,18,3,15,22.5,3,15,1,14,19.0,67,67,0.0,14.0,2022-04-21,2022-05-05,True
ad945789-a792-43ab-a45b-0f2bc3bb59fc,b2928734-a785-48bd-958a-e26959410c9f,2022-07-30,Land & Ownership Verification,Award / Valuation,12,5,7,41.7,42,8,6,2,21.1,50,218.25,32.95,185.3,1281,193,1088,15.1,15,3,1,12,6.7,6,2,4,33.3,89,11,2,9,841,0,841,0.0,285.0,0.0,0.0,18,3,15,22.6,3,15,5,10,9.3,20,265,1.0,57.0,2022-10-24,2022-12-20,True
b6103f6f-cce0-4c51-9658-04c4731ebd57,b2928734-a785-48bd-958a-e26959410c9f,2023-03-28,Compensation Disbursement,Rehabilitation & Resettlement,12,7,5,58.3,85,8,6,2,19.6,155,218.25,110.17,108.08,1281,646,635,50.5,15,11,6,4,40.0,6,4,2,66.7,89,14,2,12,841,270,571,32.1,285.0,129.6,45.5,18,10,8,10.2,3,15,7,8,13.2,98,506,1.0,86.0,2023-05-16,2023-08-10,True
85b4b290-8c50-4812-bd3c-7bdbb04bb5f6,b2928734-a785-48bd-958a-e26959410c9f,2023-04-05,Rehabilitation & Resettlement,Possession,12,9,3,75.0,5,8,4,4,12.4,64,218.25,87.46,130.79,1281,513,768,40.1,15,9,7,6,46.7,6,4,2,66.7,89,11,0,11,841,485,356,57.7,285.0,10.0,3.5,18,12,6,20.1,3,15,6,9,27.4,3,514,1.0,105.0,2023-08-11,2023-11-24,True
347baf21-13e2-4b9a-ad7c-691439118bbd,b2928734-a785-48bd-958a-e26959410c9f,2023-04-22,Rehabilitation & Resettlement,Possession,12,9,3,75.0,73,8,4,4,11.0,35,218.25,115.35,102.9,1281,677,604,52.9,15,10,6,5,40.0,6,4,2,66.7,89,5,0,5,841,410,431,48.8,285.0,92.6,32.5,18,13,5,4.2,3,15,7,8,10.1,20,531,1.0,105.0,2023-08-11,2023-11-24,True
09b00bb0-d431-4442-a0fb-a0e7f682dd48,b2928734-a785-48bd-958a-e26959410c9f,2024-02-14,Acquisition Completion,,12,12,0,100.0,0,8,2,6,7.0,13,218.25,189.91,28.34,1281,1114,167,87.0,15,15,11,0,73.3,6,5,1,83.3,89,7,0,7,841,796,45,94.6,285.0,238.1,83.5,18,15,3,6.7,3,15,13,2,11.8,82,829,,,,,True
ea0fb77e-48c9-4490-aba1-25f3197f424b,853b2cc4-af53-4c23-befd-27e7a740b4b2,2022-08-15,Initial Assessment / SIA,Notification,5,0,5,0.0,46,5,5,0,36.5,22,1108.4,0.0,1108.4,822,0,822,0.0,13,1,0,12,0.0,5,0,5,0.0,7,1,1,0,609,0,609,0.0,392.4,0.0,0.0,23,1,22,15.5,7,6,0,6,24.2,35,35,0.0,2.0,2022-10-03,2022-10-05,True
5a3b0a72-29ad-4db9-9cdb-8b4756413fbc,853b2cc4-af53-4c23-befd-27e7a740b4b2,2022-09-10,Notification,Objection / Hearing,5,0,5,0.0,46,5,5,0,39.2,83,1108.4,102.67,1005.73,822,76,746,9.3,13,2,1,11,7.7,5,0,5,0.0,7,1,1,0,609,0,609,0.0,392.4,24.6,6.3,23,0,23,5.5,7,6,0,6,14.0,23,61,0.0,2.0,2022-11-18,2022-11-20,True
7340545e-e242-465a-a21b-aa9e0a483f57,853b2cc4-af53-4c23-befd-27e7a740b4b2,2022-09-24,Notification,Objection / Hearing,5,0,5,0.0,79,5,4,1,30.9,116,1108.4,8.74,1099.66,822,6,816,0.8,13,2,1,11,7.7,5,1,4,20.0,7,1,1,0,609,53,556,8.7,392.4,0.0,0.0,23,0,23,21.5,7,6,0,6,38.1,37,75,0.0,2.0,2022-11-18,2022-11-20,True
78e15965-89c0-4cf7-8904-74ab2d789539,853b2cc4-af53-4c23-befd-27e7a740b4b2,2023-03-27,Award / Valuation,Compensation Disbursement,5,2,3,40.0,61,5,4,1,29.0,175,1108.4,385.62,722.78,822,285,537,34.8,13,6,4,7,30.8,5,2,3,40.0,7,1,1,0,609,155,454,25.5,392.4,0.0,0.0,23,8,15,12.0,7,6,2,4,8.5,26,259,1.0,61.0,2023-06-23,2023-08-23,True
1a2851b7-db1f-482a-9275-32d582c6d804,853b2cc4-af53-4c23-befd-27e7a740b4b2,2023-06-18,Award / Valuation,Compensation Disbursement,5,3,2,60.0,29,5,3,2,22.9,170,1108.4,472.65,635.75,822,350,472,42.6,13,8,5,5,38.5,5,3,2,60.0,7,1,0,1,609,250,359,41.1,392.4,97.4,24.8,23,12,11,17.7,7,6,3,3,44.8,109,342,1.0,61.0,2023-06-23,2023-08-23,True
2f430b04-cd82-4d00-86cc-68588195f179,853b2cc4-af53-4c23-befd-27e7a740b4b2,2023-06-27,Compensation Disbursement,Rehabilitation & Resettlement,5,3,2,60.0,62,5,3,2,19.1,79,1108.4,522.33,586.07,822,387,435,47.1,13,9,6,4,46.2,5,4,1,80.0,7,0,0,0,609,233,376,38.3,392.4,113.5,28.9,23,14,9,27.5,7,6,2,4,42.7,4,351,1.0,59.0,2023-08-07,2023-10-05,True
c4fd361b-c59d-4b9d-a617-f8550adceaa9,853b2cc4-af53-4c23-befd-27e7a740b4b2,2023-07-10,Compensation Disbursement,Rehabilitation & Resettlement,5,3,2,60.0,15,5,3,2,20.4,176,1108.4,640.01,468.39,822,474,348,57.7,13,10,6,3,46.2,5,3,2,60.0,7,1,0,1,609,248,361,40.7,392.4,135.1,34.4,23,13,10,6.7,7,6,2,4,8.2,17,364,1.0,59.0,2023-08-07,2023-10-05,True
1027d7c6-1e27-43da-8e95-b14950e77b9d,853b2cc4-af53-4c23-befd-27e7a740b4b2,2023-10-21,Possession,Acquisition Completion,5,4,1,80.0,75,5,2,3,15.3,128,1108.4,856.93,251.47,822,635,187,77.3,13,11,7,2,53.8,5,4,1,80.0,7,0,0,0,609,413,196,67.8,392.4,205.0,52.2,23,16,7,8.4,7,6,3,3,12.3,16,467,1.0,80.0,2023-12-28,2024-03-17,True
570a1797-64a8-4c34-b1d6-3953c5954248,853b2cc4-af53-4c23-befd-27e7a740b4b2,2024-01-04,Acquisition Completion,,5,4,1,80.0,69,5,2,3,8.4,68,1108.4,1054.09,54.31,822,781,41,95.1,13,13,8,0,61.5,5,5,0,100.0,7,0,0,0,609,475,134,78.0,392.4,321.1,81.8,23,22,1,18.4,7,6,4,2,29.6,35,542,,,,,True
50cd7712-1d9b-40f4-8e38-da66a3f0093d,0bed620b-4d61-4bab-9414-42008e5d6001,2022-12-08,Initial Assessment / SIA,Notification,6,0,6,0.0,69,3,3,0,13.5,81,270.73,18.33,252.4,658,44,614,6.8,21,0,0,21,0.0,4,0,4,0.0,88,31,31,0,32,0,32,0.0,152.8,10.4,6.8,10,1,9,7.8,7,13,0,13,33.6,33,33,0.0,26.0,2023-01-27,2023-02-22,True
8746282c-6d2a-4aaa-b835-209dbb95a9c1,0bed620b-4d61-4bab-9414-42008e5d6001,2023-01-19,Notification,Objection / Hearing,6,0,6,0.0,10,3,3,0,13.4,60,270.73,0.0,270.73,658,0,658,0.0,21,0,0,21,0.0,4,0,4,0.0,88,18,18,0,32,0,32,0.0,152.8,0.0,0.0,10,1,9,18.2,7,13,0,13,40.0,6,75,1.0,84.0,2023-04-16,2023-07-09,True
07c4c05a-0552-4d9a-bdc7-9f16b29d4256,0bed620b-4d61-4bab-9414-42008e5d6001,2023-02-20,Notification,Objection / Hearing,6,0,6,0.0,23,3,3,0,15.3,25,270.73,0.0,270.73,658,0,658,0.0,21,4,2,17,9.5,4,0,4,0.0,88,9,5,4,32,4,28,12.5,152.8,0.0,0.0,10,0,10,16.7,7,13,1,12,20.6,38,107,1.0,84.0,2023-04-16,2023-07-09,True
104fe066-d55e-41d6-9148-9c74db3a0e4c,0bed620b-4d61-4bab-9414-42008e5d6001,2023-08-07,Land & Ownership Verification,Award / Valuation,6,2,4,33.3,9,3,3,0,12.5,85,270.73,21.66,249.07,658,52,606,8.0,21,3,2,18,9.5,4,1,3,25.0,88,23,16,7,32,0,32,0.0,152.8,3.7,2.4,10,4,6,19.2,7,13,3,10,10.2,29,275,1.0,200.0,2023-10-13,2024-04-30,True
2ab1b57a-7115-4168-9995-cf05d13dd7bc,0bed620b-4d61-4bab-9414-42008e5d6001,2024-04-06,Award / Valuation,Compensation Disbursement,6,3,3,50.0,11,3,2,1,9.5,161,270.73,114.99,155.74,658,279,379,42.5,21,14,8,7,38.1,4,2,2,50.0,88,11,0,11,32,10,22,31.2,152.8,31.0,20.3,10,5,5,25.1,7,13,6,7,33.6,174,518,1.0,214.0,2023-11-18,2024-06-19,True
a9b8fb7f-5376-460e-8c7d-e60554affa3f,0bed620b-4d61-4bab-9414-42008e5d6001,2024-07-22,Rehabilitation & Resettlement,Possession,6,4,2,66.7,46,3,2,1,7.3,27,270.73,142.91,127.82,658,347,311,52.8,21,13,9,8,42.9,4,3,1,75.0,88,5,0,5,32,10,22,31.2,152.8,64.5,42.2,10,4,6,27.9,7,13,7,6,15.3,33,625,1.0,320.0,2024-04-10,2025-02-24,True
25b315a4-429b-45a4-a912-70c899bfef95,0bed620b-4d61-4bab-9414-42008e5d6001,2025-01-07,Possession,Acquisition Completion,6,5,1,83.3,21,3,1,2,4.3,18,270.73,218.52,52.21,658,531,127,80.7,21,21,13,0,61.9,4,3,1,75.0,88,4,0,4,32,23,9,71.9,152.8,99.4,65.1,10,8,2,20.7,7,13,8,5,43.9,96,794,1.0,367.0,2024-06-16,2025-06-18,True
dd5385d6-7ca0-4536-b4d9-31b1ecb6fd65,0bed620b-4d61-4bab-9414-42008e5d6001,2025-01-15,Possession,Acquisition Completion,6,6,0,100.0,0,3,1,2,4.7,164,270.73,207.23,63.5,658,503,155,76.5,21,18,13,3,61.9,4,4,0,100.0,88,5,0,5,32,25,7,78.1,152.8,81.8,53.5,10,8,2,7.8,7,13,8,5,39.2,104,802,1.0,367.0,2024-06-16,2025-06-18,True
c40ff29a-7f36-4dca-9fd7-ffbcf43788cc,0bed620b-4d61-4bab-9414-42008e5d6001,2025-04-02,Acquisition Completion,,6,5,1,83.3,58,3,1,2,4.9,55,270.73,244.43,26.3,658,594,64,90.3,21,20,14,1,66.7,4,3,1,75.0,88,10,0,10,32,29,3,90.6,152.8,124.8,81.7,10,8,2,6.8,7,13,10,3,33.2,37,879,,,,,True
f680c008-9fc8-4ff5-96f3-0f93acf12602,0bed620b-4d61-4bab-9414-42008e5d6001,2025-06-13,Acquisition Completion,,6,6,0,100.0,0,3,2,1,5.6,104,270.73,270.73,0.0,658,658,0,100.0,21,21,14,0,66.7,4,3,1,75.0,88,1,0,1,32,32,0,100.0,152.8,129.2,84.6,10,10,0,6.2,7,13,10,3,29.6,109,951,,,,,True
89e3f8cf-40a9-4f1c-81dd-6aad52427b14,c8d84874-2958-445a-b43c-64369b6eb6a9,2023-11-09,Award / Valuation,Compensation Disbursement,14,8,6,57.1,10,18,10,8,24.9,60,2143.0,738.75,1404.25,1785,615,1170,34.5,9,5,3,4,33.3,2,0,2,0.0,96,16,5,11,777,153,624,19.7,482.3,32.6,6.8,22,8,14,14.0,4,14,5,9,29.1,52,417,1.0,167.0,2023-11-23,2024-05-08,True
52f925ff-c8bb-4782-a8bd-de8828d7f721,c8d84874-2958-445a-b43c-64369b6eb6a9,2024-02-11,Compensation Disbursement,Rehabilitation & Resettlement,14,9,5,64.3,35,18,9,9,21.6,45,2143.0,742.51,1400.49,1785,618,1167,34.6,9,4,2,5,22.2,2,1,1,50.0,96,9,0,9,777,256,521,32.9,482.3,151.8,31.5,22,12,10,12.7,4,14,7,7,25.7,26,511,1.0,226.0,2024-02-24,2024-10-07,True
ad65977d-43bc-4c8b-b7af-f407cde4088d,c8d84874-2958-445a-b43c-64369b6eb6a9,2024-04-01,Compensation Disbursement,Rehabilitation & Resettlement,14,10,4,71.4,53,18,11,7,28.5,91,2143.0,1289.47,853.53,1785,1074,711,60.2,9,6,4,3,44.4,2,1,1,50.0,96,7,0,7,777,306,471,39.4,482.3,138.8,28.8,22,15,7,5.1,4,14,7,7,7.5,76,561,1.0,226.0,2024-02-24,2024-10-07,True
8c8d15b0-cee7-481a-a9c8-33a955768ce7,c8d84874-2958-445a-b43c-64369b6eb6a9,2024-08-22,Rehabilitation & Resettlement,Possession,14,14,0,100.0,0,18,10,8,24.3,66,2143.0,1528.49,614.51,1785,1273,512,71.3,9,7,4,2,44.4,2,2,0,100.0,96,13,0,13,777,414,363,53.3,482.3,293.5,60.9,22,16,6,12.7,4,14,7,7,22.0,106,704,1.0,246.0,2024-04-10,2024-12-12,True
c5122db4-8e77-4527-83e4-d635e31f7bfc,c8d84874-2958-445a-b43c-64369b6eb6a9,2025-01-22,Acquisition Completion,,14,14,0,100.0,0,18,7,11,18.4,137,2143.0,2143.0,0.0,1785,1785,0,100.0,9,8,6,1,66.7,2,2,0,100.0,96,3,0,3,777,584,193,75.2,482.3,319.6,66.3,22,21,1,6.4,4,14,10,4,41.7,41,857,,,,,True
2712b2bd-2b1d-4b1c-a08b-a5070bd36582,96887724-dc3b-46a9-913a-1803f44b90ee,2022-09-07,Initial Assessment / SIA,Notification,13,0,13,0.0,24,18,18,0,12.3,89,139.59,13.1,126.49,1587,148,1439,9.4,16,1,0,15,0.0,9,0,9,0.0,96,28,26,2,301,10,291,3.3,123.1,0.0,0.0,12,0,12,29.8,3,16,0,16,15.2,5,5,0.0,30.0,2023-03-14,2023-04-13,True
aa58fd50-bebd-4c20-a33d-aa8e1283b9c6,96887724-dc3b-46a9-913a-1803f44b90ee,2022-09-17,Initial Assessment / SIA,Notification,13,0,13,0.0,57,18,18,0,11.8,147,139.59,2.61,136.98,1587,29,1558,1.9,16,0,0,16,0.0,9,0,9,0.0,96,32,32,0,301,7,294,2.3,123.1,10.6,8.6,12,0,12,27.2,3,16,2,14,23.0,15,15,0.0,30.0,2023-03-14,2023-04-13,True
6084bcd3-2e6d-460d-ab79-590f9666cce9,96887724-dc3b-46a9-913a-1803f44b90ee,2022-09-19,Initial Assessment / SIA,Notification,13,1,12,7.7,28,18,18,0,12.3,73,139.59,0.0,139.59,1587,0,1587,0.0,16,0,0,16,0.0,9,0,9,0.0,96,28,21,7,301,0,301,0.0,123.1,0.0,0.0,12,0,12,27.0,3,16,0,16,26.5,17,17,0.0,30.0,2023-03-14,2023-04-13,True
c7e3d97d-f170-4d85-b2a8-717e97ed4e4e,96887724-dc3b-46a9-913a-1803f44b90ee,2022-11-03,Initial Assessment / SIA,Notification,13,2,11,15.4,57,18,15,3,10.2,127,139.59,0.0,139.59,1587,0,1587,0.0,16,1,0,15,0.0,9,1,8,11.1,96,22,17,5,301,17,284,5.6,123.1,2.0,1.6,12,2,10,18.1,3,16,2,14,19.2,62,62,0.0,30.0,2023-03-14,2023-04-13,True
2b950256-2ad5-4ddd-9ef7-2823df7fdd8e,96887724-dc3b-46a9-913a-1803f44b90ee,2023-04-10,Notification,Objection / Hearing,13,9,4,69.2,77,18,12,6,8.2,49,139.59,47.16,92.43,1587,536,1051,33.8,16,10,5,6,31.2,9,7,2,77.8,96,16,0,16,301,61,240,20.3,123.1,24.2,19.7,12,6,6,22.2,3,16,7,9,34.3,103,220,0.0,20.0,2023-05-02,2023-05-22,True
75277cdf-2675-42cd-874f-d2ace1f168ae,96887724-dc3b-46a9-913a-1803f44b90ee,2023-07-01,Land & Ownership Verification,Award / Valuation,13,11,2,84.6,36,18,7,11,4.1,138,139.59,76.54,63.05,1587,870,717,54.8,16,12,8,4,50.0,9,8,1,88.9,96,8,0,8,301,191,110,63.5,123.1,58.9,47.8,12,8,4,7.4,3,16,10,6,19.9,40,302,1.0,48.0,2023-09-24,2023-11-11,True
935533d3-8fb2-45fe-b0d0-a30b93eccb98,96887724-dc3b-46a9-913a-1803f44b90ee,2023-07-20,Land & Ownership Verification,Award / Valuation,13,11,2,84.6,32,18,8,10,5.0,20,139.59,101.07,38.52,1587,1149,438,72.4,16,15,10,1,62.5,9,8,1,88.9,96,14,2,12,301,146,155,48.5,123.1,62.6,50.9,12,8,4,29.4,3,16,10,6,36.8,59,321,1.0,48.0,2023-09-24,2023-11-11,True
ee7f0e7a-4faa-40a1-aa16-b4b508100959,96887724-dc3b-46a9-913a-1803f44b90ee,2023-08-10,Land & Ownership Verification,Award / Valuation,13,12,1,92.3,19,18,9,9,5.7,120,139.59,100.23,39.36,1587,1139,448,71.8,16,13,8,3,50.0,9,9,0,100.0,96,1,0,1,301,199,102,66.1,123.1,44.6,36.2,12,8,4,20.3,3,16,9,7,35.1,80,342,1.0,48.0,2023-09-24,2023-11-11,True
0f5d36ae-81c6-4596-9743-be8620f13e55,96887724-dc3b-46a9-913a-1803f44b90ee,2023-08-14,Land & Ownership Verification,Award / Valuation,13,13,0,100.0,0,18,7,11,4.7,34,139.59,107.58,32.01,1587,1223,364,77.1,16,12,6,4,37.5,9,9,0,100.0,96,14,0,14,301,212,89,70.4,123.1,55.7,45.2,12,9,3,12.9,3,16,10,6,27.1,84,346,1.0,48.0,2023-09-24,2023-11-11,True
c9c1c4f3-92ab-4e64-a01d-e78a7f876397,fd071d37-c2de-46f4-8a90-4de6b2bc16b8,2023-02-05,Initial Assessment / SIA,Notification,10,0,10,0.0,30,6,6,0,13.7,19,111.61,6.2,105.41,1366,75,1291,5.6,5,0,0,5,0.0,3,0,3,0.0,20,7,7,0,986,97,889,9.8,137.7,0.0,0.0,13,0,13,13.7,5,4,0,4,6.4,21,21,0.0,8.0,2023-05-28,2023-06-05,True
4191196e-5307-45b0-adc3-1df2ed3e54ed,fd071d37-c2de-46f4-8a90-4de6b2bc16b8,2023-03-18,Notification,Objection / Hearing,10,2,8,20.0,44,6,6,0,11.8,49,111.61,0.0,111.61,1366,0,1366,0.0,5,1,0,4,0.0,3,0,3,0.0,20,3,2,1,986,0,986,0.0,137.7,0.0,0.0,13,2,11,20.8,5,4,0,4,7.8,4,62,1.0,33.0,2023-07-17,2023-08-19,True
fbb56ad1-3709-4187-9140-968471efd58a,fd071d37-c2de-46f4-8a90-4de6b2bc16b8,2023-05-30,Notification,Objection / Hearing,10,3,7,30.0,84,6,5,1,9.7,14,111.61,0.0,111.61,1366,0,1366,0.0,5,1,0,4,0.0,3,1,2,33.3,20,2,1,1,986,0,986,0.0,137.7,14.4,10.5,13,2,11,4.8,5,4,0,4,35.5,77,135,1.0,33.0,2023-07-17,2023-08-19,True
127a7d0e-c847-40d9-83e8-2cb16a119885,fd071d37-c2de-46f4-8a90-4de6b2bc16b8,2023-09-09,Land & Ownership Verification,Award / Valuation,10,6,4,60.0,86,6,4,2,7.4,43,111.61,53.6,58.01,1366,655,711,48.0,5,2,1,3,20.0,3,2,1,66.7,20,3,0,3,986,163,823,16.5,137.7,0.0,0.0,13,6,7,14.4,5,4,1,3,40.5,21,237,1.0,112.0,2024-01-02,2024-04-23,True
26562003-d5c2-43dd-bf77-acafb923179b,fd071d37-c2de-46f4-8a90-4de6b2bc16b8,2023-10-01,Land & Ownership Verification,Award / Valuation,10,6,4,60.0,68,6,4,2,9.1,172,111.61,49.84,61.77,1366,609,757,44.7,5,3,1,2,20.0,3,2,1,66.7,20,3,0,3,986,368,618,37.3,137.7,18.2,13.2,13,7,6,22.1,5,4,2,2,36.1,43,259,1.0,112.0,2024-01-02,2024-04-23,True
86792a94-b96c-40c9-adcf-f269d1a5e323,b77c1c3b-8902-442b-811d-050f482aa102,2021-03-28,Notification,Objection / Hearing,6,2,4,33.3,48,1,1,0,25.2,75,1393.85,269.51,1124.34,1075,207,868,19.3,7,1,0,6,0.0,6,2,4,33.3,40,4,3,1,813,2,811,0.2,321.3,0.0,0.0,19,3,16,5.1,6,4,1,3,25.3,125,187,1.0,84.0,2021-05-23,2021-08-15,True
a62e4f15-06c7-4ce5-8a75-2af65d2b701a,b77c1c3b-8902-442b-811d-050f482aa102,2021-08-08,Objection / Hearing,Land & Ownership Verification,6,3,3,50.0,82,1,1,0,18.7,89,1393.85,463.65,930.2,1075,357,718,33.3,7,3,1,4,14.3,6,4,2,66.7,40,5,0,5,813,197,616,24.2,321.3,1.4,0.4,19,7,12,13.6,6,4,1,3,11.8,114,320,1.0,89.0,2021-07-29,2021-10-26,True
fe30fd12-9297-4435-9099-ec79e8271ea1,b77c1c3b-8902-442b-811d-050f482aa102,2022-01-04,Compensation Disbursement,Rehabilitation & Resettlement,6,5,1,83.3,75,1,1,0,15.9,141,1393.85,954.8,439.05,1075,736,339,68.5,7,5,3,2,42.9,6,5,1,83.3,40,3,0,3,813,435,378,53.5,321.3,160.3,49.9,19,13,6,23.8,6,4,1,3,32.2,19,469,1.0,109.0,2021-12-07,2022-03-26,True
2e22d8ad-7bda-40ec-b412-6f27e56da8cb,b77c1c3b-8902-442b-811d-050f482aa102,2022-01-13,Compensation Disbursement,Rehabilitation & Resettlement,6,5,1,83.3,19,1,1,0,7.5,77,1393.85,931.84,462.01,1075,718,357,66.9,7,4,2,3,28.6,6,6,0,100.0,40,3,0,3,813,460,353,56.6,321.3,168.5,52.4,19,14,5,6.4,6,4,2,2,39.5,28,478,1.0,109.0,2021-12-07,2022-03-26,True
0caf5fd5-bd3b-4135-bd61-23b594137e8a,b77c1c3b-8902-442b-811d-050f482aa102,2022-04-21,Possession,Acquisition Completion,6,4,2,66.7,66,1,1,0,12.5,121,1393.85,1189.21,204.64,1075,917,158,85.3,7,7,5,0,71.4,6,6,0,100.0,40,0,0,0,813,650,163,80.0,321.3,224.5,69.9,19,18,1,29.2,6,4,2,2,27.6,26,576,1.0,138.0,2022-03-02,2022-07-18,True
f1d82e49-79e7-4757-ac05-a4afd52bdd6a,8f0cc82a-c4d8-4850-8632-bc4b4cbfada4,2022-12-12,Initial Assessment / SIA,Notification,3,0,3,0.0,8,6,6,0,46.3,64,1922.73,0.0,1922.73,256,0,256,0.0,27,0,0,27,0.0,3,0,3,0.0,57,18,17,1,200,0,200,0.0,466.0,35.4,7.6,3,0,3,10.6,3,3,0,3,41.4,23,23,1.0,45.0,2023-05-21,2023-07-05,True
fa2ee718-b139-4c23-8424-e6cd6e810fa8,8f0cc82a-c4d8-4850-8632-bc4b4cbfada4,2023-02-06,Initial Assessment / SIA,Notification,3,0,3,0.0,58,6,6,0,42.9,59,1922.73,47.81,1874.92,256,6,250,2.5,27,2,1,25,3.7,3,0,3,0.0,57,14,13,1,200,2,198,1.0,466.0,0.0,0.0,3,0,3,29.8,3,3,0,3,22.5,79,79,1.0,45.0,2023-05-21,2023-07-05,True
462031b9-51e7-41a9-a3df-2487b740d93d,8f0cc82a-c4d8-4850-8632-bc4b4cbfada4,2024-03-04,Land & Ownership Verification,Award / Valuation,3,2,1,66.7,36,6,5,1,32.5,15,1922.73,673.45,1249.28,256,89,167,35.0,27,11,7,16,25.9,3,1,2,33.3,57,5,1,4,200,49,151,24.5,466.0,79.3,17.0,3,1,2,29.3,3,3,0,3,39.4,130,471,1.0,114.0,2024-02-25,2024-06-18,True
a7c7f59d-3a5e-4725-b56f-572eaf7e18f4,8f0cc82a-c4d8-4850-8632-bc4b4cbfada4,2024-03-26,Award / Valuation,Compensation Disbursement,3,2,1,66.7,71,6,4,2,26.1,30,1922.73,725.37,1197.36,256,96,160,37.7,27,18,12,9,44.4,3,1,2,33.3,57,4,0,4,200,85,115,42.5,466.0,139.1,29.8,3,1,2,26.5,3,3,1,2,13.1,12,493,1.0,139.0,2024-06-07,2024-10-24,True
4d179be9-cb91-4f7b-bb3f-b02bfeeeffa9,8f0cc82a-c4d8-4850-8632-bc4b4cbfada4,2024-11-30,Rehabilitation & Resettlement,Possession,3,3,0,100.0,0,6,2,4,14.5,78,1922.73,1246.51,676.22,256,165,91,64.8,27,25,15,2,55.6,3,3,0,100.0,57,5,0,5,200,123,77,61.5,466.0,272.4,58.5,3,2,1,10.7,3,3,1,2,22.9,37,742,1.0,167.0,2024-10-24,2025-04-09,True
cdff86dc-fb62-4fc3-a66d-dfb6aba9ec20,8f0cc82a-c4d8-4850-8632-bc4b4cbfada4,2025-05-03,Acquisition Completion,,3,2,1,66.7,51,6,2,4,9.6,153,1922.73,1764.43,158.3,256,234,22,91.8,27,26,15,1,55.6,3,2,1,66.7,57,1,0,1,200,200,0,100.0,466.0,364.1,78.1,3,3,0,27.5,3,3,2,1,32.8,24,896,,,,,True
52a743cb-a941-4bee-993a-57222f618ca4,8f0cc82a-c4d8-4850-8632-bc4b4cbfada4,2025-05-12,Acquisition Completion,,3,3,0,100.0,0,6,1,5,4.2,82,1922.73,1922.73,0.0,256,256,0,100.0,27,26,20,1,74.1,3,2,1,66.7,57,0,0,0,200,155,45,77.5,466.0,349.3,75.0,3,2,1,20.3,3,3,2,1,8.4,33,905,,,,,True
121bd9b4-7c4a-44f1-b4d8-a068ae4c7d17,f72f01fb-059f-4aaf-b6c4-858b0bf88ff9,2020-11-28,Initial Assessment / SIA,Notification,10,0,10,0.0,5,8,8,0,4.9,34,68.98,5.01,63.97,1813,131,1682,7.3,25,0,0,25,0.0,8,1,7,12.5,39,14,14,0,410,0,410,0.0,55.7,5.6,10.1,23,0,23,5.0,4,15,0,15,35.0,4,4,1.0,163.0,2021-05-18,2021-10-28,True
7f8e6302-7867-4307-821d-8a356b78d2db,f72f01fb-059f-4aaf-b6c4-858b0bf88ff9,2021-04-04,Initial Assessment / SIA,Notification,10,1,9,10.0,75,8,8,0,5.0,51,68.98,1.78,67.2,1813,46,1767,2.6,25,3,2,22,8.0,8,0,8,0.0,39,12,9,3,410,11,399,2.7,55.7,0.0,0.0,23,0,23,28.2,4,15,2,13,17.8,131,131,1.0,163.0,2021-05-18,2021-10-28,True
212627e1-3afb-44ba-968e-557a2dcf5ee8,f72f01fb-059f-4aaf-b6c4-858b0bf88ff9,2022-02-11,Land & Ownership Verification,Award / Valuation,10,5,5,50.0,83,8,5,3,2.9,86,68.98,24.44,44.54,1813,642,1171,35.4,25,9,6,16,24.0,8,4,4,50.0,39,6,1,5,410,158,252,38.5,55.7,5.0,9.0,23,12,11,19.3,4,15,5,10,44.2,28,444,1.0,269.0,2021-10-14,2022-07-10,True
34479173-970f-47e3-81ac-25853a82b60e,f72f01fb-059f-4aaf-b6c4-858b0bf88ff9,2022-05-13,Award / Valuation,Compensation Disbursement,10,7,3,70.0,44,8,5,3,3.0,22,68.98,31.57,37.41,1813,829,984,45.8,25,13,9,12,36.0,8,6,2,75.0,39,2,0,2,410,161,249,39.3,55.7,19.8,35.5,23,12,11,3.6,4,15,6,9,25.3,21,535,1.0,338.0,2021-12-28,2022-12-01,True
f0b87218-6cd0-4a47-a58c-02c35524b267,f72f01fb-059f-4aaf-b6c4-858b0bf88ff9,2022-06-01,Award / Valuation,Compensation Disbursement,10,6,4,60.0,63,8,6,2,3.6,147,68.98,23.63,45.35,1813,620,1193,34.3,25,13,7,12,28.0,8,7,1,87.5,39,8,2,6,410,135,275,32.9,55.7,11.4,20.5,23,13,10,16.2,4,15,7,8,5.7,40,554,1.0,338.0,2021-12-28,2022-12-01,True
6b772797-485e-4d36-b21b-535d3f2e8401,f72f01fb-059f-4aaf-b6c4-858b0bf88ff9,2022-06-05,Award / Valuation,Compensation Disbursement,10,7,3,70.0,59,8,4,4,2.3,172,68.98,34.27,34.71,1813,900,913,49.7,25,16,10,9,40.0,8,6,2,75.0,39,2,0,2,410,163,247,39.8,55.7,10.6,19.0,23,13,10,29.2,4,15,10,5,31.6,44,558,1.0,338.0,2021-12-28,2022-12-01,True
334d4bd6-5495-45f7-8fee-c321b1aa6c94,f72f01fb-059f-4aaf-b6c4-858b0bf88ff9,2022-10-05,Compensation Disbursement,Rehabilitation & Resettlement,10,9,1,90.0,11,8,3,5,2.0,83,68.98,36.32,32.66,1813,954,859,52.7,25,22,15,3,60.0,8,8,0,100.0,39,2,0,2,410,229,181,55.9,55.7,30.9,55.5,23,15,8,3.2,4,15,9,6,13.1,87,680,1.0,386.0,2022-02-11,2023-03-04,True
da5d20f9-face-44a2-bcee-4af71647ce4c,df2b5d2f-18ef-4403-a3bd-d34b00e80999,2022-03-08,Initial Assessment / SIA,Notification,8,0,8,0.0,73,16,15,1,38.8,126,1973.66,0.0,1973.66,729,0,729,0.0,6,0,0,6,0.0,7,0,7,0.0,35,10,9,1,78,6,72,7.7,413.4,0.0,0.0,19,0,19,24.2,4,6,0,6,28.3,6,6,1.0,67.0,2022-06-11,2022-08-17,True
75e2547e-fdcc-438d-bdf2-3a263d0c6741,df2b5d2f-18ef-4403-a3bd-d34b00e80999,2023-11-21,Compensation Disbursement,Rehabilitation & Resettlement,8,7,1,87.5,26,16,9,7,22.6,81,1973.66,1193.27,780.39,729,440,289,60.5,6,4,2,2,33.3,7,5,2,71.4,35,3,0,3,78,36,42,46.2,413.4,143.6,34.7,19,12,7,13.6,4,6,2,4,7.6,110,629,1.0,323.0,2023-06-22,2024-05-10,True
f6d8085a-750b-4e44-bfc8-7ef0c3997206,df2b5d2f-18ef-4403-a3bd-d34b00e80999,2023-12-29,Compensation Disbursement,Rehabilitation & Resettlement,8,6,2,75.0,44,16,8,8,20.6,127,1973.66,1083.98,889.68,729,400,329,54.9,6,4,2,2,33.3,7,6,1,85.7,35,4,0,4,78,47,31,60.3,413.4,148.0,35.8,19,12,7,8.2,4,6,3,3,28.4,148,667,1.0,323.0,2023-06-22,2024-05-10,True
e33587c0-0337-4fc1-810d-426f3e34a3ca,df2b5d2f-18ef-4403-a3bd-d34b00e80999,2024-01-22,Compensation Disbursement,Rehabilitation & Resettlement,8,6,2,75.0,8,16,5,11,11.3,17,1973.66,1000.3,973.36,729,369,360,50.7,6,4,3,2,50.0,7,7,0,100.0,35,3,0,3,78,40,38,51.3,413.4,174.4,42.2,19,13,6,6.4,4,6,2,4,14.3,172,691,1.0,323.0,2023-06-22,2024-05-10,True
17ca75db-e8a3-4664-964d-f14e0c7222d2,df2b5d2f-18ef-4403-a3bd-d34b00e80999,2024-03-15,Rehabilitation & Resettlement,Possession,8,8,0,100.0,0,16,9,7,20.9,154,1973.66,1440.58,533.08,729,532,197,73.0,6,5,2,1,33.3,7,7,0,100.0,35,1,0,1,78,44,34,56.4,413.4,130.8,31.6,19,10,9,3.9,4,6,4,2,30.4,38,744,1.0,335.0,2023-10-17,2024-09-16,True
7ccd9c1b-590a-4612-9d1e-25eb01e1727c,e631c8a1-25c1-436d-bbdb-d7aa178e32a6,2022-06-04,Initial Assessment / SIA,Notification,11,4,7,36.4,45,1,1,0,23.8,171,1369.8,375.8,994.0,677,185,492,27.4,27,10,5,17,18.5,9,5,4,55.6,62,7,2,5,483,0,483,0.0,357.3,0.0,0.0,8,2,6,16.6,4,3,0,3,12.6,132,132,1.0,43.0,2022-06-30,2022-08-12,True
eb2ae414-1e81-496b-9cfc-cd4c29900eab,e631c8a1-25c1-436d-bbdb-d7aa178e32a6,2022-08-02,Notification,Objection / Hearing,11,6,5,54.5,77,1,1,0,23.9,160,1369.8,605.71,764.09,677,299,378,44.2,27,15,10,12,37.0,9,5,4,55.6,62,8,1,7,483,145,338,30.0,357.3,16.1,4.5,8,2,6,10.8,4,3,1,2,42.1,41,191,1.0,47.0,2022-08-01,2022-09-17,True
d897933a-3a51-4799-bc2f-878c9b4b5432,e631c8a1-25c1-436d-bbdb-d7aa178e32a6,2022-08-12,Objection / Hearing,Land & Ownership Verification,11,8,3,72.7,44,1,1,0,18.9,63,1369.8,536.2,833.6,677,265,412,39.1,27,17,10,10,37.0,9,6,3,66.7,62,7,2,5,483,162,321,33.5,357.3,37.5,10.5,8,4,4,9.5,4,3,1,2,33.6,0,201,1.0,91.0,2022-10-30,2023-01-29,True
113e65b5-c86c-4d53-b0a3-d4e3859651f0,e631c8a1-25c1-436d-bbdb-d7aa178e32a6,2023-01-02,Land & Ownership Verification,Award / Valuation,11,11,0,100.0,0,1,1,0,11.6,51,1369.8,1136.25,233.55,677,561,116,83.0,27,27,15,0,55.6,9,8,1,88.9,62,2,0,2,483,380,103,78.7,357.3,293.9,82.3,8,6,2,4.2,4,3,2,1,18.1,107,344,,,,,True
7b164dda-d06c-469e-9d11-32f545f03887,e631c8a1-25c1-436d-bbdb-d7aa178e32a6,2023-01-22,Land & Ownership Verification,Award / Valuation,11,9,2,81.8,23,1,1,0,6.3,79,1369.8,1258.3,111.5,677,621,56,91.9,27,27,19,0,70.4,9,8,1,88.9,62,2,0,2,483,458,25,94.8,357.3,301.8,84.5,8,8,0,3.1,4,3,2,1,44.6,127,364,,,,,True
7bc3f078-6aa4-46c8-bf90-edcb79e9d804,92188843-119c-4925-b41c-7a6c2d002e9d,2021-02-21,Initial Assessment / SIA,Notification,10,0,10,0.0,19,6,6,0,17.7,173,546.56,0.0,546.56,1677,0,1677,0.0,23,0,0,23,0.0,2,0,2,0.0,99,18,18,0,1564,0,1564,0.0,176.8,0.0,0.0,6,0,6,26.2,3,7,0,7,19.8,1,1,1.0,47.0,2021-08-01,2021-09-17,True
9666951d-5522-49ed-a63f-5d0247218a95,92188843-119c-4925-b41c-7a6c2d002e9d,2021-12-06,Objection / Hearing,Land & Ownership Verification,10,6,4,60.0,26,6,5,1,11.8,35,546.56,203.06,343.5,1677,623,1054,37.2,23,11,6,12,26.1,2,1,1,50.0,99,17,4,13,1564,374,1190,23.9,176.8,35.9,20.3,6,2,4,16.5,3,7,2,5,7.6,80,289,1.0,97.0,2022-01-22,2022-04-29,True
f4c95e2c-a409-44b4-aa2b-ca43ee03170b,92188843-119c-4925-b41c-7a6c2d002e9d,2021-12-30,Objection / Hearing,Land & Ownership Verification,10,7,3,70.0,73,6,4,2,11.2,114,546.56,156.66,389.9,1677,480,1197,28.7,23,10,5,13,21.7,2,1,1,50.0,99,16,4,12,1564,458,1106,29.3,176.8,47.0,26.6,6,3,3,12.0,3,7,3,4,18.0,104,313,1.0,97.0,2022-01-22,2022-04-29,True
e773a807-3fc3-44b8-bf97-c81b8f31d190,92188843-119c-4925-b41c-7a6c2d002e9d,2022-03-11,Land & Ownership Verification,Award / Valuation,10,8,2,80.0,35,6,3,3,8.8,126,546.56,288.07,258.49,1677,883,794,52.7,23,18,13,5,56.5,2,1,1,50.0,99,8,0,8,1564,567,997,36.3,176.8,58.2,32.9,6,3,3,15.9,3,7,3,4,20.0,33,384,1.0,104.0,2022-03-01,2022-06-13,True
7a44047d-8a7b-4650-ba49-9fa72e537854,92188843-119c-4925-b41c-7a6c2d002e9d,2022-04-05,Land & Ownership Verification,Award / Valuation,10,9,1,90.0,46,6,4,2,10.0,107,546.56,286.85,259.71,1677,880,797,52.5,23,20,15,3,65.2,2,1,1,50.0,99,8,0,8,1564,802,762,51.3,176.8,77.6,43.9,6,3,3,17.5,3,7,3,4,35.5,58,409,1.0,104.0,2022-03-01,2022-06-13,True
647ab70e-a966-4e2e-8131-83f3411bbba6,92188843-119c-4925-b41c-7a6c2d002e9d,2022-06-07,Award / Valuation,Compensation Disbursement,10,10,0,100.0,0,6,3,3,6.6,135,546.56,468.32,78.24,1677,1436,241,85.7,23,22,13,1,56.5,2,2,0,100.0,99,8,0,8,1564,937,627,59.9,176.8,70.2,39.7,6,4,2,18.6,3,7,3,4,41.5,39,472,1.0,111.0,2022-04-13,2022-08-02,True
bdae22d5-8347-4ef7-822a-699f053931f8,92188843-119c-4925-b41c-7a6c2d002e9d,2022-07-21,Compensation Disbursement,Rehabilitation & Resettlement,10,9,1,90.0,9,6,2,4,4.4,65,546.56,513.04,33.52,1677,1574,103,93.9,23,22,14,1,60.9,2,2,0,100.0,99,6,0,6,1564,1034,530,66.1,176.8,107.6,60.9,6,5,1,5.8,3,7,5,2,21.7,38,516,1.0,97.0,2022-05-14,2022-08-19,True
61639045-82ee-492d-972a-cf45d7815834,92188843-119c-4925-b41c-7a6c2d002e9d,2022-10-04,Possession,Acquisition Completion,10,10,0,100.0,0,6,2,4,3.1,171,546.56,539.79,6.77,1677,1656,21,98.8,23,22,16,1,69.6,2,2,0,100.0,99,1,0,1,1564,1537,27,98.3,176.8,148.2,83.8,6,5,1,13.2,3,7,6,1,27.9,46,591,1.0,93.0,2022-08-03,2022-11-04,True
479e496a-82ff-4619-8334-3804425134e9,92188843-119c-4925-b41c-7a6c2d002e9d,2022-10-09,Possession,Acquisition Completion,10,9,1,90.0,46,6,1,5,2.9,23,546.56,546.56,0.0,1677,1677,0,100.0,23,23,15,0,65.2,2,2,0,100.0,99,2,0,2,1564,1409,155,90.1,176.8,147.3,83.3,6,5,1,7.5,3,7,6,1,17.3,51,596,1.0,93.0,2022-08-03,2022-11-04,True
59775b04-4582-4db5-bdb0-53dd84a02751,c89c4061-b28b-462f-a10e-dd8dd9f308e4,2020-09-16,Initial Assessment / SIA,Notification,14,3,11,21.4,62,10,9,1,16.9,57,334.88,0.0,334.88,1233,0,1233,0.0,29,3,2,26,6.9,7,1,6,14.3,53,18,14,4,1150,129,1021,11.2,211.1,0.0,0.0,20,3,17,15.0,5,3,0,3,21.6,86,86,0.0,0.0,2020-12-27,2020-12-23,True
4f0471a7-2a05-49c8-83b4-c2e088abce54,c89c4061-b28b-462f-a10e-dd8dd9f308e4,2021-08-27,Award / Valuation,Compensation Disbursement,14,12,2,85.7,22,10,4,6,7.5,98,334.88,192.01,142.87,1233,706,527,57.3,29,15,11,14,37.9,7,4,3,57.1,53,6,0,6,1150,387,763,33.7,211.1,58.3,27.6,20,13,7,24.7,5,3,1,2,21.0,88,431,0.0,26.0,2021-11-15,2021-12-11,True
f041dae6-a282-4ac6-b781-f86ad3f2496d,c89c4061-b28b-462f-a10e-dd8dd9f308e4,2021-10-29,Compensation Disbursement,Rehabilitation & Resettlement,14,11,3,78.6,21,10,6,4,10.9,159,334.88,158.24,176.64,1233,582,651,47.3,29,21,13,8,44.8,7,6,1,85.7,53,6,0,6,1150,622,528,54.1,211.1,106.7,50.5,20,10,10,12.8,5,3,1,2,22.9,49,494,0.0,20.0,2022-01-05,2022-01-25,True
b556d06a-1381-4cef-bc41-a9bea81a07f6,c89c4061-b28b-462f-a10e-dd8dd9f308e4,2021-12-11,Rehabilitation & Resettlement,Possession,14,14,0,100.0,0,10,4,6,7.8,172,334.88,185.76,149.12,1233,683,550,55.5,29,27,19,2,65.5,7,6,1,85.7,53,6,0,6,1150,608,542,52.9,211.1,97.8,46.3,20,14,6,10.0,5,3,1,2,39.2,0,537,0.0,19.0,2022-03-05,2022-03-24,True
7b3dcacf-d77a-49ff-9efa-7d42546dde96,c89c4061-b28b-462f-a10e-dd8dd9f308e4,2022-03-29,Acquisition Completion,,14,14,0,100.0,0,10,3,7,5.8,72,334.88,256.71,78.17,1233,945,288,76.7,29,28,18,1,62.1,7,7,0,100.0,53,3,0,3,1150,928,222,80.7,211.1,129.1,61.2,20,16,4,14.8,5,3,2,1,36.6,5,645,,,,,True
ad422e40-9c10-4f7e-a20e-53151cb62907,c89c4061-b28b-462f-a10e-dd8dd9f308e4,2022-05-03,Acquisition Completion,,14,14,0,100.0,0,10,2,8,2.4,35,334.88,254.41,80.47,1233,936,297,76.0,29,28,22,1,75.9,7,6,1,85.7,53,0,0,0,1150,738,412,64.2,211.1,189.2,89.6,20,18,2,23.9,5,3,2,1,35.4,40,680,,,,,True
2be960ee-eb54-4419-90f4-56dfbbb0546d,159e4118-29c3-4e07-bd78-7a05609ff87f,2022-05-13,Objection / Hearing,Land & Ownership Verification,7,1,6,14.3,67,4,3,1,6.5,29,368.11,20.59,347.52,140,7,133,5.6,16,3,2,13,12.5,6,2,4,33.3,6,1,1,0,60,0,60,0.0,89.8,1.4,1.6,3,0,3,11.9,6,7,2,5,23.3,62,272,1.0,139.0,2022-08-08,2022-12-25,True
12cc601b-ac22-4e66-8391-85e3b85c2466,159e4118-29c3-4e07-bd78-7a05609ff87f,2022-09-24,Land & Ownership Verification,Award / Valuation,7,3,4,42.9,25,4,3,1,4.7,113,368.11,130.08,238.03,140,49,91,35.3,16,4,2,12,12.5,6,3,3,50.0,6,1,1,0,60,7,53,11.7,89.8,0.0,0.0,3,1,2,10.4,6,7,2,5,28.8,85,406,1.0,172.0,2022-11-22,2023-05-13,True
93f5e9f5-52c1-4ffb-b971-a6c614a3deea,159e4118-29c3-4e07-bd78-7a05609ff87f,2022-10-04,Land & Ownership Verification,Award / Valuation,7,4,3,57.1,79,4,3,1,6.5,50,368.11,135.12,232.99,140,51,89,36.7,16,8,4,8,25.0,6,3,3,50.0,6,0,0,0,60,10,50,16.7,89.8,18.9,21.0,3,0,3,10.6,6,7,3,4,35.9,95,416,1.0,172.0,2022-11-22,2023-05-13,True
a712c7b5-eccb-44ca-b41b-ec53df95e5fb,159e4118-29c3-4e07-bd78-7a05609ff87f,2023-01-16,Award / Valuation,Compensation Disbursement,7,5,2,71.4,24,4,3,1,4.8,116,368.11,194.49,173.62,140,73,67,52.8,16,9,7,7,43.8,6,3,3,50.0,6,0,0,0,60,21,39,35.0,89.8,20.5,22.8,3,1,2,15.9,6,7,3,4,9.9,22,520,1.0,167.0,2023-01-04,2023-06-20,True
3f8534cb-a916-40e3-abef-732e7ebbe393,159e4118-29c3-4e07-bd78-7a05609ff87f,2023-01-19,Award / Valuation,Compensation Disbursement,7,4,3,57.1,59,4,3,1,4.6,131,368.11,184.89,183.22,140,70,70,50.2,16,9,5,7,31.2,6,4,2,66.7,6,0,0,0,60,20,40,33.3,89.8,19.2,21.4,3,1,2,20.2,6,7,3,4,35.2,25,523,1.0,167.0,2023-01-04,2023-06-20,True
7d28f621-37bd-44ca-be10-f0b859192f02,159e4118-29c3-4e07-bd78-7a05609ff87f,2023-06-10,Compensation Disbursement,Rehabilitation & Resettlement,7,6,1,85.7,38,4,3,1,5.4,102,368.11,196.88,171.23,140,74,66,53.5,16,12,7,4,43.8,6,5,1,83.3,6,0,0,0,60,39,21,65.0,89.8,37.8,42.1,3,2,1,11.4,6,7,3,4,11.9,28,665,1.0,185.0,2023-04-12,2023-10-14,True
fe69bd52-ec25-4eed-946b-ecbe5d019ec4,159e4118-29c3-4e07-bd78-7a05609ff87f,2023-07-05,Rehabilitation & Resettlement,Possession,7,6,1,85.7,13,4,2,2,4.0,158,368.11,192.54,175.57,140,73,67,52.3,16,11,8,5,50.0,6,6,0,100.0,6,1,1,0,60,33,27,55.0,89.8,44.6,49.7,3,2,1,22.0,6,7,3,4,42.8,15,690,1.0,200.0,2023-05-31,2023-12-17,True
9578e761-cb74-457c-bc50-e090755cadc8,159e4118-29c3-4e07-bd78-7a05609ff87f,2023-11-09,Possession,Acquisition Completion,7,5,2,71.4,78,4,1,3,2.2,35,368.11,257.65,110.46,140,97,43,70.0,16,14,9,2,56.2,6,6,0,100.0,6,0,0,0,60,46,14,76.7,89.8,56.4,62.8,3,2,1,17.5,6,7,4,3,16.0,26,817,1.0,227.0,2023-08-30,2024-04-13,True
8681f1cf-65f8-4ca9-9894-43d90779fa3b,159e4118-29c3-4e07-bd78-7a05609ff87f,2024-01-13,Acquisition Completion,,7,6,1,85.7,11,4,2,2,3.4,77,368.11,325.9,42.21,140,123,17,88.5,16,16,12,0,75.0,6,5,1,83.3,6,0,0,0,60,60,0,100.0,89.8,68.1,75.8,3,2,1,18.0,6,7,5,2,37.0,27,882,,,,,True
5c4d45d6-4d32-4c7c-9f26-2c228d0c4a83,159e4118-29c3-4e07-bd78-7a05609ff87f,2024-01-29,Acquisition Completion,,7,6,1,85.7,68,4,1,3,2.0,30,368.11,312.96,55.15,140,119,21,85.0,16,14,11,2,68.8,6,5,1,83.3,6,0,0,0,60,51,9,85.0,89.8,56.1,62.5,3,2,1,12.5,6,7,5,2,30.6,43,898,,,,,True
2c18b105-b22a-43ad-90a8-273c6b1fb494,47013fe2-f134-4483-901f-5ead7e0644dc,2023-03-11,Initial Assessment / SIA,Notification,10,0,10,0.0,68,2,2,0,33.0,56,938.55,0.0,938.55,1872,0,1872,0.0,25,0,0,25,0.0,7,0,7,0.0,9,3,3,0,1309,0,1309,0.0,329.8,6.5,2.0,11,0,11,3.7,6,16,0,16,15.5,1,1,0.0,10.0,2023-09-24,2023-10-04,True
bfcb67eb-b4e2-417c-a5f7-f65dbe5ce1d4,47013fe2-f134-4483-901f-5ead7e0644dc,2023-03-19,Initial Assessment / SIA,Notification,10,0,10,0.0,46,2,2,0,33.0,135,938.55,0.0,938.55,1872,0,1872,0.0,25,0,0,25,0.0,7,0,7,0.0,9,1,1,0,1309,24,1285,1.8,329.8,0.0,0.0,11,1,10,29.6,6,16,0,16,25.9,9,9,0.0,10.0,2023-09-24,2023-10-04,True
921d012a-7fa2-472e-a390-40a56d1e803b,47013fe2-f134-4483-901f-5ead7e0644dc,2023-03-27,Initial Assessment / SIA,Notification,10,0,10,0.0,62,2,2,0,33.0,37,938.55,110.55,828.0,1872,220,1652,11.8,25,1,0,24,0.0,7,0,7,0.0,9,3,3,0,1309,0,1309,0.0,329.8,30.4,9.2,11,0,11,14.6,6,16,0,16,27.5,17,17,0.0,10.0,2023-09-24,2023-10-04,True
48758535-fb29-4fd4-83a5-ea83341eb91d,47013fe2-f134-4483-901f-5ead7e0644dc,2023-04-03,Initial Assessment / SIA,Notification,10,0,10,0.0,11,2,2,0,33.0,86,938.55,29.14,909.41,1872,58,1814,3.1,25,0,0,25,0.0,7,0,7,0.0,9,2,2,0,1309,0,1309,0.0,329.8,0.0,0.0,11,1,10,22.9,6,16,0,16,10.6,24,24,0.0,10.0,2023-09-24,2023-10-04,True
45c2e783-b5ce-4941-9e33-f9c9641e374c,47013fe2-f134-4483-901f-5ead7e0644dc,2023-05-22,Initial Assessment / SIA,Notification,10,0,10,0.0,53,2,2,0,26.0,152,938.55,48.55,890.0,1872,96,1776,5.2,25,2,1,23,4.0,7,0,7,0.0,9,2,2,0,1309,0,1309,0.0,329.8,20.9,6.3,11,0,11,6.7,6,16,2,14,41.9,73,73,0.0,10.0,2023-09-24,2023-10-04,True
4517b5e4-a243-42c7-a80e-c91cee71d63b,47013fe2-f134-4483-901f-5ead7e0644dc,2023-12-17,Objection / Hearing,Land & Ownership Verification,10,5,5,50.0,12,2,2,0,22.0,79,938.55,300.03,638.52,1872,598,1274,32.0,25,8,5,17,20.0,7,3,4,42.9,9,1,1,0,1309,104,1205,7.9,329.8,0.0,0.0,11,5,6,25.5,6,16,5,11,14.1,74,282,0.0,16.0,2024-03-25,2024-04-10,True
36f4ee67-cd30-4708-8e42-bcd4c1ac96ce,47013fe2-f134-4483-901f-5ead7e0644dc,2024-07-20,Compensation Disbursement,Rehabilitation & Resettlement,10,9,1,90.0,69,2,2,0,19.2,21,938.55,559.11,379.44,1872,1115,757,59.6,25,20,10,5,40.0,7,6,1,85.7,9,0,0,0,1309,776,533,59.3,329.8,131.8,40.0,11,7,4,21.5,6,16,8,8,16.5,51,498,0.0,14.0,2024-10-05,2024-10-19,True
ffa5969f-f1d3-4ba7-a9d8-73f7d0105ec1,47013fe2-f134-4483-901f-5ead7e0644dc,2024-09-21,Rehabilitation & Resettlement,Possession,10,9,1,90.0,41,2,1,1,13.0,86,938.55,698.42,240.13,1872,1393,479,74.4,25,21,13,4,52.0,7,7,0,100.0,9,0,0,0,1309,785,524,60.0,329.8,183.6,55.7,11,7,4,21.5,6,16,12,4,32.0,24,561,0.0,15.0,2025-01-12,2025-01-27,True
591b200d-5fe5-4862-a4c9-136ce4fc104a,02722c5e-462a-465c-b15e-a14b71e32ca5,2020-08-03,Notification,Objection / Hearing,6,0,6,0.0,83,7,7,0,23.8,110,601.73,31.75,569.98,1903,100,1803,5.3,11,0,0,11,0.0,2,0,2,0.0,99,23,20,3,1456,26,1430,1.8,243.6,0.0,0.0,24,2,22,4.0,5,18,1,17,23.1,1,69,0.0,19.0,2020-12-26,2021-01-14,True
fd6ae24f-62b8-4367-b4d7-215d76041392,02722c5e-462a-465c-b15e-a14b71e32ca5,2020-10-02,Notification,Objection / Hearing,6,1,5,16.7,72,7,6,1,19.2,150,601.73,67.45,534.28,1903,213,1690,11.2,11,1,0,10,0.0,2,0,2,0.0,99,16,13,3,1456,0,1456,0.0,243.6,33.6,13.8,24,4,20,16.2,5,18,2,16,44.0,61,129,0.0,19.0,2020-12-26,2021-01-14,True
29068584-f091-4c4f-9d6f-199b58cfabcb,02722c5e-462a-465c-b15e-a14b71e32ca5,2021-07-08,Award / Valuation,Compensation Disbursement,6,4,2,66.7,6,7,4,3,10.5,22,601.73,266.82,334.91,1903,843,1060,44.3,11,6,4,5,36.4,2,1,1,50.0,99,11,2,9,1456,738,718,50.7,243.6,60.0,24.6,24,9,15,21.0,5,18,7,11,38.9,79,408,1.0,35.0,2021-10-25,2021-11-29,True
2e85533d-2e19-412f-8ccf-a46d6635be00,02722c5e-462a-465c-b15e-a14b71e32ca5,2021-08-13,Compensation Disbursement,Rehabilitation & Resettlement,6,5,1,83.3,67,7,5,2,15.6,49,601.73,269.71,332.02,1903,852,1051,44.8,11,7,5,4,45.5,2,1,1,50.0,99,13,0,13,1456,517,939,35.5,243.6,77.2,31.7,24,16,8,12.0,5,18,6,12,13.4,5,444,1.0,66.0,2021-12-07,2022-02-11,True
eeda78bc-4109-401a-b775-59fa111ba96e,02722c5e-462a-465c-b15e-a14b71e32ca5,2021-09-07,Compensation Disbursement,Rehabilitation & Resettlement,6,5,1,83.3,54,7,4,3,10.6,174,601.73,379.6,222.13,1903,1200,703,63.1,11,8,5,3,45.5,2,1,1,50.0,99,8,1,7,1456,682,774,46.8,243.6,61.9,25.4,24,15,9,19.8,5,18,9,9,36.0,30,469,1.0,66.0,2021-12-07,2022-02-11,True
dce65675-5989-468b-94ac-20ab8837aaaa,02722c5e-462a-465c-b15e-a14b71e32ca5,2021-11-21,Compensation Disbursement,Rehabilitation & Resettlement,6,5,1,83.3,66,7,4,3,11.4,68,601.73,497.25,104.48,1903,1572,331,82.6,11,8,5,3,45.5,2,2,0,100.0,99,9,0,9,1456,1083,373,74.4,243.6,117.1,48.1,24,17,7,8.6,5,18,11,7,43.4,105,544,1.0,66.0,2021-12-07,2022-02-11,True
5f4025cc-9c17-478f-9fb3-d4209c1e17d5,02722c5e-462a-465c-b15e-a14b71e32ca5,2022-01-19,Rehabilitation & Resettlement,Possession,6,6,0,100.0,0,7,3,4,7.0,115,601.73,418.59,183.14,1903,1323,580,69.6,11,9,5,2,45.5,2,1,1,50.0,99,8,0,8,1456,831,625,57.1,243.6,169.8,69.7,24,21,3,27.1,5,18,11,7,22.0,51,603,1.0,70.0,2022-01-19,2022-03-30,True
9364ef18-38eb-424b-958a-a3a4a9245b83,02722c5e-462a-465c-b15e-a14b71e32ca5,2022-03-06,Possession,Acquisition Completion,6,5,1,83.3,88,7,2,5,6.1,111,601.73,488.24,113.49,1903,1544,359,81.1,11,11,7,0,63.6,2,1,1,50.0,99,2,0,2,1456,1357,99,93.2,243.6,180.9,74.3,24,22,2,15.5,5,18,13,5,17.1,23,649,1.0,59.0,2022-03-12,2022-05-10,True
1e0ffd1f-5bd5-49c7-922c-d0a370e18344,02722c5e-462a-465c-b15e-a14b71e32ca5,2022-03-15,Possession,Acquisition Completion,6,6,0,100.0,0,7,2,5,6.0,144,601.73,525.72,76.01,1903,1662,241,87.4,11,10,6,1,54.5,2,1,1,50.0,99,1,0,1,1456,1198,258,82.3,243.6,213.4,87.6,24,24,0,22.1,5,18,14,4,29.9,32,658,1.0,59.0,2022-03-12,2022-05-10,True
f4d49af8-5c89-4d90-9d4d-e3616640c748,6af58796-410d-414f-9c74-11cf5d836e18,2020-06-07,Initial Assessment / SIA,Notification,14,0,14,0.0,88,0,0,0,27.4,0,1251.71,0.0,1251.71,1907,0,1907,0.0,9,0,0,9,0.0,3,0,3,0.0,11,2,2,0,811,0,811,0.0,274.3,27.8,10.1,15,0,15,13.7,7,16,1,15,31.8,6,6,1.0,42.0,2020-09-07,2020-10-19,True
95de2927-418f-4f7f-9394-c2232c19eee4,6af58796-410d-414f-9c74-11cf5d836e18,2020-07-17,Initial Assessment / SIA,Notification,14,0,14,0.0,63,0,0,0,27.4,0,1251.71,0.0,1251.71,1907,0,1907,0.0,9,1,0,8,0.0,3,0,3,0.0,11,4,4,0,811,0,811,0.0,274.3,0.0,0.0,15,2,13,21.4,7,16,2,14,26.9,46,46,1.0,42.0,2020-09-07,2020-10-19,True
06f2986a-e6f8-4555-b99f-d48fe153e5d3,6af58796-410d-414f-9c74-11cf5d836e18,2021-11-12,Compensation Disbursement,Rehabilitation & Resettlement,14,11,3,78.6,26,0,0,0,13.5,0,1251.71,758.44,493.27,1907,1155,752,60.6,9,6,4,3,44.4,3,2,1,66.7,11,0,0,0,811,430,381,53.0,274.3,153.8,56.1,15,9,6,16.0,7,16,10,6,41.7,94,529,1.0,260.0,2021-11-20,2022-08-07,True
98206181-6cb1-4ac9-af1c-db961179092d,6af58796-410d-414f-9c74-11cf5d836e18,2021-12-31,Compensation Disbursement,Rehabilitation & Resettlement,14,11,3,78.6,24,0,0,0,11.5,0,1251.71,597.31,654.4,1907,910,997,47.7,9,7,4,2,44.4,3,3,0,100.0,11,0,0,0,811,351,460,43.3,274.3,147.2,53.7,15,10,5,14.9,7,16,10,6,20.9,143,578,1.0,260.0,2021-11-20,2022-08-07,True
fc4b0e24-6ae5-4529-b1b1-b19e1f39cf88,6af58796-410d-414f-9c74-11cf5d836e18,2022-04-26,Rehabilitation & Resettlement,Possession,14,14,0,100.0,0,0,0,0,8.7,0,1251.71,1224.18,27.53,1907,1865,42,97.8,9,9,5,0,55.6,3,2,1,66.7,11,0,0,0,811,667,144,82.2,274.3,205.0,74.7,15,14,1,5.8,7,16,13,3,27.5,55,694,,,,,True
6290a343-c409-405e-a52e-0ad464f7f5cd,6af58796-410d-414f-9c74-11cf5d836e18,2022-05-25,Rehabilitation & Resettlement,Possession,14,13,1,92.9,49,0,0,0,8.1,0,1251.71,1014.78,236.93,1907,1546,361,81.1,9,9,7,0,77.8,3,2,1,66.7,11,0,0,0,811,811,0,100.0,274.3,212.8,77.6,15,12,3,23.1,7,16,10,6,34.3,84,723,,,,,True
031a349e-d8ae-4c0b-ba14-20674a0be3ed,a29d2ed1-e3f6-45d0-8877-b29c5b9339f0,2022-07-22,Notification,Objection / Hearing,4,0,4,0.0,83,11,11,0,39.0,88,1036.96,18.5,1018.46,1092,19,1073,1.8,11,0,0,11,0.0,5,0,5,0.0,87,25,24,1,791,0,791,0.0,395.2,0.0,0.0,13,0,13,27.6,3,12,0,12,38.5,22,54,1.0,56.0,2022-12-04,2023-01-29,True
95c0afff-194e-424b-9454-7c90b4f185c2,a29d2ed1-e3f6-45d0-8877-b29c5b9339f0,2022-08-13,Notification,Objection / Hearing,4,0,4,0.0,36,11,11,0,38.0,23,1036.96,0.0,1036.96,1092,0,1092,0.0,11,1,0,10,0.0,5,0,5,0.0,87,15,12,3,791,86,705,10.9,395.2,32.4,8.2,13,0,13,11.9,3,12,0,12,43.2,44,76,1.0,56.0,2022-12-04,2023-01-29,True
89ea5916-ffe9-4025-a895-575b89ba8389,a29d2ed1-e3f6-45d0-8877-b29c5b9339f0,2022-09-13,Notification,Objection / Hearing,4,0,4,0.0,36,11,11,0,36.3,172,1036.96,0.0,1036.96,1092,0,1092,0.0,11,1,0,10,0.0,5,0,5,0.0,87,8,7,1,791,0,791,0.0,395.2,0.0,0.0,13,0,13,14.9,3,12,0,12,42.4,75,107,1.0,56.0,2022-12-04,2023-01-29,True
00776490-434b-44fb-a204-81850fc6f5cd,a29d2ed1-e3f6-45d0-8877-b29c5b9339f0,2023-10-23,Award / Valuation,Compensation Disbursement,4,2,2,50.0,21,11,7,4,23.8,132,1036.96,217.42,819.54,1092,228,864,21.0,11,3,2,8,18.2,5,2,3,40.0,87,17,4,13,791,158,633,20.0,395.2,0.0,0.0,13,4,9,13.2,3,12,5,7,40.5,97,512,1.0,263.0,2023-09-04,2024-05-24,True
907a2259-584e-46a7-a0d4-57bea97c7190,a29d2ed1-e3f6-45d0-8877-b29c5b9339f0,2024-06-01,Rehabilitation & Resettlement,Possession,4,3,1,75.0,52,11,7,4,24.6,136,1036.96,465.24,571.72,1092,489,603,44.9,11,7,5,4,45.5,5,3,2,60.0,87,10,1,9,791,326,465,41.2,395.2,161.3,40.8,13,7,6,8.3,3,12,5,7,20.6,8,734,1.0,472.0,2024-03-30,2025-07-15,True
ba271825-30b9-4b85-b51b-31df1fc3913a,a29d2ed1-e3f6-45d0-8877-b29c5b9339f0,2024-06-14,Rehabilitation & Resettlement,Possession,4,3,1,75.0,89,11,7,4,23.0,20,1036.96,470.5,566.46,1092,495,597,45.4,11,7,4,4,36.4,5,3,2,60.0,87,9,0,9,791,308,483,38.9,395.2,127.7,32.3,13,7,6,10.3,3,12,6,6,10.2,21,747,1.0,472.0,2024-03-30,2025-07-15,True
04fe8caa-27a0-4a96-9243-104f68d95537,a29d2ed1-e3f6-45d0-8877-b29c5b9339f0,2024-10-18,Rehabilitation & Resettlement,Possession,4,3,1,75.0,83,11,4,7,13.6,84,1036.96,630.68,406.28,1092,664,428,60.8,11,9,7,2,63.6,5,4,1,80.0,87,7,0,7,791,399,392,50.4,395.2,148.3,37.5,13,10,3,11.1,3,12,6,6,14.7,147,873,1.0,472.0,2024-03-30,2025-07-15,True
0c196fa0-b3c7-4234-a82b-eb22675c82f8,a29d2ed1-e3f6-45d0-8877-b29c5b9339f0,2025-02-22,Possession,Acquisition Completion,4,3,1,75.0,68,11,5,6,16.8,89,1036.96,821.67,215.29,1092,865,227,79.2,11,11,8,0,72.7,5,4,1,80.0,87,2,0,2,791,654,137,82.7,395.2,221.8,56.1,13,9,4,27.2,3,12,8,4,25.7,9,1000,1.0,512.0,2024-05-10,2025-10-04,True
a79b5f06-b37d-45bd-b230-3e9ccc642648,a29d2ed1-e3f6-45d0-8877-b29c5b9339f0,2025-05-10,Possession,Acquisition Completion,4,3,1,75.0,7,11,2,9,4.6,168,1036.96,842.01,194.95,1092,886,206,81.2,11,10,7,1,63.6,5,5,0,100.0,87,7,0,7,791,684,107,86.5,395.2,304.7,77.1,13,11,2,27.7,3,12,8,4,44.2,86,1077,1.0,512.0,2024-05-10,2025-10-04,True
ae970d0d-9b4c-4a5e-84e9-058036347caa,e603f9ef-ab0b-4c7f-9631-f1fcaa932de1,2023-03-31,Initial Assessment / SIA,Notification,14,0,14,0.0,50,12,12,0,28.1,89,1025.2,123.27,901.93,830,99,731,12.0,11,0,0,11,0.0,3,0,3,0.0,65,21,21,0,186,33,153,17.7,280.6,0.0,0.0,11,0,11,9.7,4,18,0,18,33.9,1,1,1.0,138.0,2023-10-25,2024-03-11,True
18c8d49b-b63c-4089-9b61-8a2aefce3130,e603f9ef-ab0b-4c7f-9631-f1fcaa932de1,2024-12-02,Award / Valuation,Compensation Disbursement,14,7,7,50.0,7,12,7,5,15.3,63,1025.2,276.63,748.57,830,223,607,27.0,11,5,3,6,27.3,3,1,2,33.3,65,10,3,7,186,38,148,20.4,280.6,53.2,19.0,11,4,7,23.4,4,18,10,8,34.2,59,613,1.0,348.0,2024-08-31,2025-08-14,True
0a719f11-3644-4cc8-8aa2-ffb404fc1559,e603f9ef-ab0b-4c7f-9631-f1fcaa932de1,2025-03-20,Compensation Disbursement,Rehabilitation & Resettlement,14,10,4,71.4,16,12,6,6,13.6,37,1025.2,410.54,614.66,830,332,498,40.0,11,7,4,4,36.4,3,2,1,66.7,65,11,1,10,186,47,139,25.3,280.6,63.9,22.8,11,5,6,4.2,4,18,9,9,22.7,48,721,1.0,445.0,2024-12-26,2026-03-16,True
030389b0-fd8c-4dc6-b8e6-119b6efe63ea,e603f9ef-ab0b-4c7f-9631-f1fcaa932de1,2025-04-08,Compensation Disbursement,Rehabilitation & Resettlement,14,9,5,64.3,53,12,8,4,18.4,136,1025.2,543.54,481.66,830,440,390,53.0,11,6,4,5,36.4,3,2,1,66.7,65,7,0,7,186,100,86,53.8,280.6,77.8,27.7,11,6,5,8.0,4,18,9,9,34.8,67,740,1.0,445.0,2024-12-26,2026-03-16,True
99227d9b-4457-4be4-a3fd-f67c9a24ea15,e603f9ef-ab0b-4c7f-9631-f1fcaa932de1,2025-08-01,Compensation Disbursement,Rehabilitation & Resettlement,14,12,2,85.7,15,12,7,5,14.5,28,1025.2,500.9,524.3,830,405,425,48.9,11,7,4,4,36.4,3,2,1,66.7,65,4,0,4,186,100,86,53.8,280.6,90.5,32.3,11,6,5,27.6,4,18,7,11,38.5,182,855,1.0,445.0,2024-12-26,2026-03-16,True
9d575b53-64b1-4e21-aa87-b32c6109d0e9,e603f9ef-ab0b-4c7f-9631-f1fcaa932de1,2026-09-11,Acquisition Completion,,14,12,2,85.7,76,12,3,9,6.9,81,1025.2,1013.76,11.44,830,820,10,98.9,11,10,7,1,63.6,3,3,0,100.0,65,2,0,2,186,162,24,87.1,280.6,223.9,79.8,11,11,0,18.8,4,18,16,2,21.7,88,1261,,,,,True
f1541ba0-94b7-4f02-8818-be17fe1e5cc7,e603f9ef-ab0b-4c7f-9631-f1fcaa932de1,2026-10-17,Acquisition Completion,,14,14,0,100.0,0,12,4,8,8.7,74,1025.2,895.37,129.83,830,724,106,87.3,11,11,7,0,63.6,3,3,0,100.0,65,1,0,1,186,182,4,97.8,280.6,260.5,92.8,11,11,0,22.3,4,18,16,2,9.4,124,1297,,,,,True
3b6fb988-c28b-4e35-a0db-fc5dbff991c5,e51cd958-552d-4fe5-87de-5935f2197c65,2022-12-08,Initial Assessment / SIA,Notification,6,1,5,16.7,27,18,15,3,23.4,136,295.53,0.0,295.53,140,0,140,0.0,20,0,0,20,0.0,8,0,8,0.0,92,17,17,0,66,0,66,0.0,284.1,0.0,0.0,13,0,13,25.2,6,6,0,6,34.0,8,8,1.0,105.0,2023-06-29,2023-10-12,True
82a0d30e-a5ef-468c-b578-8ff63b6b4ab9,e51cd958-552d-4fe5-87de-5935f2197c65,2023-06-18,Notification,Objection / Hearing,6,1,5,16.7,25,18,17,1,26.1,17,295.53,0.0,295.53,140,0,140,0.0,20,2,1,18,5.0,8,1,7,12.5,92,18,13,5,66,0,66,0.0,284.1,0.0,0.0,13,2,11,23.1,6,6,0,6,43.8,36,200,1.0,180.0,2023-08-23,2024-02-19,True
651fbdaa-ddb4-4e96-8a8e-b5b1c26b4ceb,e51cd958-552d-4fe5-87de-5935f2197c65,2024-11-19,Award / Valuation,Compensation Disbursement,6,4,2,66.7,34,18,11,7,17.0,74,295.53,93.91,201.62,140,44,96,31.8,20,12,6,8,30.0,8,5,3,62.5,92,8,1,7,66,23,43,34.8,284.1,36.8,13.0,13,6,7,7.7,6,6,2,4,24.6,151,720,1.0,432.0,2024-06-12,2025-08-18,True
63f7d95a-b1b8-40b5-a316-54dc63ac5b80,e51cd958-552d-4fe5-87de-5935f2197c65,2024-12-10,Award / Valuation,Compensation Disbursement,6,4,2,66.7,40,18,9,9,13.7,127,295.53,127.92,167.61,140,60,80,43.3,20,11,6,9,30.0,8,5,3,62.5,92,20,4,16,66,19,47,28.8,284.1,118.8,41.8,13,9,4,5.4,6,6,3,3,6.2,172,741,1.0,432.0,2024-06-12,2025-08-18,True
c3e683e1-531d-43e4-9421-5d994a6ba4d4,e51cd958-552d-4fe5-87de-5935f2197c65,2025-07-19,Compensation Disbursement,Rehabilitation & Resettlement,6,4,2,66.7,42,18,6,12,8.4,171,295.53,200.71,94.82,140,95,45,67.9,20,14,11,6,55.0,8,8,0,100.0,92,7,0,7,66,31,35,47.0,284.1,137.2,48.3,13,9,4,8.7,6,6,3,3,22.9,181,962,1.0,486.0,2024-08-27,2025-12-26,True
d11a259c-34b8-4fc0-a881-a282a54ed598,e51cd958-552d-4fe5-87de-5935f2197c65,2026-02-04,Possession,Acquisition Completion,6,5,1,83.3,5,18,7,11,10.5,96,295.53,262.25,33.28,140,124,16,88.7,20,19,12,1,60.0,8,6,2,75.0,92,4,0,4,66,57,9,86.4,284.1,188.5,66.3,13,12,1,12.9,6,6,4,2,10.3,40,1162,1.0,574.0,2025-01-09,2026-08-06,True
157f714d-1dfd-4f14-b3d4-6c3a8967b54f,e51cd958-552d-4fe5-87de-5935f2197c65,2026-06-14,Acquisition Completion,,6,5,1,83.3,30,18,5,13,7.1,39,295.53,287.56,7.97,140,136,4,97.3,20,20,15,0,75.0,8,7,1,87.5,92,4,0,4,66,63,3,95.5,284.1,265.1,93.3,13,12,1,10.5,6,6,4,2,38.6,117,1292,,,,,True
f3bcf373-28d6-489d-bc53-ffcc1bf83d57,e51cd958-552d-4fe5-87de-5935f2197c65,2026-08-02,Acquisition Completion,,6,5,1,83.3,11,18,1,17,1.2,164,295.53,265.23,30.3,140,125,15,89.7,20,20,12,0,60.0,8,8,0,100.0,92,1,0,1,66,61,5,92.4,284.1,277.0,97.5,13,12,1,10.6,6,6,5,1,41.0,166,1341,,,,,True
4317fbb3-4b81-4cc4-8d2c-b6b8046bad02,ad1aa37e-99cd-45b6-a6d5-b559e7d17608,2021-01-31,Initial Assessment / SIA,Notification,6,0,6,0.0,74,0,0,0,41.9,0,1640.37,0.0,1640.37,1917,0,1917,0.0,19,4,3,15,15.8,4,0,4,0.0,44,5,5,0,149,4,145,2.7,418.6,0.0,0.0,5,0,5,5.8,4,5,0,5,28.9,56,56,1.0,63.0,2021-06-01,2021-08-03,True
d3724ede-e758-4849-82e2-cc4dd5dd2b0e,ad1aa37e-99cd-45b6-a6d5-b559e7d17608,2021-03-08,Initial Assessment / SIA,Notification,6,0,6,0.0,84,0,0,0,37.4,0,1640.37,4.67,1635.7,1917,5,1912,0.3,19,0,0,19,0.0,4,0,4,0.0,44,7,7,0,149,0,149,0.0,418.6,0.0,0.0,5,0,5,27.4,4,5,0,5,24.9,92,92,1.0,63.0,2021-06-01,2021-08-03,True
65947eb5-af20-4a08-b214-8946f9e7f763,ad1aa37e-99cd-45b6-a6d5-b559e7d17608,2021-08-04,Objection / Hearing,Land & Ownership Verification,6,1,5,16.7,34,0,0,0,38.1,0,1640.37,95.72,1544.65,1917,111,1806,5.8,19,3,2,16,10.5,4,1,3,25.0,44,9,7,2,149,8,141,5.4,418.6,6.5,1.6,5,0,5,26.1,4,5,1,4,37.5,1,241,1.0,177.0,2021-12-05,2022-05-31,True
d76c761c-fc25-4301-9f7c-3f088f9cce26,ad1aa37e-99cd-45b6-a6d5-b559e7d17608,2022-02-01,Objection / Hearing,Land & Ownership Verification,6,2,4,33.3,77,0,0,0,29.4,0,1640.37,354.16,1286.21,1917,413,1504,21.6,19,5,3,14,15.8,4,1,3,25.0,44,11,4,7,149,26,123,17.4,418.6,23.3,5.6,5,1,4,26.1,4,5,1,4,27.2,182,422,1.0,177.0,2021-12-05,2022-05-31,True
57a238f3-8744-462b-9a35-60a6f94a384f,ad1aa37e-99cd-45b6-a6d5-b559e7d17608,2022-06-02,Award / Valuation,Compensation Disbursement,6,3,3,50.0,70,0,0,0,20.0,0,1640.37,574.14,1066.23,1917,670,1247,35.0,19,9,5,10,26.3,4,2,2,50.0,44,7,1,6,149,58,91,38.9,418.6,50.5,12.1,5,1,4,14.3,4,5,2,3,7.4,2,543,1.0,229.0,2022-06-08,2023-01-23,True
c8fedce9-51e2-4721-9eb3-2029b4930640,ad1aa37e-99cd-45b6-a6d5-b559e7d17608,2023-05-16,Rehabilitation & Resettlement,Possession,6,4,2,66.7,69,0,0,0,18.4,0,1640.37,966.37,674.0,1917,1129,788,58.9,19,15,10,4,52.6,4,4,0,100.0,44,7,0,7,149,67,82,45.0,418.6,228.0,54.5,5,2,3,24.6,4,5,2,3,32.3,113,891,1.0,343.0,2023-01-12,2023-12-21,True
4538c6af-bd79-4996-a016-7b328fee1935,ad1aa37e-99cd-45b6-a6d5-b559e7d17608,2023-09-27,Possession,Acquisition Completion,6,6,0,100.0,0,0,0,0,16.3,0,1640.37,1323.68,316.69,1917,1546,371,80.7,19,18,13,1,68.4,4,3,1,75.0,44,1,0,1,149,116,33,77.9,418.6,264.0,63.1,5,3,2,26.4,4,5,4,1,16.9,66,1025,1.0,400.0,2023-04-21,2024-05-25,True
6bcecee1-8745-482f-b1fa-fb82303c2da8,ad1aa37e-99cd-45b6-a6d5-b559e7d17608,2023-11-13,Possession,Acquisition Completion,6,5,1,83.3,71,0,0,0,12.6,0,1640.37,1243.24,397.13,1917,1452,465,75.8,19,18,14,1,73.7,4,4,0,100.0,44,2,0,2,149,122,27,81.9,418.6,247.6,59.1,5,4,1,11.8,4,5,3,2,22.5,113,1072,1.0,400.0,2023-04-21,2024-05-25,True
5fbc032f-46f4-4a40-b6fa-aa3e0d865ffe,ad1aa37e-99cd-45b6-a6d5-b559e7d17608,2024-03-29,Acquisition Completion,,6,5,1,83.3,54,0,0,0,13.2,0,1640.37,1433.54,206.83,1917,1675,242,87.4,19,19,13,0,68.4,4,3,1,75.0,44,0,0,0,149,135,14,90.6,418.6,353.7,84.5,5,5,0,20.7,4,5,4,1,7.8,99,1209,,,,,True
470996ae-0254-4e38-aa5e-921a29e6dbec,b75c6ecc-2af3-4dd3-9f6c-4a06bff05002,2022-01-26,Initial Assessment / SIA,Notification,14,3,11,21.4,18,12,11,1,29.8,47,180.74,10.94,169.8,257,15,242,6.1,16,1,0,15,0.0,6,1,5,16.7,6,0,0,0,27,0,27,0.0,335.8,0.0,0.0,24,1,23,12.6,6,14,3,11,44.2,138,138,1.0,75.0,2022-01-13,2022-03-29,True
01cb6f5d-2c7d-4bf9-9ca0-f7aff665a0f9,b75c6ecc-2af3-4dd3-9f6c-4a06bff05002,2022-09-18,Land & Ownership Verification,Award / Valuation,14,4,10,28.6,39,12,9,3,22.6,69,180.74,34.38,146.36,257,48,209,19.0,16,6,4,10,25.0,6,2,4,33.3,6,1,1,0,27,5,22,18.5,335.8,49.8,14.8,24,10,14,16.6,6,14,3,11,40.8,62,373,1.0,264.0,2022-09-29,2023-06-20,True
a8a85682-c0a7-4c7f-8f81-a5d941d9e8e2,b75c6ecc-2af3-4dd3-9f6c-4a06bff05002,2023-05-22,Award / Valuation,Compensation Disbursement,14,11,3,78.6,60,12,7,5,17.0,112,180.74,115.08,65.66,257,163,94,63.7,16,12,8,4,50.0,6,4,2,66.7,6,0,0,0,27,7,20,25.9,335.8,65.1,19.4,24,10,14,15.1,6,14,5,9,5.4,146,619,1.0,301.0,2022-12-17,2023-10-14,True
737eccc2-ca86-4cb4-95de-41235da84fb7,b75c6ecc-2af3-4dd3-9f6c-4a06bff05002,2023-07-12,Compensation Disbursement,Rehabilitation & Resettlement,14,12,2,85.7,21,12,8,4,19.8,167,180.74,94.83,85.91,257,134,123,52.5,16,10,5,6,31.2,6,5,1,83.3,6,1,1,0,27,15,12,55.6,335.8,148.1,44.1,24,13,11,15.5,6,14,6,8,19.3,22,670,1.0,321.0,2023-02-06,2023-12-24,True
0fa15755-8245-45dc-9214-ff72e45a9bc3,b75c6ecc-2af3-4dd3-9f6c-4a06bff05002,2024-04-16,Possession,Acquisition Completion,14,13,1,92.9,29,12,3,9,7.1,16,180.74,154.47,26.27,257,219,38,85.5,16,16,11,0,68.8,6,5,1,83.3,6,0,0,0,27,18,9,66.7,335.8,245.1,73.0,24,21,3,7.5,6,14,11,3,39.7,114,949,1.0,386.0,2023-08-30,2024-09-19,True
95a99ad0-9225-4f7b-bd01-7e46b7fbd85a,b75c6ecc-2af3-4dd3-9f6c-4a06bff05002,2024-07-22,Acquisition Completion,,14,13,1,92.9,46,12,3,9,7.9,31,180.74,174.33,6.41,257,247,10,96.5,16,16,11,0,68.8,6,6,0,100.0,6,0,0,0,27,26,1,96.3,335.8,307.9,91.7,24,22,2,13.4,6,14,12,2,11.0,44,1046,,,,,True
194c20c6-74ce-491c-8fac-c9af03b5f6c6,539d879e-ad18-416d-90a9-8aa0e78e703f,2022-06-01,Initial Assessment / SIA,Notification,3,0,3,0.0,84,10,10,0,34.5,36,347.19,6.86,340.33,838,16,822,2.0,19,2,1,17,5.3,4,0,4,0.0,31,6,6,0,674,0,674,0.0,345.2,11.5,3.3,18,0,18,5.6,6,10,0,10,20.4,7,7,1.0,46.0,2022-09-24,2022-11-09,True
60ae5475-0f9d-4ad9-b890-88297dbf44cb,539d879e-ad18-416d-90a9-8aa0e78e703f,2022-06-06,Initial Assessment / SIA,Notification,3,0,3,0.0,63,10,10,0,34.5,51,347.19,27.6,319.59,838,66,772,7.9,19,1,0,18,0.0,4,0,4,0.0,31,4,3,1,674,0,674,0.0,345.2,0.0,0.0,18,0,18,26.8,6,10,0,10,8.8,12,12,1.0,46.0,2022-09-24,2022-11-09,True
f5e00dc9-1871-4c5e-892e-6c5676597228,539d879e-ad18-416d-90a9-8aa0e78e703f,2022-07-09,Initial Assessment / SIA,Notification,3,1,2,33.3,18,10,8,2,26.0,91,347.19,41.36,305.83,838,99,739,11.9,19,5,3,14,15.8,4,1,3,25.0,31,7,3,4,674,0,674,0.0,345.2,28.6,8.3,18,3,15,28.3,6,10,2,8,41.6,45,45,1.0,46.0,2022-09-24,2022-11-09,True
0272ae5e-cd37-4e8a-9986-3e3642f5fc96,539d879e-ad18-416d-90a9-8aa0e78e703f,2022-09-19,Notification,Objection / Hearing,3,2,1,66.7,48,10,4,6,12.3,26,347.19,209.22,137.97,838,504,334,60.3,19,11,6,8,31.6,4,3,1,75.0,31,5,0,5,674,464,210,68.8,345.2,165.3,47.9,18,12,6,11.8,6,10,4,6,34.4,41,117,,,,,True
d89583d1-9f48-4ded-9d8d-9007204348d5,539d879e-ad18-416d-90a9-8aa0e78e703f,2022-10-18,Notification,Objection / Hearing,3,3,0,100.0,0,10,4,6,13.6,30,347.19,326.79,20.4,838,788,50,94.1,19,15,9,4,47.4,4,4,0,100.0,31,1,0,1,674,574,100,85.2,345.2,248.0,71.8,18,14,4,10.5,6,10,7,3,44.5,70,146,,,,,True
f5894f35-eafb-4b04-a850-4cbdac926959,368a308e-2465-4bce-bae2-22599ca817fd,2020-01-31,Initial Assessment / SIA,Notification,6,0,6,0.0,80,13,12,1,9.9,30,129.12,6.54,122.58,1974,100,1874,5.1,18,0,0,18,0.0,6,0,6,0.0,13,3,3,0,1196,111,1085,9.3,114.2,18.4,16.1,22,0,22,22.3,5,18,4,14,32.2,20,20,1.0,53.0,2020-06-07,2020-07-30,True
8d97a833-e100-4ba6-aace-aa52a7aad4cd,368a308e-2465-4bce-bae2-22599ca817fd,2020-04-24,Notification,Objection / Hearing,6,0,6,0.0,34,13,12,1,9.7,121,129.12,0.0,129.12,1974,0,1974,0.0,18,2,1,16,5.6,6,0,6,0.0,13,2,2,0,1196,0,1196,0.0,114.2,6.3,5.5,22,0,22,21.6,5,18,2,16,30.1,32,104,1.0,75.0,2020-07-28,2020-10-11,True
4eef7043-e2de-434f-b3c3-92863004c04b,368a308e-2465-4bce-bae2-22599ca817fd,2020-06-12,Notification,Objection / Hearing,6,1,5,16.7,12,13,10,3,8.6,168,129.12,0.0,129.12,1974,0,1974,0.0,18,4,2,14,11.1,6,2,4,33.3,13,3,2,1,1196,0,1196,0.0,114.2,10.3,9.0,22,2,20,16.1,5,18,2,16,43.6,81,153,1.0,75.0,2020-07-28,2020-10-11,True
07ab4191-3bfd-4f51-9bf7-e43f8350d3c5,368a308e-2465-4bce-bae2-22599ca817fd,2021-01-09,Land & Ownership Verification,Award / Valuation,6,3,3,50.0,26,13,8,5,6.9,99,129.12,22.79,106.33,1974,348,1626,17.7,18,6,4,12,22.2,6,3,3,50.0,13,1,1,0,1196,333,863,27.8,114.2,3.8,3.3,22,9,13,28.5,5,18,5,13,31.6,90,364,1.0,167.0,2020-12-13,2021-05-29,True
adca1f81-3c64-4ddc-8355-9169e5697f71,368a308e-2465-4bce-bae2-22599ca817fd,2021-03-26,Award / Valuation,Compensation Disbursement,6,3,3,50.0,74,13,10,3,8.2,176,129.12,53.94,75.18,1974,824,1150,41.8,18,7,5,11,27.8,6,3,3,50.0,13,0,0,0,1196,103,1093,8.6,114.2,13.9,12.2,22,12,10,18.0,5,18,8,10,24.3,37,440,1.0,192.0,2021-02-22,2021-09-02,True
3ebf18a7-9109-45bf-8aca-9a65f98f5909,368a308e-2465-4bce-bae2-22599ca817fd,2021-12-22,Possession,Acquisition Completion,6,6,0,100.0,0,13,6,7,5.3,141,129.12,69.06,60.06,1974,1055,919,53.5,18,14,7,4,38.9,6,5,1,83.3,13,0,0,0,1196,696,500,58.2,114.2,60.5,53.0,22,13,9,4.9,5,18,13,5,17.6,65,711,1.0,327.0,2021-09-12,2022-08-05,True
33121743-fb8f-4328-b558-e51a711ae8a9,368a308e-2465-4bce-bae2-22599ca817fd,2022-01-23,Acquisition Completion,,6,6,0,100.0,0,13,4,9,2.9,25,129.12,85.0,44.12,1974,1299,675,65.8,18,14,9,4,50.0,6,6,0,100.0,13,1,0,1,1196,926,270,77.4,114.2,75.2,65.8,22,17,5,29.1,5,18,10,8,9.2,23,743,,,,,True
c158eaf8-3066-46ca-9ca1-2f4fbb5b9351,368a308e-2465-4bce-bae2-22599ca817fd,2022-07-26,Acquisition Completion,,6,6,0,100.0,0,13,3,10,2.3,39,129.12,126.31,2.81,1974,1931,43,97.8,18,18,13,0,72.2,6,5,1,83.3,13,0,0,0,1196,1196,0,100.0,114.2,103.7,90.8,22,21,1,15.5,5,18,14,4,12.4,207,927,,,,,True
a90a94ab-6415-4091-aa27-14cb7fa24b46,aac21b6e-9a88-4d38-9b62-3543d6a75c44,2022-12-02,Initial Assessment / SIA,Notification,8,0,8,0.0,59,0,0,0,20.6,0,357.35,0.0,357.35,1294,0,1294,0.0,12,2,1,10,8.3,3,0,3,0.0,96,17,15,2,526,0,526,0.0,221.5,2.9,1.3,11,0,11,5.0,7,12,2,10,43.5,85,85,1.0,88.0,2023-02-19,2023-05-18,True
b7ef886d-f24e-464f-99f1-e5ea1bcfe5bc,aac21b6e-9a88-4d38-9b62-3543d6a75c44,2023-03-26,Notification,Objection / Hearing,8,2,6,25.0,64,0,0,0,20.7,0,357.35,52.12,305.23,1294,188,1106,14.6,12,1,0,11,0.0,3,0,3,0.0,96,13,9,4,526,39,487,7.4,221.5,3.2,1.4,11,3,8,21.1,7,12,2,10,18.1,54,199,1.0,105.0,2023-06-13,2023-09-26,True
f5cdd019-b358-4fda-9d58-f97e3d0ade6e,aac21b6e-9a88-4d38-9b62-3543d6a75c44,2023-08-28,Objection / Hearing,Land & Ownership Verification,8,4,4,50.0,37,0,0,0,17.2,0,357.35,165.07,192.28,1294,597,697,46.2,12,5,4,7,33.3,3,1,2,33.3,96,17,5,12,526,102,424,19.4,221.5,0.0,0.0,11,5,6,4.4,7,12,5,7,33.6,102,354,1.0,122.0,2023-07-25,2023-11-24,True
71a7d4b8-081f-4be5-8ed0-3ad7db4bda21,aac21b6e-9a88-4d38-9b62-3543d6a75c44,2023-11-13,Land & Ownership Verification,Award / Valuation,8,5,3,62.5,71,0,0,0,14.8,0,357.35,192.84,164.51,1294,698,596,54.0,12,7,4,5,33.3,3,2,1,66.7,96,23,7,16,526,137,389,26.0,221.5,36.3,16.4,11,6,5,16.8,7,12,3,9,5.5,48,431,1.0,149.0,2023-10-19,2024-03-16,True
056ba789-3ee9-4706-ba49-c6303c755d24,aac21b6e-9a88-4d38-9b62-3543d6a75c44,2024-06-23,Rehabilitation & Resettlement,Possession,8,7,1,87.5,24,0,0,0,6.8,0,357.35,253.45,103.9,1294,917,377,70.9,12,9,6,3,50.0,3,3,0,100.0,96,8,0,8,526,401,125,76.2,221.5,122.1,55.1,11,7,4,12.4,7,12,7,5,30.5,25,654,1.0,186.0,2024-03-09,2024-09-11,True
b249b16c-b3f1-4e35-9e4d-261333a16ad3,aac21b6e-9a88-4d38-9b62-3543d6a75c44,2024-11-28,Acquisition Completion,,8,6,2,75.0,34,0,0,0,3.3,0,357.35,270.75,86.6,1294,980,314,75.8,12,12,8,0,66.7,3,2,1,66.7,96,4,0,4,526,435,91,82.7,221.5,191.9,86.6,11,9,2,21.4,7,12,9,3,10.1,78,812,,,,,True
f7b3ecfe-b378-4fd4-a7f6-eed6a7f93289,6cf58f79-fabb-4933-bf8c-e0177491f2c9,2023-02-23,Notification,Objection / Hearing,9,0,9,0.0,28,10,9,1,28.1,41,183.84,0.0,183.84,1992,0,1992,0.0,29,3,1,26,3.4,3,0,3,0.0,90,21,20,1,763,0,763,0.0,313.0,30.9,9.9,6,0,6,27.4,2,11,0,11,27.1,21,76,1.0,134.0,2023-07-30,2023-12-11,True
cc429966-6960-4478-8906-689148f0195b,6cf58f79-fabb-4933-bf8c-e0177491f2c9,2023-03-31,Notification,Objection / Hearing,9,1,8,11.1,62,10,9,1,27.4,93,183.84,0.0,183.84,1992,0,1992,0.0,29,4,2,25,6.9,3,0,3,0.0,90,15,15,0,763,27,736,3.5,313.0,0.0,0.0,6,0,6,21.3,2,11,0,11,38.4,57,112,1.0,134.0,2023-07-30,2023-12-11,True
3e014b52-957c-4783-93f7-ac2e61a1648c,6cf58f79-fabb-4933-bf8c-e0177491f2c9,2023-04-02,Notification,Objection / Hearing,9,1,8,11.1,14,10,9,1,27.7,110,183.84,0.0,183.84,1992,0,1992,0.0,29,0,0,29,0.0,3,0,3,0.0,90,31,29,2,763,0,763,0.0,313.0,32.1,10.3,6,0,6,4.9,2,11,0,11,32.2,59,114,1.0,134.0,2023-07-30,2023-12-11,True
5d685219-c05f-448c-8fce-480d3ea81c1c,6cf58f79-fabb-4933-bf8c-e0177491f2c9,2023-05-11,Notification,Objection / Hearing,9,1,8,11.1,17,10,10,0,28.6,11,183.84,0.0,183.84,1992,0,1992,0.0,29,0,0,29,0.0,3,0,3,0.0,90,33,33,0,763,2,761,0.3,313.0,0.0,0.0,6,0,6,28.5,2,11,0,11,36.4,98,153,1.0,134.0,2023-07-30,2023-12-11,True
d1e4f43c-3245-446c-80a1-483c3857281e,6cf58f79-fabb-4933-bf8c-e0177491f2c9,2023-06-25,Notification,Objection / Hearing,9,2,7,22.2,68,10,9,1,27.0,112,183.84,0.0,183.84,1992,0,1992,0.0,29,4,2,25,6.9,3,0,3,0.0,90,17,10,7,763,14,749,1.8,313.0,35.4,11.3,6,0,6,26.4,2,11,3,8,35.2,143,198,1.0,134.0,2023-07-30,2023-12-11,True
8fca66ad-a67a-46fc-a338-8a3b3b65d830,6cf58f79-fabb-4933-bf8c-e0177491f2c9,2023-10-11,Objection / Hearing,Land & Ownership Verification,9,3,6,33.3,72,10,10,0,29.0,137,183.84,0.0,183.84,1992,0,1992,0.0,29,7,4,22,13.8,3,0,3,0.0,90,14,11,3,763,67,696,8.8,313.0,18.5,5.9,6,1,5,15.6,2,11,0,11,32.6,64,306,1.0,175.0,2023-09-05,2024-02-27,True
f95a780a-049f-4aff-92c2-c0a5737a15c0,6cf58f79-fabb-4933-bf8c-e0177491f2c9,2024-03-01,Award / Valuation,Compensation Disbursement,9,4,5,44.4,34,10,8,2,23.1,38,183.84,47.41,136.43,1992,513,1479,25.8,29,11,7,18,24.1,3,1,2,33.3,90,16,5,11,763,75,688,9.8,313.0,18.1,5.8,6,2,4,8.8,2,11,1,10,7.4,3,448,1.0,313.0,2024-02-23,2025-01-01,True
8d041da9-64bc-4408-ba18-7b95109b87eb,6cf58f79-fabb-4933-bf8c-e0177491f2c9,2024-06-03,Award / Valuation,Compensation Disbursement,9,4,5,44.4,14,10,8,2,22.1,118,183.84,45.17,138.67,1992,489,1503,24.6,29,17,14,12,48.3,3,2,1,66.7,90,10,6,4,763,215,548,28.2,313.0,18.3,5.8,6,2,4,26.0,2,11,4,7,31.5,97,542,1.0,313.0,2024-02-23,2025-01-01,True
16699629-c4e2-42df-937d-ef5084f07910,6cf58f79-fabb-4933-bf8c-e0177491f2c9,2026-03-07,Acquisition Completion,,9,9,0,100.0,0,10,2,8,5.6,96,183.84,183.84,0.0,1992,1992,0,100.0,29,28,22,1,75.9,3,3,0,100.0,90,5,0,5,763,668,95,87.5,313.0,269.6,86.1,6,5,1,8.4,2,11,8,3,12.2,126,1184,,,,,True
65ff696e-3375-449c-b6b8-f5fdd8c63dc0,3f97f97a-b443-40af-b3ed-0462a2a187b8,2021-03-13,Initial Assessment / SIA,Notification,6,1,5,16.7,44,3,3,0,18.9,89,171.25,0.0,171.25,1034,0,1034,0.0,24,0,0,24,0.0,7,0,7,0.0,77,29,28,1,167,9,158,5.4,188.7,11.8,6.3,24,1,23,13.0,3,3,0,3,24.4,74,74,0.0,11.0,2021-07-16,2021-07-27,True
f2f89076-988a-4304-ac26-db790b739c77,3f97f97a-b443-40af-b3ed-0462a2a187b8,2021-04-02,Initial Assessment / SIA,Notification,6,0,6,0.0,44,3,3,0,17.2,130,171.25,1.98,169.27,1034,11,1023,1.2,24,0,0,24,0.0,7,1,6,14.3,77,19,16,3,167,0,167,0.0,188.7,0.0,0.0,24,1,23,21.1,3,3,0,3,44.6,94,94,0.0,11.0,2021-07-16,2021-07-27,True
b2174918-a628-4231-86c4-f61b0791d0a4,3f97f97a-b443-40af-b3ed-0462a2a187b8,2021-07-16,Notification,Objection / Hearing,6,1,5,16.7,74,3,3,0,16.5,168,171.25,12.95,158.3,1034,78,956,7.6,24,7,5,17,20.8,7,1,6,14.3,77,20,15,5,167,0,167,0.0,188.7,24.4,12.9,24,6,18,14.2,3,3,0,3,43.5,84,199,0.0,26.0,2021-10-07,2021-11-02,True
895a2b9e-cc6d-4317-8a07-e46c0ca7e3e8,3f97f97a-b443-40af-b3ed-0462a2a187b8,2021-11-20,Land & Ownership Verification,Award / Valuation,6,2,4,33.3,16,3,3,0,13.6,35,171.25,50.02,121.23,1034,302,732,29.2,24,7,4,17,16.7,7,3,4,42.9,77,5,3,2,167,15,152,9.0,188.7,0.0,0.0,24,9,15,6.9,3,3,0,3,9.7,18,326,1.0,57.0,2022-05-15,2022-07-11,True
99cb5289-c81a-4fc9-ad49-4e04cf940e66,3f97f97a-b443-40af-b3ed-0462a2a187b8,2022-03-11,Award / Valuation,Compensation Disbursement,6,4,2,66.7,83,3,2,1,12.5,137,171.25,80.9,90.35,1034,488,546,47.2,24,7,3,17,12.5,7,4,3,57.1,77,8,1,7,167,13,154,7.8,188.7,29.6,15.7,24,11,13,12.5,3,3,1,2,18.1,25,437,1.0,61.0,2022-08-17,2022-10-17,True
2867f08a-cf56-4b22-8670-b42d84921e0a,3f97f97a-b443-40af-b3ed-0462a2a187b8,2022-05-24,Award / Valuation,Compensation Disbursement,6,3,3,50.0,30,3,2,1,11.4,64,171.25,43.37,127.88,1034,261,773,25.3,24,12,9,12,37.5,7,4,3,57.1,77,10,0,10,167,48,119,28.7,188.7,51.3,27.2,24,11,13,15.8,3,3,1,2,30.9,99,511,1.0,61.0,2022-08-17,2022-10-17,True
d87a6900-4d92-412f-aaad-143cf0d5970d,3f97f97a-b443-40af-b3ed-0462a2a187b8,2022-08-16,Compensation Disbursement,Rehabilitation & Resettlement,6,5,1,83.3,62,3,2,1,10.0,146,171.25,77.27,93.98,1034,466,568,45.1,24,15,8,9,33.3,7,5,2,71.4,77,8,0,8,167,95,72,56.9,188.7,49.6,26.3,24,15,9,29.0,3,3,1,2,43.3,36,595,1.0,87.0,2022-10-27,2023-01-22,True
f9c3244e-a76b-4cd6-a854-85ab12213c68,3f97f97a-b443-40af-b3ed-0462a2a187b8,2023-01-29,Possession,Acquisition Completion,6,5,1,83.3,26,3,1,2,5.2,144,171.25,131.68,39.57,1034,795,239,76.9,24,20,11,4,45.8,7,6,1,85.7,77,6,0,6,167,99,68,59.3,188.7,101.9,54.0,24,19,5,28.6,3,3,1,2,20.8,7,761,1.0,146.0,2023-04-24,2023-09-17,True
aca1db3d-a8df-4835-b23b-66068812f181,3f97f97a-b443-40af-b3ed-0462a2a187b8,2023-03-18,Possession,Acquisition Completion,6,6,0,100.0,0,3,2,1,8.2,20,171.25,100.16,71.09,1034,604,430,58.5,24,20,12,4,50.0,7,7,0,100.0,77,4,0,4,167,141,26,84.4,188.7,117.1,62.1,24,19,5,5.8,3,3,2,1,30.2,55,809,1.0,146.0,2023-04-24,2023-09-17,True
97d77180-2854-4dca-aee3-9d9d63b92ca7,3f97f97a-b443-40af-b3ed-0462a2a187b8,2023-04-21,Possession,Acquisition Completion,6,5,1,83.3,15,3,1,2,3.5,26,171.25,159.78,11.47,1034,964,70,93.3,24,24,17,0,70.8,7,6,1,85.7,77,7,0,7,167,147,20,88.0,188.7,131.7,69.8,24,20,4,15.3,3,3,1,2,28.8,89,843,1.0,146.0,2023-04-24,2023-09-17,True
d70a661d-1f0a-4e1c-bb5e-21f71f1a9306,c17a508d-5f29-426e-80c3-77afc9e9da96,2020-03-20,Initial Assessment / SIA,Notification,12,2,10,16.7,6,18,18,0,25.9,120,641.14,4.72,636.42,308,2,306,0.7,15,1,0,14,0.0,2,0,2,0.0,94,30,30,0,40,1,39,2.5,258.9,10.5,4.1,12,1,11,9.3,5,19,3,16,31.4,52,52,0.0,0.0,2020-07-11,2020-07-05,True
a3f9527e-05ff-48ef-902a-31e2935fadce,c17a508d-5f29-426e-80c3-77afc9e9da96,2020-07-21,Objection / Hearing,Land & Ownership Verification,12,3,9,25.0,41,18,16,2,21.8,67,641.14,4.36,636.78,308,2,306,0.7,15,5,2,10,13.3,2,0,2,0.0,94,9,8,1,40,5,35,12.5,258.9,12.9,5.0,12,0,12,18.9,5,19,1,18,5.2,16,175,0.0,0.0,2020-12-24,2020-12-21,True
1938b35a-dd72-488f-b293-b4ed4c55bbc9,c17a508d-5f29-426e-80c3-77afc9e9da96,2020-08-09,Objection / Hearing,Land & Ownership Verification,12,3,9,25.0,15,18,11,7,15.5,54,641.14,89.4,551.74,308,42,266,13.9,15,4,2,11,13.3,2,0,2,0.0,94,13,11,2,40,0,40,0.0,258.9,0.1,0.0,12,2,10,17.4,5,19,1,18,30.0,35,194,0.0,0.0,2020-12-24,2020-12-21,True
b4a113fa-cf41-4671-8ceb-bcd4246e81ab,c17a508d-5f29-426e-80c3-77afc9e9da96,2020-08-20,Objection / Hearing,Land & Ownership Verification,12,4,8,33.3,7,18,16,2,22.2,39,641.14,34.98,606.16,308,16,292,5.5,15,3,1,12,6.7,2,0,2,0.0,94,13,7,6,40,1,39,2.5,258.9,0.0,0.0,12,2,10,25.3,5,19,3,16,19.0,46,205,0.0,0.0,2020-12-24,2020-12-21,True
1d75430f-2053-4020-911d-ebfa6f839da2,c17a508d-5f29-426e-80c3-77afc9e9da96,2020-11-08,Land & Ownership Verification,Award / Valuation,12,4,8,33.3,89,18,9,9,12.0,86,641.14,168.99,472.15,308,81,227,26.4,15,5,3,10,20.0,2,1,1,50.0,94,20,8,12,40,7,33,17.5,258.9,0.0,0.0,12,4,8,21.0,5,19,6,13,23.1,61,285,0.0,3.0,2021-03-04,2021-03-07,True
4d9c28c2-046b-4127-a629-10faf0189b44,c17a508d-5f29-426e-80c3-77afc9e9da96,2021-08-14,Rehabilitation & Resettlement,Possession,12,9,3,75.0,9,18,8,10,11.0,25,641.14,374.01,267.13,308,179,129,58.3,15,13,8,2,53.3,2,2,0,100.0,94,7,0,7,40,21,19,52.5,258.9,139.8,54.0,12,9,3,10.2,5,19,10,9,15.0,83,564,0.0,0.0,2021-12-28,2021-12-25,True
0b0e1aea-29a6-477c-81d1-d552e43e2a33,c17a508d-5f29-426e-80c3-77afc9e9da96,2021-09-20,Possession,Acquisition Completion,12,12,0,100.0,0,18,9,9,12.0,60,641.14,435.64,205.5,308,209,99,67.9,15,11,9,4,60.0,2,1,1,50.0,94,5,0,5,40,25,15,62.5,258.9,160.7,62.1,12,8,4,24.7,5,19,11,8,20.6,1,601,0.0,0.0,2022-04-02,2022-03-23,True
73f2a03b-d4c3-4dd7-9675-266a5289706c,c17a508d-5f29-426e-80c3-77afc9e9da96,2021-10-06,Possession,Acquisition Completion,12,11,1,91.7,13,18,7,11,9.1,92,641.14,431.8,209.34,308,207,101,67.3,15,11,7,4,46.7,2,1,1,50.0,94,4,0,4,40,22,18,55.0,258.9,128.4,49.6,12,10,2,10.5,5,19,13,6,44.5,17,617,0.0,0.0,2022-04-02,2022-03-23,True
e70bb135-39db-4c6a-a836-0da88744d4d7,c17a508d-5f29-426e-80c3-77afc9e9da96,2021-11-30,Possession,Acquisition Completion,12,11,1,91.7,60,18,6,12,7.6,56,641.14,482.57,158.57,308,231,77,75.3,15,13,9,2,60.0,2,2,0,100.0,94,2,0,2,40,37,3,92.5,258.9,185.0,71.5,12,9,3,14.3,5,19,11,8,38.0,72,672,0.0,0.0,2022-04-02,2022-03-23,True
40cef49e-52a0-4259-a6a3-2f3c67eefa85,b85f94ab-6218-4516-b6d2-f4a3e980036d,2023-10-08,Notification,Objection / Hearing,4,1,3,25.0,61,4,3,1,24.9,58,1508.51,142.6,1365.91,335,31,304,9.5,7,1,0,6,0.0,2,0,2,0.0,78,22,11,11,41,1,40,2.4,361.1,0.0,0.0,22,7,15,4.8,2,14,5,9,12.9,138,197,1.0,157.0,2023-09-19,2024-02-23,True
9da039d4-4e78-4b83-b46d-8277a669f30f,b85f94ab-6218-4516-b6d2-f4a3e980036d,2024-01-27,Objection / Hearing,Land & Ownership Verification,4,2,2,50.0,6,4,3,1,25.0,45,1508.51,68.95,1439.56,335,15,320,4.6,7,2,1,5,14.3,2,1,1,50.0,78,11,4,7,41,4,37,9.8,361.1,24.2,6.7,22,6,16,27.0,2,14,4,10,19.9,62,308,1.0,208.0,2023-11-16,2024-06-11,True
c71b5e82-2ca9-47ff-bc05-acc7362669e8,b85f94ab-6218-4516-b6d2-f4a3e980036d,2024-05-02,Land & Ownership Verification,Award / Valuation,4,2,2,50.0,72,4,2,2,16.1,95,1508.51,471.21,1037.3,335,104,231,31.2,7,3,2,4,28.6,2,1,1,50.0,78,11,1,10,41,13,28,31.7,361.1,53.5,14.8,22,9,13,18.5,2,14,6,8,44.7,69,404,1.0,226.0,2023-12-16,2024-07-29,True
67d7807b-95bd-46cd-a0b5-d62f3b55c42e,b85f94ab-6218-4516-b6d2-f4a3e980036d,2024-12-21,Rehabilitation & Resettlement,Possession,4,3,1,75.0,66,4,2,2,10.6,39,1508.51,942.05,566.46,335,209,126,62.4,7,6,4,1,57.1,2,2,0,100.0,78,2,0,2,41,21,20,51.2,361.1,178.7,49.5,22,18,4,3.9,2,14,7,7,16.1,62,637,1.0,330.0,2024-05-30,2025-04-25,True
5be599b9-56f0-4981-9879-9d1e55de0bcc,b85f94ab-6218-4516-b6d2-f4a3e980036d,2025-06-06,Acquisition Completion,,4,3,1,75.0,72,4,2,2,9.8,87,1508.51,1434.31,74.2,335,318,17,95.1,7,7,4,0,57.1,2,2,0,100.0,78,5,0,5,41,38,3,92.7,361.1,264.3,73.2,22,22,0,8.1,2,14,10,4,6.9,42,804,,,,,True
7da5be04-622f-4ece-8fa0-447010e5cb2d,17d26e12-4ec2-4376-98d5-c8926d4c018e,2021-03-26,Initial Assessment / SIA,Notification,8,0,8,0.0,10,14,14,0,38.0,175,210.19,14.0,196.19,867,57,810,6.7,15,0,0,15,0.0,9,0,9,0.0,67,25,25,0,328,0,328,0.0,385.3,0.0,0.0,6,0,6,11.2,4,11,3,8,7.1,21,21,1.0,103.0,2021-06-04,2021-09-15,True
3017b85e-8372-40e3-8097-f98787b3d7b1,17d26e12-4ec2-4376-98d5-c8926d4c018e,2021-04-17,Initial Assessment / SIA,Notification,8,1,7,12.5,13,14,14,0,38.5,67,210.19,0.0,210.19,867,0,867,0.0,15,0,0,15,0.0,9,1,8,11.1,67,19,18,1,328,0,328,0.0,385.3,0.0,0.0,6,0,6,21.8,4,11,0,11,15.0,43,43,1.0,103.0,2021-06-04,2021-09-15,True
64337ef4-1e7f-460f-9d55-a88bb7935d3d,17d26e12-4ec2-4376-98d5-c8926d4c018e,2022-02-02,Objection / Hearing,Land & Ownership Verification,8,3,5,37.5,14,14,11,3,30.0,82,210.19,58.42,151.77,867,240,627,27.8,15,6,3,9,20.0,9,4,5,44.4,67,10,6,4,328,0,328,0.0,385.3,0.0,0.0,6,1,5,12.6,4,11,3,8,17.9,140,334,1.0,193.0,2022-01-22,2022-08-03,True
e3647991-651b-4181-90c5-2a4513463625,17d26e12-4ec2-4376-98d5-c8926d4c018e,2022-05-26,Land & Ownership Verification,Award / Valuation,8,3,5,37.5,37,14,10,4,26.6,26,210.19,51.44,158.75,867,212,655,24.5,15,6,4,9,26.7,9,5,4,55.6,67,11,2,9,328,82,246,25.0,385.3,35.6,9.2,6,2,4,23.1,4,11,4,7,9.4,85,447,1.0,291.0,2022-04-18,2023-02-03,True
7b70d07f-37b3-4c8a-986a-0a060b31bd8d,17d26e12-4ec2-4376-98d5-c8926d4c018e,2022-11-15,Award / Valuation,Compensation Disbursement,8,7,1,87.5,66,14,8,6,21.1,67,210.19,111.71,98.48,867,460,407,53.1,15,13,7,2,46.7,9,7,2,77.8,67,5,0,5,328,215,113,65.5,385.3,167.4,43.4,6,4,2,17.7,4,11,5,6,28.2,104,620,1.0,336.0,2022-05-19,2023-04-20,True
b50a2060-f565-41ba-9249-3af586f0fc5a,17d26e12-4ec2-4376-98d5-c8926d4c018e,2023-05-15,Rehabilitation & Resettlement,Possession,8,8,0,100.0,0,14,5,9,13.3,85,210.19,152.29,57.9,867,628,239,72.5,15,15,9,0,60.0,9,9,0,100.0,67,3,0,3,328,237,91,72.3,385.3,268.9,69.8,6,4,2,25.7,4,11,6,5,26.0,25,801,1.0,369.0,2022-08-14,2023-08-18,True
73eea45b-d3d7-4976-805c-3b00d900497e,17d26e12-4ec2-4376-98d5-c8926d4c018e,2023-06-07,Rehabilitation & Resettlement,Possession,8,7,1,87.5,89,14,4,10,10.5,20,210.19,186.34,23.85,867,768,99,88.7,15,13,9,2,60.0,9,9,0,100.0,67,1,0,1,328,272,56,82.9,385.3,248.8,64.6,6,4,2,9.3,4,11,7,4,31.9,48,824,1.0,369.0,2022-08-14,2023-08-18,True
ff1122b5-02bc-46ba-9261-0c1c5c7a5695,17d26e12-4ec2-4376-98d5-c8926d4c018e,2023-08-17,Possession,Acquisition Completion,8,8,0,100.0,0,14,4,10,9.1,25,210.19,204.79,5.4,867,844,23,97.4,15,14,9,1,60.0,9,9,0,100.0,67,2,0,2,328,266,62,81.1,385.3,297.6,77.2,6,4,2,3.2,4,11,9,2,28.8,56,895,1.0,372.0,2022-09-24,2023-10-01,True
bbd10ff3-b4d0-493d-b526-a702f89bac61,17d26e12-4ec2-4376-98d5-c8926d4c018e,2023-09-17,Acquisition Completion,,8,8,0,100.0,0,14,2,12,5.0,18,210.19,191.12,19.07,867,788,79,90.9,15,15,11,0,73.3,9,9,0,100.0,67,1,0,1,328,300,28,91.5,385.3,317.9,82.5,6,5,1,25.1,4,11,9,2,12.4,30,926,,,,,True
3aaf531a-e93c-4ec6-a30d-fee67443c2a9,e1681767-fbaa-4ffe-b301-ec5a9ea6b1d9,2022-09-14,Initial Assessment / SIA,Notification,3,0,3,0.0,89,0,0,0,37.7,0,461.18,25.34,435.84,1507,82,1425,5.5,5,0,0,5,0.0,5,1,4,20.0,41,6,6,0,94,0,94,0.0,383.3,0.0,0.0,4,0,4,30.0,6,3,0,3,8.9,35,35,0.0,11.0,2022-11-16,2022-11-27,True
aff30c47-ecc8-4b67-bf79-7092fcc9b724,e1681767-fbaa-4ffe-b301-ec5a9ea6b1d9,2022-11-15,Notification,Objection / Hearing,3,0,3,0.0,54,0,0,0,35.4,0,461.18,0.0,461.18,1507,0,1507,0.0,5,1,0,4,0.0,5,0,5,0.0,41,3,3,0,94,4,90,4.3,383.3,0.0,0.0,4,0,4,7.7,6,3,0,3,29.6,38,97,1.0,41.0,2023-02-04,2023-03-17,True
e7715125-b4f6-41b6-af2a-45ba3a8b53ca,e1681767-fbaa-4ffe-b301-ec5a9ea6b1d9,2023-01-02,Objection / Hearing,Land & Ownership Verification,3,0,3,0.0,43,0,0,0,29.3,0,461.18,2.58,458.6,1507,8,1499,0.6,5,0,0,5,0.0,5,2,3,40.0,41,3,2,1,94,13,81,13.8,383.3,19.6,5.1,4,0,4,4.6,6,3,0,3,11.6,36,145,1.0,75.0,2023-04-28,2023-07-12,True
03dca47d-e265-4157-8154-a964273a7785,e1681767-fbaa-4ffe-b301-ec5a9ea6b1d9,2023-04-14,Land & Ownership Verification,Award / Valuation,3,1,2,33.3,34,0,0,0,30.8,0,461.18,75.81,385.37,1507,247,1260,16.4,5,1,0,4,0.0,5,3,2,60.0,41,5,1,4,94,3,91,3.2,383.3,28.2,7.4,4,1,3,18.9,6,3,1,2,13.5,28,247,1.0,94.0,2023-07-03,2023-10-05,True
20ffa164-7e3c-4dd1-bf9d-24794c43ea90,e1681767-fbaa-4ffe-b301-ec5a9ea6b1d9,2023-07-27,Award / Valuation,Compensation Disbursement,3,1,2,33.3,24,0,0,0,28.3,0,461.18,108.78,352.4,1507,355,1152,23.6,5,2,1,3,20.0,5,2,3,40.0,41,5,1,4,94,12,82,12.8,383.3,0.0,0.0,4,1,3,28.8,6,3,0,3,15.1,15,351,1.0,105.0,2023-08-16,2023-11-29,True
ae0d9abb-572e-4fa2-af2d-587179fb2544,e1681767-fbaa-4ffe-b301-ec5a9ea6b1d9,2024-02-19,Rehabilitation & Resettlement,Possession,3,3,0,100.0,0,0,0,0,14.4,0,461.18,264.94,196.24,1507,865,642,57.4,5,3,2,2,40.0,5,4,1,80.0,41,6,0,6,94,56,38,59.6,383.3,183.1,47.8,4,2,2,25.5,6,3,1,2,39.7,82,558,1.0,174.0,2024-02-03,2024-07-26,True
40f5dc15-1d0b-40a2-8d28-f60f12e0bbf6,e1681767-fbaa-4ffe-b301-ec5a9ea6b1d9,2024-05-29,Possession,Acquisition Completion,3,3,0,100.0,0,0,0,0,9.4,0,461.18,306.21,154.97,1507,1000,507,66.4,5,3,2,2,40.0,5,4,1,80.0,41,1,0,1,94,62,32,66.0,383.3,247.3,64.5,4,3,1,12.0,6,3,1,2,36.3,56,658,1.0,200.0,2024-04-12,2024-10-29,True
5f1a4d89-f0aa-4030-8edf-857883ce383b,e1681767-fbaa-4ffe-b301-ec5a9ea6b1d9,2024-07-05,Possession,Acquisition Completion,3,2,1,66.7,66,0,0,0,8.0,0,461.18,365.7,95.48,1507,1194,313,79.3,5,4,3,1,60.0,5,5,0,100.0,41,2,0,2,94,75,19,79.8,383.3,312.4,81.5,4,3,1,22.3,6,3,2,1,7.1,93,695,1.0,200.0,2024-04-12,2024-10-29,True
91b9bd8e-5186-4ff2-8596-02f9ff9ab456,e1681767-fbaa-4ffe-b301-ec5a9ea6b1d9,2024-10-19,Acquisition Completion,,3,3,0,100.0,0,0,0,0,10.5,0,461.18,461.18,0.0,1507,1507,0,100.0,5,4,2,1,40.0,5,4,1,80.0,41,0,0,0,94,90,4,95.7,383.3,318.6,83.1,4,3,1,4.9,6,3,2,1,14.0,85,801,,,,,True
88daf34d-0f71-4be4-9f5f-834640ea7b3f,bf45a2d5-eefd-4f76-ba83-0d15f708f2c8,2022-05-19,Initial Assessment / SIA,Notification,11,1,10,9.1,10,5,5,0,35.6,123,607.47,2.46,605.01,296,1,295,0.4,17,0,0,17,0.0,7,1,6,14.3,90,20,20,0,49,0,49,0.0,355.6,0.0,0.0,6,0,6,22.5,6,8,0,8,29.4,43,43,0.0,9.0,2022-10-31,2022-11-09,True
24f70671-526b-49b3-a0cb-424d993aefbf,bf45a2d5-eefd-4f76-ba83-0d15f708f2c8,2022-05-31,Initial Assessment / SIA,Notification,11,0,11,0.0,86,5,5,0,35.6,117,607.47,2.81,604.66,296,1,295,0.5,17,2,1,15,5.9,7,1,6,14.3,90,12,11,1,49,0,49,0.0,355.6,53.2,15.0,6,0,6,23.6,6,8,1,7,22.4,55,55,0.0,9.0,2022-10-31,2022-11-09,True
c30941e4-36a5-4ba3-a68a-bd18026819b8,bf45a2d5-eefd-4f76-ba83-0d15f708f2c8,2022-06-18,Initial Assessment / SIA,Notification,11,2,9,18.2,83,5,5,0,35.1,122,607.47,54.41,553.06,296,26,270,9.0,17,2,1,15,5.9,7,0,7,0.0,90,25,18,7,49,0,49,0.0,355.6,44.1,12.4,6,0,6,13.1,6,8,1,7,38.7,73,73,0.0,9.0,2022-10-31,2022-11-09,True
668bdf60-1496-4e0d-b06c-d890a9b90591,bf45a2d5-eefd-4f76-ba83-0d15f708f2c8,2022-09-07,Notification,Objection / Hearing,11,2,9,18.2,18,5,5,0,29.8,14,607.47,15.54,591.93,296,7,289,2.6,17,4,2,13,11.8,7,1,6,14.3,90,15,9,6,49,0,49,0.0,355.6,65.1,18.3,6,0,6,4.1,6,8,1,7,19.3,61,154,1.0,34.0,2023-02-11,2023-03-17,True
1efc5810-ea9b-4b7b-8cc9-b4e44541aa65,bf45a2d5-eefd-4f76-ba83-0d15f708f2c8,2022-12-29,Objection / Hearing,Land & Ownership Verification,11,6,5,54.5,44,5,4,1,25.5,81,607.47,155.06,452.41,296,75,221,25.5,17,9,6,8,35.3,7,3,4,42.9,90,7,2,5,49,1,48,2.0,355.6,26.1,7.3,6,3,3,20.6,6,8,2,6,17.9,50,267,1.0,53.0,2023-03-19,2023-05-11,True
9b9fb0ca-4825-48ac-9945-36a149a70afa,bf45a2d5-eefd-4f76-ba83-0d15f708f2c8,2023-01-28,Objection / Hearing,Land & Ownership Verification,11,6,5,54.5,67,5,3,2,21.2,87,607.47,188.59,418.88,296,91,205,31.0,17,7,4,10,23.5,7,3,4,42.9,90,8,0,8,49,6,43,12.2,355.6,0.0,0.0,6,3,3,29.7,6,8,1,7,39.7,80,297,1.0,53.0,2023-03-19,2023-05-11,True
7e3508b1-f300-4e60-a5c8-8d418241e61d,bf45a2d5-eefd-4f76-ba83-0d15f708f2c8,2023-04-19,Land & Ownership Verification,Award / Valuation,11,7,4,63.6,71,5,4,1,24.8,112,607.47,110.85,496.62,296,54,242,18.2,17,8,4,9,23.5,7,4,3,57.1,90,11,0,11,49,8,41,16.3,355.6,74.2,20.9,6,2,4,28.8,6,8,2,6,16.5,33,378,1.0,62.0,2023-07-11,2023-09-11,True
5788ccdb-17db-4f3f-8220-c32ab65fa3fb,bf45a2d5-eefd-4f76-ba83-0d15f708f2c8,2023-05-10,Land & Ownership Verification,Award / Valuation,11,7,4,63.6,74,5,3,2,20.8,70,607.47,260.3,347.17,296,126,170,42.8,17,11,7,6,41.2,7,4,3,57.1,90,7,2,5,49,12,37,24.5,355.6,64.6,18.2,6,3,3,9.6,6,8,3,5,11.9,54,399,1.0,62.0,2023-07-11,2023-09-11,True
8b844797-72a6-4907-a731-09807888b762,bf45a2d5-eefd-4f76-ba83-0d15f708f2c8,2023-10-08,Rehabilitation & Resettlement,Possession,11,8,3,72.7,78,5,3,2,14.7,84,607.47,460.88,146.59,296,224,72,75.9,17,12,10,5,58.8,7,6,1,85.7,90,5,0,5,49,33,16,67.3,355.6,194.4,54.7,6,4,2,8.3,6,8,4,4,39.6,9,550,1.0,49.0,2023-12-23,2024-02-10,True
001f48ce-b029-4020-b082-cf09e0094208,bf45a2d5-eefd-4f76-ba83-0d15f708f2c8,2024-01-27,Possession,Acquisition Completion,11,11,0,100.0,0,5,3,2,19.3,135,607.47,482.56,124.91,296,235,61,79.4,17,16,10,1,58.8,7,6,1,85.7,90,3,0,3,49,40,9,81.6,355.6,176.8,49.7,6,4,2,27.7,6,8,6,2,20.8,89,661,1.0,74.0,2024-03-07,2024-05-20,True
447707c9-7e7e-4b54-8a6a-3a63964f365c,0fa2f3cc-872b-4607-ac94-c831169fc633,2021-10-16,Initial Assessment / SIA,Notification,6,0,6,0.0,73,11,11,0,18.7,57,628.85,95.14,533.71,68,10,58,15.1,23,0,0,23,0.0,6,0,6,0.0,58,7,5,2,57,6,51,10.5,196.7,0.0,0.0,3,0,3,24.6,5,5,0,5,23.8,33,33,1.0,66.0,2022-02-01,2022-04-08,True
5451e8d4-b259-40dd-8ed5-05c16e59e406,0fa2f3cc-872b-4607-ac94-c831169fc633,2022-03-28,Notification,Objection / Hearing,6,1,5,16.7,69,11,11,0,19.7,82,628.85,0.0,628.85,68,0,68,0.0,23,6,3,17,13.0,6,1,5,16.7,58,9,7,2,57,0,57,0.0,196.7,15.7,8.0,3,0,3,3.2,5,5,1,4,31.0,95,196,1.0,98.0,2022-04-23,2022-07-30,True
fed6be59-3b53-45c3-a6d8-cb9ebfdedee6,0fa2f3cc-872b-4607-ac94-c831169fc633,2022-06-06,Objection / Hearing,Land & Ownership Verification,6,2,4,33.3,26,11,8,3,12.9,27,628.85,27.26,601.59,68,2,66,4.3,23,7,4,16,17.4,6,2,4,33.3,58,11,5,6,57,0,57,0.0,196.7,0.0,0.0,3,0,3,16.7,5,5,0,5,8.9,59,266,1.0,184.0,2022-08-05,2023-02-05,True
0285fdd6-9ecd-4ca1-a1a2-e3b199729335,0fa2f3cc-872b-4607-ac94-c831169fc633,2022-12-02,Land & Ownership Verification,Award / Valuation,6,3,3,50.0,61,11,8,3,14.2,65,628.85,207.69,421.16,68,22,46,33.0,23,7,5,16,21.7,6,2,4,33.3,58,6,1,5,57,0,57,0.0,196.7,0.0,0.0,3,1,2,24.9,5,5,1,4,37.8,125,445,1.0,259.0,2022-10-06,2023-06-22,True
1b796703-d4c9-496b-aeb3-847fac2df106,0fa2f3cc-872b-4607-ac94-c831169fc633,2023-05-21,Award / Valuation,Compensation Disbursement,6,4,2,66.7,87,11,7,4,12.2,126,628.85,188.62,440.23,68,20,48,30.0,23,16,13,7,56.5,6,5,1,83.3,58,9,1,8,57,18,39,31.6,196.7,26.0,13.2,3,1,2,22.4,5,5,2,3,37.9,105,615,1.0,326.0,2022-12-24,2023-11-15,True
41fc5397-7815-4a14-a88c-49380b94445d,0fa2f3cc-872b-4607-ac94-c831169fc633,2023-07-23,Compensation Disbursement,Rehabilitation & Resettlement,6,5,1,83.3,67,11,6,5,10.2,86,628.85,348.31,280.54,68,37,31,55.4,23,13,10,10,43.5,6,4,2,66.7,58,3,0,3,57,33,24,57.9,196.7,68.3,34.7,3,1,2,26.4,5,5,2,3,39.4,31,678,1.0,362.0,2023-03-16,2024-03-12,True
fdd477f3-680a-4a96-9349-a4f7564a3a74,0fa2f3cc-872b-4607-ac94-c831169fc633,2023-12-01,Rehabilitation & Resettlement,Possession,6,5,1,83.3,15,11,5,6,7.9,62,628.85,569.2,59.65,68,61,7,90.5,23,18,14,5,60.9,6,5,1,83.3,58,3,0,3,57,32,25,56.1,196.7,107.5,54.7,3,2,1,16.7,5,5,3,2,17.8,16,809,1.0,404.0,2023-05-26,2024-07-03,True
2afb65ef-47a4-487c-96e0-36d22727088e,0fa2f3cc-872b-4607-ac94-c831169fc633,2024-02-02,Rehabilitation & Resettlement,Possession,6,6,0,100.0,0,11,5,6,7.6,151,628.85,435.86,192.99,68,47,21,69.3,23,18,12,5,52.2,6,5,1,83.3,58,5,0,5,57,33,24,57.9,196.7,96.2,48.9,3,2,1,18.8,5,5,2,3,37.4,79,872,1.0,404.0,2023-05-26,2024-07-03,True
f2016787-c72f-4e14-88b5-7465df3e6f0f,ee737d4a-a954-44b9-b274-fdaede0ee0f9,2022-02-28,Initial Assessment / SIA,Notification,3,0,3,0.0,41,6,5,1,26.9,129,683.45,23.24,660.21,1566,53,1513,3.4,26,0,0,26,0.0,5,0,5,0.0,75,8,8,0,737,30,707,4.1,332.4,0.0,0.0,9,0,9,9.2,7,13,0,13,40.6,4,4,0.0,19.0,2022-06-02,2022-06-21,True
21b46d3c-e54f-487f-afe6-8be5b24d8826,ee737d4a-a954-44b9-b274-fdaede0ee0f9,2022-03-13,Initial Assessment / SIA,Notification,3,0,3,0.0,46,6,6,0,31.9,51,683.45,0.0,683.45,1566,0,1566,0.0,26,1,0,25,0.0,5,0,5,0.0,75,11,9,2,737,61,676,8.3,332.4,0.0,0.0,9,0,9,10.7,7,13,1,12,31.6,17,17,0.0,19.0,2022-06-02,2022-06-21,True
6a373793-b306-4908-9fea-c57392e9d332,ee737d4a-a954-44b9-b274-fdaede0ee0f9,2022-03-26,Initial Assessment / SIA,Notification,3,0,3,0.0,76,6,6,0,30.3,78,683.45,3.79,679.66,1566,8,1558,0.6,26,3,2,23,7.7,5,1,4,20.0,75,24,17,7,737,0,737,0.0,332.4,27.4,8.2,9,1,8,8.9,7,13,0,13,44.1,30,30,0.0,19.0,2022-06-02,2022-06-21,True
f0139fd9-5a8a-4140-9652-122a3e44ff2d,ee737d4a-a954-44b9-b274-fdaede0ee0f9,2022-05-05,Notification,Objection / Hearing,3,1,2,33.3,24,6,6,0,28.5,167,683.45,93.8,589.65,1566,214,1352,13.7,26,8,5,18,19.2,5,2,3,40.0,75,18,10,8,737,0,737,0.0,332.4,1.3,0.4,9,3,6,21.5,7,13,4,9,37.1,12,70,0.0,27.0,2022-07-08,2022-08-04,True
fbee4de6-a33e-460d-8730-71dd8977378a,ee737d4a-a954-44b9-b274-fdaede0ee0f9,2022-06-15,Notification,Objection / Hearing,3,1,2,33.3,88,6,4,2,20.8,55,683.45,251.1,432.35,1566,575,991,36.7,26,10,6,16,23.1,5,3,2,60.0,75,17,8,9,737,111,626,15.1,332.4,25.1,7.6,9,3,6,3.1,7,13,4,9,39.6,53,111,0.0,27.0,2022-07-08,2022-08-04,True
654204d2-5be7-48ea-b21e-9e6a1e974af1,ee737d4a-a954-44b9-b274-fdaede0ee0f9,2022-08-19,Land & Ownership Verification,Award / Valuation,3,2,1,66.7,50,6,3,3,15.7,61,683.45,429.24,254.21,1566,983,583,62.8,26,20,13,6,50.0,5,4,1,80.0,75,7,0,7,737,426,311,57.8,332.4,110.1,33.1,9,4,5,9.0,7,13,6,7,26.6,15,176,,,,,True
866750ab-d76a-4bf4-a2ec-417360e7012f,ee737d4a-a954-44b9-b274-fdaede0ee0f9,2022-09-03,Land & Ownership Verification,Award / Valuation,3,3,0,100.0,0,6,3,3,13.1,158,683.45,394.02,289.43,1566,902,664,57.7,26,23,14,3,53.8,5,5,0,100.0,75,6,0,6,737,386,351,52.4,332.4,231.5,69.6,9,7,2,17.1,7,13,8,5,32.4,30,191,,,,,True
ead0afc4-d65c-40c2-b555-ccdae02ab7d7,ee737d4a-a954-44b9-b274-fdaede0ee0f9,2022-10-19,Land & Ownership Verification,Award / Valuation,3,2,1,66.7,44,6,2,4,7.3,67,683.45,678.38,5.07,1566,1554,12,99.3,26,26,16,0,61.5,5,4,1,80.0,75,3,0,3,737,602,135,81.7,332.4,252.4,75.9,9,7,2,15.8,7,13,10,3,17.6,76,237,,,,,True
daf94bd9-3f6e-4b55-a3f3-e445e29a6ce6,ee737d4a-a954-44b9-b274-fdaede0ee0f9,2022-10-23,Land & Ownership Verification,Award / Valuation,3,2,1,66.7,78,6,1,5,5.1,165,683.45,649.07,34.38,1566,1487,79,95.0,26,25,16,1,61.5,5,5,0,100.0,75,2,0,2,737,737,0,100.0,332.4,312.9,94.1,9,9,0,7.7,7,13,11,2,11.7,80,241,,,,,True
e9550fd2-a90b-4d30-92ad-43ab37faa948,993c26b4-3be8-497d-9ebb-e992f9f3244f,2023-03-03,Notification,Objection / Hearing,12,0,12,0.0,77,12,11,1,34.4,169,1346.03,0.0,1346.03,406,0,406,0.0,27,3,1,24,3.7,5,1,4,20.0,55,14,9,5,317,43,274,13.6,381.1,0.0,0.0,8,0,8,22.7,5,8,1,7,43.9,15,65,0.0,13.0,2023-05-18,2023-05-31,True
cf851213-ba4f-41a6-afcb-d45c57aae5d2,993c26b4-3be8-497d-9ebb-e992f9f3244f,2023-08-05,Award / Valuation,Compensation Disbursement,12,4,8,33.3,42,12,8,4,24.9,89,1346.03,52.1,1293.93,406,15,391,3.9,27,9,6,18,22.2,5,2,3,40.0,55,12,5,7,317,0,317,0.0,381.1,36.0,9.4,8,3,5,8.5,5,8,1,7,29.1,12,220,0.0,17.0,2023-11-22,2023-12-09,True
2dd024bb-c36f-4c07-bda3-7b1a6fca3055,993c26b4-3be8-497d-9ebb-e992f9f3244f,2023-08-21,Compensation Disbursement,Rehabilitation & Resettlement,12,6,6,50.0,63,12,11,1,32.2,60,1346.03,352.17,993.86,406,106,300,26.2,27,10,6,17,22.2,5,2,3,40.0,55,11,1,10,317,28,289,8.8,381.1,0.0,0.0,8,2,6,15.7,5,8,2,6,42.4,0,236,1.0,34.0,2024-02-04,2024-03-09,True
92268853-b37f-4709-bd1b-0bffb891fccb,993c26b4-3be8-497d-9ebb-e992f9f3244f,2023-11-13,Compensation Disbursement,Rehabilitation & Resettlement,12,8,4,66.7,30,12,7,5,20.9,110,1346.03,525.48,820.55,406,158,248,39.0,27,12,8,15,29.6,5,3,2,60.0,55,7,0,7,317,108,209,34.1,381.1,72.6,19.1,8,4,4,23.1,5,8,2,6,24.7,84,320,1.0,34.0,2024-02-04,2024-03-09,True
d4ac1007-d620-4eef-9043-4c0592f38028,993c26b4-3be8-497d-9ebb-e992f9f3244f,2024-03-13,Possession,Acquisition Completion,12,12,0,100.0,0,12,6,6,16.5,97,1346.03,1067.41,278.62,406,321,85,79.3,27,27,18,0,66.7,5,4,1,80.0,55,6,0,6,317,201,116,63.4,381.1,228.6,60.0,8,6,2,13.8,5,8,4,4,32.7,4,441,1.0,43.0,2024-06-28,2024-08-10,True
abb26a2d-c7d9-4a2a-a17c-89f8cdb73073,993c26b4-3be8-497d-9ebb-e992f9f3244f,2024-03-16,Possession,Acquisition Completion,12,12,0,100.0,0,12,6,6,16.9,105,1346.03,835.39,510.64,406,251,155,62.1,27,23,15,4,55.6,5,5,0,100.0,55,7,0,7,317,237,80,74.8,381.1,256.0,67.2,8,5,3,11.1,5,8,5,3,22.3,7,444,1.0,43.0,2024-06-28,2024-08-10,True
d28f339e-b098-4658-bd21-919d24ce9b6c,993c26b4-3be8-497d-9ebb-e992f9f3244f,2024-04-16,Possession,Acquisition Completion,12,12,0,100.0,0,12,4,8,12.3,48,1346.03,1017.55,328.48,406,306,100,75.6,27,25,16,2,59.3,5,4,1,80.0,55,2,0,2,317,190,127,59.9,381.1,248.8,65.3,8,6,2,24.0,5,8,6,2,11.4,38,475,1.0,43.0,2024-06-28,2024-08-10,True
61b977c3-eb39-4d0c-9bcc-a951c3919715,993c26b4-3be8-497d-9ebb-e992f9f3244f,2024-06-19,Acquisition Completion,,12,12,0,100.0,0,12,2,10,6.2,150,1346.03,1130.31,215.72,406,340,66,84.0,27,27,17,0,63.0,5,4,1,80.0,55,4,0,4,317,255,62,80.4,381.1,267.1,70.1,8,7,1,14.4,5,8,7,1,34.6,63,539,,,,,True
9c5b067e-09dc-4d14-a94f-09ca4c9bcb54,993c26b4-3be8-497d-9ebb-e992f9f3244f,2024-07-22,Acquisition Completion,,12,11,1,91.7,26,12,3,9,8.1,91,1346.03,1294.26,51.77,406,390,16,96.2,27,27,20,0,74.1,5,4,1,80.0,55,1,0,1,317,265,52,83.6,381.1,323.7,84.9,8,8,0,6.7,5,8,5,3,9.6,96,572,,,,,True
362728bc-c9f5-4432-8e7b-4fe089ccb8ee,eef2e424-0470-463e-88fd-b74a98d83f16,2022-06-14,Initial Assessment / SIA,Notification,11,0,11,0.0,87,8,8,0,42.4,98,2166.62,0.0,2166.62,1895,0,1895,0.0,11,1,0,10,0.0,4,0,4,0.0,68,9,8,1,439,14,425,3.2,443.7,10.0,2.3,11,0,11,13.2,6,8,0,8,28.3,48,48,1.0,66.0,2022-10-07,2022-12-12,True
886f8c6e-5a02-45b7-9adf-06b1f37184df,eef2e424-0470-463e-88fd-b74a98d83f16,2022-07-04,Initial Assessment / SIA,Notification,11,0,11,0.0,51,8,8,0,44.0,106,2166.62,0.0,2166.62,1895,0,1895,0.0,11,0,0,11,0.0,4,0,4,0.0,68,8,8,0,439,60,379,13.7,443.7,74.9,16.9,11,0,11,28.7,6,8,0,8,18.6,68,68,1.0,66.0,2022-10-07,2022-12-12,True
f735e248-1cd1-46be-aa4f-2ac983cc1313,eef2e424-0470-463e-88fd-b74a98d83f16,2023-08-01,Award / Valuation,Compensation Disbursement,11,7,4,63.6,66,8,6,2,29.5,86,2166.62,841.31,1325.31,1895,735,1160,38.8,11,5,4,6,36.4,4,1,3,25.0,68,8,1,7,439,171,268,39.0,443.7,47.9,10.8,11,5,6,22.8,6,8,2,6,5.3,41,461,1.0,248.0,2023-06-28,2024-03-02,True
383cc0c0-79d9-420d-b03f-a8bc4ef33612,eef2e424-0470-463e-88fd-b74a98d83f16,2023-11-10,Compensation Disbursement,Rehabilitation & Resettlement,11,8,3,72.7,53,8,3,5,16.5,25,2166.62,1342.92,823.7,1895,1174,721,62.0,11,6,4,5,36.4,4,2,2,50.0,68,8,0,8,439,128,311,29.2,443.7,111.6,25.2,11,5,6,23.6,6,8,2,6,19.4,59,562,1.0,291.0,2023-09-08,2024-06-25,True
c0db40f8-09ce-40cb-81a8-399ca230ce72,eef2e424-0470-463e-88fd-b74a98d83f16,2023-12-10,Compensation Disbursement,Rehabilitation & Resettlement,11,8,3,72.7,61,8,5,3,22.2,72,2166.62,1163.2,1003.42,1895,1017,878,53.7,11,6,4,5,36.4,4,3,1,75.0,68,5,0,5,439,138,301,31.4,443.7,143.5,32.3,11,6,5,25.3,6,8,4,4,9.9,89,592,1.0,291.0,2023-09-08,2024-06-25,True
25b60ac1-b345-4c24-bacb-58bd08762633,eef2e424-0470-463e-88fd-b74a98d83f16,2023-12-16,Compensation Disbursement,Rehabilitation & Resettlement,11,8,3,72.7,42,8,4,4,21.8,60,2166.62,676.75,1489.87,1895,591,1304,31.2,11,6,3,5,27.3,4,3,1,75.0,68,7,0,7,439,195,244,44.4,443.7,113.4,25.6,11,7,4,14.4,6,8,3,5,9.8,95,598,1.0,291.0,2023-09-08,2024-06-25,True
45a5938d-b3b7-4de4-a1d3-7c9827f54f57,eef2e424-0470-463e-88fd-b74a98d83f16,2024-05-19,Rehabilitation & Resettlement,Possession,11,8,3,72.7,22,8,4,4,18.2,27,2166.62,1501.02,665.6,1895,1312,583,69.3,11,9,5,2,45.5,4,4,0,100.0,68,12,0,12,439,241,198,54.9,443.7,224.4,50.6,11,9,2,7.0,6,8,5,3,43.5,78,753,1.0,332.0,2023-11-23,2024-10-20,True
f77cb20b-c2b0-48d8-83f0-a90a32de66f2,eef2e424-0470-463e-88fd-b74a98d83f16,2025-02-23,Acquisition Completion,,11,11,0,100.0,0,8,2,6,8.9,16,2166.62,2166.62,0.0,1895,1895,0,100.0,11,10,8,1,72.7,4,3,1,75.0,68,0,0,0,439,338,101,77.0,443.7,378.5,85.3,11,10,1,16.1,6,8,4,4,25.4,126,1033,,,,,True
4a717b35-fd3e-4d97-b804-cf921d2d63f3,bb894fbb-8032-4d0a-aa82-9988b79d9137,2022-04-13,Initial Assessment / SIA,Notification,14,0,14,0.0,44,18,18,0,16.0,41,198.49,3.02,195.47,602,9,593,1.5,10,0,0,10,0.0,7,0,7,0.0,84,26,21,5,335,0,335,0.0,159.5,1.6,1.0,9,0,9,23.1,3,3,0,3,40.7,44,44,0.0,29.0,2022-07-06,2022-08-04,True
c132ffc4-0ddd-4a61-a82d-de00b190a1f2,bb894fbb-8032-4d0a-aa82-9988b79d9137,2022-06-16,Notification,Objection / Hearing,14,3,11,21.4,25,18,16,2,13.9,159,198.49,0.0,198.49,602,0,602,0.0,10,0,0,10,0.0,7,0,7,0.0,84,22,19,3,335,12,323,3.6,159.5,17.7,11.1,9,1,8,7.5,3,3,0,3,15.4,40,108,1.0,36.0,2022-10-28,2022-12-03,True
3691723a-b72b-4c41-a3c0-fa5fba0b870c,bb894fbb-8032-4d0a-aa82-9988b79d9137,2022-07-11,Notification,Objection / Hearing,14,5,9,35.7,89,18,16,2,13.4,78,198.49,31.98,166.51,602,96,506,16.1,10,1,0,9,0.0,7,1,6,14.3,84,29,23,6,335,36,299,10.7,159.5,1.7,1.1,9,1,8,26.2,3,3,0,3,43.3,65,133,1.0,36.0,2022-10-28,2022-12-03,True
4cb7f6eb-b319-48b3-bf0f-096c01f107d4,bb894fbb-8032-4d0a-aa82-9988b79d9137,2022-10-03,Objection / Hearing,Land & Ownership Verification,14,5,9,35.7,35,18,15,3,13.0,152,198.49,0.09,198.4,602,0,602,0.0,10,1,0,9,0.0,7,3,4,42.9,84,16,11,5,335,0,335,0.0,159.5,11.7,7.3,9,3,6,4.0,3,3,0,3,6.1,60,217,1.0,63.0,2023-02-11,2023-04-15,True
a4787e3a-3ebf-4e27-9153-afc93edb10e2,bb894fbb-8032-4d0a-aa82-9988b79d9137,2022-11-11,Objection / Hearing,Land & Ownership Verification,14,6,8,42.9,50,18,12,6,10.4,133,198.49,26.35,172.14,602,79,523,13.3,10,2,1,8,10.0,7,2,5,28.6,84,11,5,6,335,27,308,8.1,159.5,0.0,0.0,9,2,7,19.8,3,3,0,3,7.2,99,256,1.0,63.0,2023-02-11,2023-04-15,True
5a4326e4-1224-453e-acb4-ad6f272ab14f,bb894fbb-8032-4d0a-aa82-9988b79d9137,2023-04-16,Award / Valuation,Compensation Disbursement,14,9,5,64.3,30,18,13,5,10.8,156,198.49,77.58,120.91,602,235,367,39.1,10,3,2,7,20.0,7,5,2,71.4,84,7,0,7,335,107,228,31.9,159.5,19.5,12.2,9,3,6,5.6,3,3,0,3,25.0,1,412,1.0,96.0,2023-07-22,2023-10-26,True
b88ce493-012c-4a81-ac47-676bcee5fab3,bb894fbb-8032-4d0a-aa82-9988b79d9137,2023-07-12,Award / Valuation,Compensation Disbursement,14,12,2,85.7,35,18,10,8,8.2,112,198.49,113.67,84.82,602,344,258,57.3,10,8,4,2,40.0,7,5,2,71.4,84,6,1,5,335,186,149,55.5,159.5,54.7,34.3,9,5,4,16.2,3,3,1,2,29.3,88,499,1.0,96.0,2023-07-22,2023-10-26,True
2f50dd72-4279-4fa5-9d9a-28e0e5c12362,bb894fbb-8032-4d0a-aa82-9988b79d9137,2023-12-02,Rehabilitation & Resettlement,Possession,14,14,0,100.0,0,18,7,11,5.7,46,198.49,184.76,13.73,602,560,42,93.1,10,8,4,2,40.0,7,6,1,85.7,84,2,0,2,335,201,134,60.0,159.5,116.0,72.7,9,7,2,8.5,3,3,2,1,28.9,37,642,1.0,118.0,2023-10-21,2024-02-16,True
9ff6f723-7250-4fd4-880d-fc2743a3b296,bb894fbb-8032-4d0a-aa82-9988b79d9137,2024-02-23,Acquisition Completion,,14,13,1,92.9,68,18,6,12,5.2,30,198.49,166.65,31.84,602,505,97,84.0,10,10,7,0,70.0,7,6,1,85.7,84,4,0,4,335,309,26,92.2,159.5,141.6,88.8,9,7,2,3.9,3,3,2,1,43.7,7,725,,,,,True
c6c1da56-96c4-4484-b00d-ee5a28795c6a,bb894fbb-8032-4d0a-aa82-9988b79d9137,2024-02-26,Acquisition Completion,,14,12,2,85.7,39,18,5,13,4.0,137,198.49,144.93,53.56,602,439,163,73.0,10,10,7,0,70.0,7,7,0,100.0,84,1,0,1,335,291,44,86.9,159.5,126.0,79.0,9,8,1,23.1,3,3,2,1,13.7,10,728,,,,,True
d51e4cf6-1a2a-4ce2-86ac-0e5d55aaf589,161ee60d-d91d-4253-9acd-969b167e0b32,2020-09-14,Initial Assessment / SIA,Notification,8,0,8,0.0,8,3,3,0,38.5,29,1782.7,0.0,1782.7,1709,0,1709,0.0,29,0,0,29,0.0,9,0,9,0.0,95,34,34,0,843,58,785,6.9,385.1,0.0,0.0,16,0,16,25.6,7,3,0,3,19.4,20,20,1.0,62.0,2021-02-04,2021-04-07,True
e0c3d301-9fb2-4bff-8479-fe5e20c71565,161ee60d-d91d-4253-9acd-969b167e0b32,2020-09-23,Initial Assessment / SIA,Notification,8,0,8,0.0,87,3,3,0,38.3,132,1782.7,148.61,1634.09,1709,142,1567,8.3,29,3,2,26,6.9,9,1,8,11.1,95,11,9,2,843,69,774,8.2,385.1,0.0,0.0,16,0,16,16.4,7,3,0,3,42.3,29,29,1.0,62.0,2021-02-04,2021-04-07,True
8a42667c-90de-484d-bbbe-5ee3a30cc196,161ee60d-d91d-4253-9acd-969b167e0b32,2020-10-14,Initial Assessment / SIA,Notification,8,1,7,12.5,23,3,3,0,36.7,87,1782.7,51.38,1731.32,1709,49,1660,2.9,29,4,3,25,10.3,9,0,9,0.0,95,33,32,1,843,0,843,0.0,385.1,7.8,2.0,16,0,16,7.3,7,3,0,3,32.5,50,50,1.0,62.0,2021-02-04,2021-04-07,True
29bc3956-786b-47e5-90f2-2c2484912cc8,161ee60d-d91d-4253-9acd-969b167e0b32,2021-06-17,Objection / Hearing,Land & Ownership Verification,8,4,4,50.0,51,3,3,0,31.7,54,1782.7,38.54,1744.16,1709,36,1673,2.2,29,9,6,20,20.7,9,1,8,11.1,95,12,4,8,843,0,843,0.0,385.1,0.0,0.0,16,6,10,12.8,7,3,0,3,22.4,71,296,1.0,199.0,2021-09-15,2022-04-02,True
2a2294d6-c797-4d56-949c-ecf909ebaa54,161ee60d-d91d-4253-9acd-969b167e0b32,2023-02-24,Possession,Acquisition Completion,8,7,1,87.5,31,3,1,2,4.1,88,1782.7,1722.9,59.8,1709,1651,58,96.6,29,26,14,3,48.3,9,9,0,100.0,95,10,0,10,843,649,194,77.0,385.1,310.6,80.7,16,15,1,18.6,7,3,1,2,33.2,78,913,1.0,317.0,2022-07-04,2023-05-17,True
a07db77a-ad31-4dd1-9405-a441766d4436,161ee60d-d91d-4253-9acd-969b167e0b32,2023-04-21,Acquisition Completion,,8,7,1,87.5,31,3,2,1,13.4,158,1782.7,1603.96,178.74,1709,1537,172,90.0,29,29,23,0,79.3,9,9,0,100.0,95,3,0,3,843,797,46,94.5,385.1,318.9,82.8,16,15,1,24.9,7,3,2,1,36.1,23,969,,,,,True
27853b90-0395-4d26-bf5f-385d51b47596,9a99b42f-aacb-4c00-91d3-8f60c76698ed,2022-10-01,Objection / Hearing,Land & Ownership Verification,11,4,7,36.4,79,7,4,3,2.2,80,38.79,1.96,36.83,1013,51,962,5.1,23,7,4,16,17.4,5,1,4,20.0,61,12,4,8,700,0,700,0.0,45.1,2.9,6.4,21,7,14,21.6,5,18,5,13,12.3,53,435,1.0,330.0,2022-06-23,2023-05-19,True
0494d763-6d45-451e-821f-bdd60e7c6958,9a99b42f-aacb-4c00-91d3-8f60c76698ed,2023-10-14,Award / Valuation,Compensation Disbursement,11,7,4,63.6,58,7,4,3,2.4,77,38.79,22.24,16.55,1013,580,433,57.3,23,15,10,8,43.5,5,4,1,80.0,61,9,0,9,700,291,409,41.6,45.1,14.5,32.2,21,14,7,15.3,5,18,9,9,18.1,148,813,1.0,458.0,2022-10-13,2024-01-14,True
24170c52-dbef-4628-b344-04e7194b854e,9a99b42f-aacb-4c00-91d3-8f60c76698ed,2023-12-30,Compensation Disbursement,Rehabilitation & Resettlement,11,10,1,90.9,49,7,4,3,2.3,84,38.79,20.43,18.36,1013,533,480,52.7,23,15,9,8,39.1,5,5,0,100.0,61,4,1,3,700,373,327,53.3,45.1,16.5,36.6,21,12,9,15.2,5,18,11,7,33.1,73,890,1.0,484.0,2023-01-09,2024-05-07,True
19e642d2-0cbf-4edf-8d65-9661de07265d,9a99b42f-aacb-4c00-91d3-8f60c76698ed,2024-02-26,Rehabilitation & Resettlement,Possession,11,9,2,81.8,40,7,2,5,1.0,165,38.79,27.49,11.3,1013,717,296,70.9,23,15,10,8,43.5,5,4,1,80.0,61,6,0,6,700,375,325,53.6,45.1,19.8,43.9,21,16,5,5.7,5,18,9,9,44.4,43,948,1.0,576.0,2023-03-08,2024-10-04,True
c679e8d9-0d50-4263-8109-e15a9cdf5d6b,9a99b42f-aacb-4c00-91d3-8f60c76698ed,2024-03-04,Rehabilitation & Resettlement,Possession,11,11,0,100.0,0,7,3,4,1.4,161,38.79,30.91,7.88,1013,807,206,79.7,23,17,11,6,47.8,5,5,0,100.0,61,7,0,7,700,471,229,67.3,45.1,21.9,48.6,21,14,7,29.8,5,18,11,7,10.7,50,955,1.0,576.0,2023-03-08,2024-10-04,True
e271cb64-2b3e-409f-baf1-b9c59b97c1a5,4c7a298a-b57c-465c-88c0-33e3a4031cdd,2022-04-13,Initial Assessment / SIA,Notification,7,0,7,0.0,89,0,0,0,17.6,0,748.34,0.0,748.34,853,0,853,0.0,21,3,2,18,9.5,3,0,3,0.0,65,19,18,1,464,0,464,0.0,187.1,0.0,0.0,14,0,14,17.5,4,3,0,3,10.1,34,34,1.0,43.0,2022-09-23,2022-11-05,True
6ae919de-5755-4150-a08a-7e3de96f0af1,4c7a298a-b57c-465c-88c0-33e3a4031cdd,2022-04-29,Initial Assessment / SIA,Notification,7,1,6,14.3,21,0,0,0,17.8,0,748.34,58.12,690.22,853,66,787,7.8,21,2,1,19,4.8,3,0,3,0.0,65,19,14,5,464,4,460,0.9,187.1,0.3,0.2,14,1,13,16.7,4,3,0,3,6.6,50,50,1.0,43.0,2022-09-23,2022-11-05,True
d314af4b-519d-4cad-81c4-ff9e7585fef7,4c7a298a-b57c-465c-88c0-33e3a4031cdd,2022-07-04,Notification,Objection / Hearing,7,1,6,14.3,32,0,0,0,17.0,0,748.34,0.0,748.34,853,0,853,0.0,21,5,3,16,14.3,3,0,3,0.0,65,17,12,5,464,9,455,1.9,187.1,0.0,0.0,14,1,13,23.4,4,3,0,3,28.4,6,116,1.0,43.0,2022-11-14,2022-12-27,True
79541157-bd82-4566-9573-92375f8f6ffa,4c7a298a-b57c-465c-88c0-33e3a4031cdd,2022-07-11,Notification,Objection / Hearing,7,1,6,14.3,48,0,0,0,18.6,0,748.34,0.0,748.34,853,0,853,0.0,21,1,0,20,0.0,3,0,3,0.0,65,14,11,3,464,0,464,0.0,187.1,0.0,0.0,14,1,13,11.2,4,3,0,3,31.2,13,123,1.0,43.0,2022-11-14,2022-12-27,True
d08200e2-7413-421c-a444-491fbcfbaae1,4c7a298a-b57c-465c-88c0-33e3a4031cdd,2023-02-11,Award / Valuation,Compensation Disbursement,7,4,3,57.1,61,0,0,0,15.7,0,748.34,202.76,545.58,853,231,622,27.1,21,9,7,12,33.3,3,2,1,66.7,65,6,1,5,464,86,378,18.5,187.1,19.3,10.3,14,7,7,7.3,4,3,0,3,34.0,1,338,1.0,60.0,2023-04-25,2023-06-24,True
72910982-35ec-47be-b816-102e3221423d,4c7a298a-b57c-465c-88c0-33e3a4031cdd,2023-02-24,Award / Valuation,Compensation Disbursement,7,3,4,42.9,42,0,0,0,10.8,0,748.34,213.47,534.87,853,243,610,28.5,21,10,7,11,33.3,3,2,1,66.7,65,5,0,5,464,156,308,33.6,187.1,9.8,5.2,14,6,8,13.6,4,3,0,3,18.2,14,351,1.0,60.0,2023-04-25,2023-06-24,True
69017600-917b-4ea9-8c05-4484730f649c,4c7a298a-b57c-465c-88c0-33e3a4031cdd,2023-11-11,Possession,Acquisition Completion,7,6,1,85.7,75,0,0,0,6.4,0,748.34,502.75,245.59,853,573,280,67.2,21,18,13,3,61.9,3,3,0,100.0,65,5,0,5,464,307,157,66.2,187.1,93.3,49.9,14,12,2,23.1,4,3,2,1,35.4,13,611,1.0,150.0,2023-11-22,2024-04-20,True
1bc65beb-b0ec-4f93-ba41-42493adb0197,36c852b2-0f07-4978-a1b5-52e1e650b3d0,2023-03-13,Initial Assessment / SIA,Notification,7,0,7,0.0,20,11,11,0,38.0,45,1079.07,26.33,1052.74,1800,43,1757,2.4,13,0,0,13,0.0,8,0,8,0.0,9,0,0,0,485,25,460,5.2,380.0,0.0,0.0,13,0,13,21.2,7,4,0,4,39.8,18,18,1.0,39.0,2023-09-20,2023-10-29,True
e1928abd-ec7a-4bc8-95b4-c091ed3abbdc,36c852b2-0f07-4978-a1b5-52e1e650b3d0,2023-03-21,Initial Assessment / SIA,Notification,7,0,7,0.0,39,11,10,1,34.2,61,1079.07,186.11,892.96,1800,310,1490,17.2,13,0,0,13,0.0,8,0,8,0.0,9,2,2,0,485,12,473,2.5,380.0,0.0,0.0,13,0,13,10.6,7,4,0,4,39.2,26,26,1.0,39.0,2023-09-20,2023-10-29,True
ba4dcacf-6856-4ddf-804c-8e0c24d912d6,36c852b2-0f07-4978-a1b5-52e1e650b3d0,2023-07-22,Notification,Objection / Hearing,7,1,6,14.3,53,11,10,1,31.4,79,1079.07,0.0,1079.07,1800,0,1800,0.0,13,2,1,11,7.7,8,2,6,25.0,9,2,2,0,485,27,458,5.6,380.0,29.9,7.9,13,3,10,16.3,7,4,0,4,31.2,16,149,1.0,54.0,2023-12-31,2024-02-23,True
7b8d14db-00e2-464a-8b7a-9fb51a7095d9,36c852b2-0f07-4978-a1b5-52e1e650b3d0,2023-09-19,Notification,Objection / Hearing,7,3,4,42.9,62,11,9,2,28.7,52,1079.07,109.07,970.0,1800,181,1619,10.1,13,3,1,10,7.7,8,2,6,25.0,9,0,0,0,485,28,457,5.8,380.0,95.2,25.1,13,1,12,4.4,7,4,1,3,36.3,75,208,1.0,54.0,2023-12-31,2024-02-23,True
f06a11e4-191b-4bef-89dd-1e339de3b471,36c852b2-0f07-4978-a1b5-52e1e650b3d0,2023-10-01,Notification,Objection / Hearing,7,2,5,28.6,68,11,7,4,24.1,37,1079.07,154.17,924.9,1800,257,1543,14.3,13,3,1,10,7.7,8,3,5,37.5,9,1,1,0,485,2,483,0.4,380.0,28.5,7.5,13,3,10,14.3,7,4,0,4,10.9,87,220,1.0,54.0,2023-12-31,2024-02-23,True
484ca1c6-c97d-4d65-9070-73d3d38c519a,36c852b2-0f07-4978-a1b5-52e1e650b3d0,2023-10-27,Notification,Objection / Hearing,7,2,5,28.6,87,11,10,1,32.2,10,1079.07,67.74,1011.33,1800,112,1688,6.3,13,4,2,9,15.4,8,3,5,37.5,9,2,1,1,485,0,485,0.0,380.0,44.6,11.7,13,3,10,17.1,7,4,0,4,8.9,113,246,1.0,54.0,2023-12-31,2024-02-23,True
8028fb4b-00bf-43f5-93b7-42859b7d9088,36c852b2-0f07-4978-a1b5-52e1e650b3d0,2023-11-27,Objection / Hearing,Land & Ownership Verification,7,2,5,28.6,72,11,9,2,27.8,136,1079.07,131.45,947.62,1800,219,1581,12.2,13,5,3,8,23.1,8,3,5,37.5,9,1,1,0,485,23,462,4.7,380.0,0.0,0.0,13,4,9,15.7,7,4,1,3,8.8,29,277,1.0,60.0,2024-04-15,2024-06-14,True
78580bcb-15b9-422e-8e92-55563b2b8f11,36c852b2-0f07-4978-a1b5-52e1e650b3d0,2024-10-03,Compensation Disbursement,Rehabilitation & Resettlement,7,6,1,85.7,57,11,5,6,14.1,151,1079.07,638.71,440.36,1800,1065,735,59.2,13,8,6,5,46.2,8,8,0,100.0,9,1,0,1,485,274,211,56.5,380.0,134.7,35.4,13,8,5,17.5,7,4,2,2,22.6,33,588,1.0,126.0,2024-10-24,2025-02-27,True
01c41c4e-cd49-47a9-a85e-1b19e611f286,36c852b2-0f07-4978-a1b5-52e1e650b3d0,2025-03-23,Possession,Acquisition Completion,7,7,0,100.0,0,11,4,7,12.6,62,1079.07,854.65,224.42,1800,1425,375,79.2,13,12,8,1,61.5,8,8,0,100.0,9,0,0,0,485,436,49,89.9,380.0,224.7,59.1,13,10,3,11.2,7,4,3,1,39.4,24,759,1.0,157.0,2025-02-04,2025-07-11,True
fe0df15f-d926-421f-8b39-13e6f9d2f3b5,36c852b2-0f07-4978-a1b5-52e1e650b3d0,2025-05-14,Acquisition Completion,,7,6,1,85.7,31,11,4,7,12.5,138,1079.07,1033.61,45.46,1800,1724,76,95.8,13,13,10,0,76.9,8,6,2,75.0,9,0,0,0,485,461,24,95.1,380.0,308.1,81.1,13,11,2,5.5,7,4,3,1,8.6,0,811,,,,,True
ce07d693-3037-4796-8e49-04517b6e140f,1f2d5399-efc2-4619-85cd-40a513a09091,2023-07-16,Notification,Objection / Hearing,13,3,10,23.1,88,11,11,0,9.5,142,103.89,3.63,100.26,1553,54,1499,3.5,7,0,0,7,0.0,5,1,4,20.0,19,2,2,0,1064,0,1064,0.0,100.2,4.0,4.0,4,0,4,8.3,7,19,1,18,16.9,78,123,0.0,28.0,2023-08-21,2023-09-18,True
822100b6-fb0e-4cff-8e8c-c0b0f0a3a79e,1f2d5399-efc2-4619-85cd-40a513a09091,2023-10-28,Land & Ownership Verification,Award / Valuation,13,6,7,46.2,66,11,8,3,7.1,107,103.89,6.07,97.82,1553,90,1463,5.8,7,2,1,5,14.3,5,2,3,40.0,19,2,1,1,1064,141,923,13.3,100.2,0.0,0.0,4,1,3,5.1,7,19,6,13,10.6,40,227,1.0,47.0,2023-12-29,2024-02-14,True
403726e2-d175-4a54-8fbb-1659ee201cf3,1f2d5399-efc2-4619-85cd-40a513a09091,2024-01-01,Land & Ownership Verification,Award / Valuation,13,8,5,61.5,64,11,7,4,6.1,175,103.89,32.52,71.37,1553,486,1067,31.3,7,3,2,4,28.6,5,3,2,60.0,19,2,1,1,1064,257,807,24.2,100.2,4.7,4.7,4,2,2,19.6,7,19,9,10,5.6,105,292,1.0,47.0,2023-12-29,2024-02-14,True
99c73f5a-4ec2-4624-9fb8-d50e1f9e41ac,1f2d5399-efc2-4619-85cd-40a513a09091,2024-01-09,Land & Ownership Verification,Award / Valuation,13,7,6,53.8,10,11,7,4,6.0,111,103.89,30.93,72.96,1553,462,1091,29.8,7,4,2,3,28.6,5,3,2,60.0,19,3,1,2,1064,286,778,26.9,100.2,13.2,13.2,4,1,3,25.3,7,19,9,10,16.3,113,300,1.0,47.0,2023-12-29,2024-02-14,True
4427fe8b-641a-47c2-92fe-546da56060ad,1f2d5399-efc2-4619-85cd-40a513a09091,2024-01-16,Award / Valuation,Compensation Disbursement,13,6,7,46.2,61,11,6,5,5.2,116,103.89,33.41,70.48,1553,499,1054,32.2,7,3,2,4,28.6,5,3,2,60.0,19,3,2,1,1064,38,1026,3.6,100.2,3.6,3.6,4,2,2,23.1,7,19,7,12,21.2,5,307,1.0,52.0,2024-02-03,2024-03-26,True
548b5814-d7e0-469f-b81b-df094dd290d7,1f2d5399-efc2-4619-85cd-40a513a09091,2024-04-19,Rehabilitation & Resettlement,Possession,13,11,2,84.6,28,11,7,4,5.7,121,103.89,67.21,36.68,1553,1004,549,64.7,7,5,3,2,42.9,5,4,1,80.0,19,2,0,2,1064,559,505,52.5,100.2,35.1,35.0,4,2,2,27.6,7,19,9,10,32.6,24,401,1.0,67.0,2024-07-02,2024-09-07,True
43f65cae-06d1-4ffa-960a-b96fc3eec9a1,1f2d5399-efc2-4619-85cd-40a513a09091,2024-04-29,Rehabilitation & Resettlement,Possession,13,10,3,76.9,12,11,8,3,6.4,35,103.89,62.57,41.32,1553,935,618,60.2,7,4,2,3,28.6,5,5,0,100.0,19,2,0,2,1064,580,484,54.5,100.2,31.7,31.6,4,2,2,8.4,7,19,10,9,41.4,34,411,1.0,67.0,2024-07-02,2024-09-07,True
75d41486-854c-4c65-b12b-40264bcb4518,1f2d5399-efc2-4619-85cd-40a513a09091,2024-06-27,Possession,Acquisition Completion,13,13,0,100.0,0,11,6,5,5.3,40,103.89,73.43,30.46,1553,1097,456,70.7,7,5,3,2,42.9,5,5,0,100.0,19,0,0,0,1064,443,621,41.6,100.2,37.7,37.6,4,2,2,21.8,7,19,11,8,35.9,10,470,1.0,85.0,2024-10-07,2024-12-31,True
3eaadf93-f1e4-4523-916c-e1d906b3a830,1f2d5399-efc2-4619-85cd-40a513a09091,2024-10-14,Acquisition Completion,,13,13,0,100.0,0,11,3,8,2.7,156,103.89,93.64,10.25,1553,1399,154,90.1,7,6,4,1,57.1,5,5,0,100.0,19,0,0,0,1064,959,105,90.1,100.2,76.6,76.4,4,2,2,26.1,7,19,13,6,36.4,37,579,,,,,True
1fc48084-34ad-496c-a20d-815ba5509a8f,1f2d5399-efc2-4619-85cd-40a513a09091,2024-11-14,Acquisition Completion,,13,13,0,100.0,0,11,5,6,3.7,48,103.89,103.89,0.0,1553,1553,0,100.0,7,6,4,1,57.1,5,5,0,100.0,19,1,0,1,1064,870,194,81.8,100.2,51.7,51.6,4,3,1,24.7,7,19,12,7,30.2,68,610,,,,,True
1899df7a-ebcc-42a3-ab1c-6a84390b1181,2a24ccd7-c9f6-4cf7-bf98-e6b4c9cd8d52,2021-06-06,Initial Assessment / SIA,Notification,7,0,7,0.0,88,8,8,0,33.7,12,1447.72,176.75,1270.97,216,26,190,12.2,19,3,2,16,10.5,7,0,7,0.0,16,5,5,0,131,4,127,3.1,366.1,9.6,2.6,16,0,16,29.7,5,4,0,4,9.2,59,59,0.0,20.0,2021-08-09,2021-08-29,True
775c4d06-b684-4743-96e8-a97bdc99c70c,2a24ccd7-c9f6-4cf7-bf98-e6b4c9cd8d52,2021-06-13,Initial Assessment / SIA,Notification,7,0,7,0.0,70,8,7,1,31.6,83,1447.72,22.97,1424.75,216,3,213,1.6,19,1,0,18,0.0,7,0,7,0.0,16,2,2,0,131,0,131,0.0,366.1,0.7,0.2,16,1,15,27.3,5,4,0,4,26.8,66,66,0.0,20.0,2021-08-09,2021-08-29,True
bbe381f4-367c-47fe-9ac0-0b0a6904d9bf,2a24ccd7-c9f6-4cf7-bf98-e6b4c9cd8d52,2021-08-05,Notification,Objection / Hearing,7,1,6,14.3,85,8,7,1,28.8,62,1447.72,0.0,1447.72,216,0,216,0.0,19,5,3,14,15.8,7,1,6,14.3,16,3,2,1,131,8,123,6.1,366.1,30.5,8.3,16,1,15,24.9,5,4,0,4,12.4,11,119,1.0,45.0,2021-11-16,2021-12-31,True
5b0da46b-c824-42d6-a7da-88f39cf0f739,2a24ccd7-c9f6-4cf7-bf98-e6b4c9cd8d52,2021-10-08,Objection / Hearing,Land & Ownership Verification,7,1,6,14.3,62,8,8,0,32.9,14,1447.72,138.29,1309.43,216,20,196,9.6,19,5,3,14,15.8,7,2,5,28.6,16,2,1,1,131,3,128,2.3,366.1,25.0,6.8,16,5,11,17.8,5,4,0,4,26.8,40,183,1.0,73.0,2022-01-22,2022-04-05,True
29af967e-fc96-422f-8d76-1d5cd6e672b6,2a24ccd7-c9f6-4cf7-bf98-e6b4c9cd8d52,2021-12-20,Objection / Hearing,Land & Ownership Verification,7,2,5,28.6,42,8,6,2,25.0,42,1447.72,26.52,1421.2,216,3,213,1.8,19,7,4,12,21.1,7,3,4,42.9,16,2,1,1,131,1,130,0.8,366.1,51.1,14.0,16,4,12,26.4,5,4,1,3,41.5,113,256,1.0,73.0,2022-01-22,2022-04-05,True
5790a12e-f6dc-4de8-bd62-b7df707ad743,2a24ccd7-c9f6-4cf7-bf98-e6b4c9cd8d52,2022-08-06,Compensation Disbursement,Rehabilitation & Resettlement,7,4,3,57.1,32,8,5,3,22.7,35,1447.72,704.67,743.05,216,105,111,48.7,19,11,7,8,36.8,7,6,1,85.7,16,1,0,1,131,62,69,47.3,366.1,121.3,33.1,16,10,6,23.7,5,4,1,3,15.5,11,485,1.0,152.0,2022-08-05,2023-01-04,True
c525a005-41c9-4951-8662-7015ad41cb57,2a24ccd7-c9f6-4cf7-bf98-e6b4c9cd8d52,2022-10-13,Compensation Disbursement,Rehabilitation & Resettlement,7,6,1,85.7,57,8,5,3,19.8,178,1447.72,786.62,661.1,216,117,99,54.3,19,12,9,7,47.4,7,7,0,100.0,16,1,0,1,131,66,65,50.4,366.1,193.0,52.7,16,10,6,21.6,5,4,2,2,25.7,79,553,1.0,152.0,2022-08-05,2023-01-04,True
e0ce5b30-d7d5-4853-8321-a73a3a8c0f11,2a24ccd7-c9f6-4cf7-bf98-e6b4c9cd8d52,2023-01-09,Possession,Acquisition Completion,7,6,1,85.7,65,8,4,4,17.1,25,1447.72,1096.44,351.28,216,163,53,75.7,19,16,12,3,63.2,7,6,1,85.7,16,1,0,1,131,86,45,65.6,366.1,226.4,61.8,16,13,3,21.6,5,4,2,2,8.9,5,641,1.0,190.0,2022-11-22,2023-05-31,True
bd4260b7-6129-40e9-aafb-35f901db3488,2a24ccd7-c9f6-4cf7-bf98-e6b4c9cd8d52,2023-02-17,Possession,Acquisition Completion,7,7,0,100.0,0,8,4,4,17.2,36,1447.72,1258.61,189.11,216,187,29,86.9,19,17,11,2,57.9,7,7,0,100.0,16,0,0,0,131,100,31,76.3,366.1,320.7,87.6,16,14,2,13.0,5,4,3,1,33.2,44,680,1.0,190.0,2022-11-22,2023-05-31,True
fd047fbb-a3c2-4533-98d2-66ce41b4062f,a024956c-5903-46a6-b9f3-25df203bdabe,2022-11-22,Initial Assessment / SIA,Notification,6,0,6,0.0,36,3,3,0,26.1,64,1075.24,0.0,1075.24,1588,0,1588,0.0,18,0,0,18,0.0,3,0,3,0.0,84,9,8,1,1112,0,1112,0.0,272.5,18.3,6.7,10,0,10,13.6,3,6,0,6,16.4,4,4,1.0,96.0,2023-04-08,2023-07-13,True
45d0af3d-29f3-4b0e-b24b-aaeb729cb176,a024956c-5903-46a6-b9f3-25df203bdabe,2023-07-09,Notification,Objection / Hearing,6,2,4,33.3,9,3,3,0,25.2,172,1075.24,0.0,1075.24,1588,0,1588,0.0,18,6,4,12,22.2,3,0,3,0.0,84,26,23,3,1112,39,1073,3.5,272.5,0.0,0.0,10,0,10,7.7,3,6,0,6,37.3,50,233,1.0,152.0,2023-06-20,2023-11-19,True
c3592a00-40db-472e-a57b-6fc1f85f280c,a024956c-5903-46a6-b9f3-25df203bdabe,2024-07-01,Award / Valuation,Compensation Disbursement,6,4,2,66.7,45,3,2,1,16.9,134,1075.24,311.41,763.83,1588,459,1129,29.0,18,10,7,8,38.9,3,1,2,33.3,84,10,2,8,1112,154,958,13.8,272.5,13.1,4.8,10,4,6,24.7,3,6,1,5,34.4,50,591,1.0,327.0,2024-03-20,2025-02-10,True
750ada11-54cb-46b2-b7e7-24330af7d9db,a024956c-5903-46a6-b9f3-25df203bdabe,2025-06-15,Rehabilitation & Resettlement,Possession,6,5,1,83.3,52,3,1,2,6.8,81,1075.24,726.61,348.63,1588,1073,515,67.6,18,15,8,3,44.4,3,2,1,66.7,84,9,0,9,1112,562,550,50.5,272.5,165.5,60.7,10,8,2,20.5,3,6,3,3,18.6,125,940,1.0,493.0,2024-10-16,2026-02-21,True
d0d2fdb3-da4c-4e29-85f2-e577db3a7107,a024956c-5903-46a6-b9f3-25df203bdabe,2025-07-23,Rehabilitation & Resettlement,Possession,6,4,2,66.7,56,3,1,2,7.1,104,1075.24,717.14,358.1,1588,1059,529,66.7,18,14,8,4,44.4,3,2,1,66.7,84,4,0,4,1112,752,360,67.6,272.5,185.1,67.9,10,9,1,9.1,3,6,3,3,33.2,163,978,1.0,493.0,2024-10-16,2026-02-21,True
4b2c3ec5-dd57-4ffe-92db-71db86d3b15a,a024956c-5903-46a6-b9f3-25df203bdabe,2026-02-06,Possession,Acquisition Completion,6,6,0,100.0,0,3,1,2,8.3,124,1075.24,1037.09,38.15,1588,1531,57,96.5,18,18,11,0,61.1,3,3,0,100.0,84,8,0,8,1112,870,242,78.2,272.5,203.6,74.7,10,9,1,20.2,3,6,3,3,26.2,143,1176,1.0,512.0,2024-12-11,2026-05-07,True
2ea63fa8-a506-498f-93bc-1eb9275e5288,39fd1cf0-d6be-41e5-b4e3-4961802871a5,2021-12-25,Initial Assessment / SIA,Notification,11,2,9,18.2,19,0,0,0,36.1,0,1816.54,0.0,1816.54,15,0,15,0.0,16,1,0,15,0.0,5,0,5,0.0,81,28,24,4,1,0,1,0.0,447.8,13.4,3.0,13,2,11,8.3,5,13,0,13,37.3,24,24,1.0,62.0,2022-06-01,2022-08-02,True
840f00ed-4909-447a-8e0a-81508ca5dbf9,39fd1cf0-d6be-41e5-b4e3-4961802871a5,2021-12-27,Initial Assessment / SIA,Notification,11,1,10,9.1,47,0,0,0,36.8,0,1816.54,0.0,1816.54,15,0,15,0.0,16,1,0,15,0.0,5,0,5,0.0,81,11,11,0,1,0,1,0.0,447.8,18.4,4.1,13,0,13,8.0,5,13,2,11,31.9,26,26,1.0,62.0,2022-06-01,2022-08-02,True
fa854fe2-222a-46c8-a646-56372f985e39,39fd1cf0-d6be-41e5-b4e3-4961802871a5,2022-02-07,Initial Assessment / SIA,Notification,11,4,7,36.4,77,0,0,0,31.7,0,1816.54,333.11,1483.43,15,2,13,18.3,16,5,3,11,18.8,5,1,4,20.0,81,22,10,12,1,0,1,0.0,447.8,0.0,0.0,13,1,12,5.4,5,13,2,11,43.1,68,68,1.0,62.0,2022-06-01,2022-08-02,True
08d77b25-4e33-43f4-a3f8-2787ffb263ab,39fd1cf0-d6be-41e5-b4e3-4961802871a5,2022-03-18,Initial Assessment / SIA,Notification,11,6,5,54.5,16,0,0,0,35.0,0,1816.54,617.26,1199.28,15,5,10,34.0,16,8,5,8,31.2,5,2,3,40.0,81,8,2,6,1,0,1,0.0,447.8,6.9,1.5,13,6,7,23.6,5,13,4,9,25.6,107,107,1.0,62.0,2022-06-01,2022-08-02,True
dc5f3071-d8e9-407e-a00f-bbee9ecd846e,39fd1cf0-d6be-41e5-b4e3-4961802871a5,2022-04-10,Initial Assessment / SIA,Notification,11,7,4,63.6,47,0,0,0,21.2,0,1816.54,873.16,943.38,15,7,8,48.1,16,7,4,9,25.0,5,3,2,60.0,81,4,0,4,1,0,1,0.0,447.8,28.8,6.4,13,6,7,3.3,5,13,4,9,41.3,130,130,1.0,62.0,2022-06-01,2022-08-02,True
2b80d9a4-3426-46b2-a0d8-a54e5afe6716,39fd1cf0-d6be-41e5-b4e3-4961802871a5,2022-04-15,Initial Assessment / SIA,Notification,11,8,3,72.7,26,0,0,0,28.8,0,1816.54,1039.38,777.16,15,8,7,57.2,16,11,7,5,43.8,5,4,1,80.0,81,14,0,14,1,0,1,0.0,447.8,152.5,34.1,13,6,7,11.0,5,13,7,6,26.8,135,135,1.0,62.0,2022-06-01,2022-08-02,True
c99c5492-214c-49e3-82e0-6b486a430503,39fd1cf0-d6be-41e5-b4e3-4961802871a5,2022-04-26,Initial Assessment / SIA,Notification,11,7,4,63.6,79,0,0,0,20.3,0,1816.54,1288.52,528.02,15,10,5,70.9,16,9,6,7,37.5,5,4,1,80.0,81,13,0,13,1,0,1,0.0,447.8,149.7,33.4,13,4,9,14.8,5,13,6,7,23.3,146,146,1.0,62.0,2022-06-01,2022-08-02,True
569e1e5f-3d16-4a2a-afbd-1c3f240280b8,39fd1cf0-d6be-41e5-b4e3-4961802871a5,2022-05-03,Initial Assessment / SIA,Notification,11,9,2,81.8,13,0,0,0,26.4,0,1816.54,1141.61,674.93,15,9,6,62.8,16,10,7,6,43.8,5,4,1,80.0,81,10,1,9,1,0,1,0.0,447.8,163.7,36.6,13,8,5,24.6,5,13,8,5,41.1,153,153,1.0,62.0,2022-06-01,2022-08-02,True
a5e0c951-f00c-4046-b911-26090a558446,39fd1cf0-d6be-41e5-b4e3-4961802871a5,2022-07-19,Notification,Objection / Hearing,11,10,1,90.9,59,0,0,0,10.7,0,1816.54,1376.8,439.74,15,11,4,75.8,16,14,9,2,56.2,5,4,1,80.0,81,0,0,0,1,0,1,0.0,447.8,309.6,69.1,13,12,1,28.9,5,13,9,4,38.0,74,230,,,,,True
f90f67c6-bd2d-4330-9369-5e48e889e4e3,e4af1032-4fd3-42dc-af48-fa745faea270,2021-05-23,Initial Assessment / SIA,Notification,12,0,12,0.0,70,0,0,0,35.4,0,1325.73,9.74,1315.99,1190,8,1182,0.7,14,0,0,14,0.0,7,0,7,0.0,48,7,5,2,797,22,775,2.8,360.7,13.1,3.6,9,0,9,7.4,2,18,0,18,44.7,3,3,1.0,89.0,2021-11-15,2022-02-12,True
88d502c0-2d9e-4a78-a31b-139913a04381,e4af1032-4fd3-42dc-af48-fa745faea270,2021-08-12,Initial Assessment / SIA,Notification,12,3,9,25.0,47,0,0,0,30.5,0,1325.73,0.0,1325.73,1190,0,1190,0.0,14,3,2,11,14.3,7,2,5,28.6,48,4,2,2,797,114,683,14.3,360.7,0.0,0.0,9,0,9,16.1,2,18,0,18,31.2,84,84,1.0,89.0,2021-11-15,2022-02-12,True
2bfaec30-b450-4863-b293-62d4fb360dd9,e4af1032-4fd3-42dc-af48-fa745faea270,2021-09-24,Initial Assessment / SIA,Notification,12,4,8,33.3,11,0,0,0,30.1,0,1325.73,138.24,1187.49,1190,124,1066,10.4,14,4,2,10,14.3,7,2,5,28.6,48,5,2,3,797,74,723,9.3,360.7,36.1,10.0,9,2,7,18.9,2,18,6,12,17.6,127,127,1.0,89.0,2021-11-15,2022-02-12,True
7ec32c90-a496-480c-ae1d-8bf01cfd4236,e4af1032-4fd3-42dc-af48-fa745faea270,2022-02-03,Notification,Objection / Hearing,12,9,3,75.0,28,0,0,0,22.4,0,1325.73,507.89,817.84,1190,455,735,38.3,14,8,5,6,35.7,7,3,4,42.9,48,7,0,7,797,307,490,38.5,360.7,71.7,19.9,9,4,5,3.7,2,18,7,11,16.3,92,259,1.0,103.0,2021-12-18,2022-03-31,True
923282dc-3a26-47d1-acc5-6df0cad334a2,e4af1032-4fd3-42dc-af48-fa745faea270,2022-04-04,Land & Ownership Verification,Award / Valuation,12,9,3,75.0,58,0,0,0,21.8,0,1325.73,739.63,586.1,1190,663,527,55.8,14,9,7,5,50.0,7,5,2,71.4,48,5,0,5,797,401,396,50.3,360.7,165.2,45.8,9,4,5,26.1,2,18,10,8,12.6,4,319,1.0,158.0,2022-05-08,2022-10-13,True
9ccf54fa-1be4-400b-9b59-ed069cce68e2,e4af1032-4fd3-42dc-af48-fa745faea270,2022-05-15,Land & Ownership Verification,Award / Valuation,12,10,2,83.3,6,0,0,0,12.0,0,1325.73,833.95,491.78,1190,748,442,62.9,14,10,7,4,50.0,7,6,1,85.7,48,3,0,3,797,411,386,51.6,360.7,160.0,44.4,9,6,3,4.6,2,18,9,9,37.6,45,360,1.0,158.0,2022-05-08,2022-10-13,True
243a3baf-9d0b-4d42-b5e9-24a7b26b52d9,e4af1032-4fd3-42dc-af48-fa745faea270,2022-06-23,Land & Ownership Verification,Award / Valuation,12,12,0,100.0,0,0,0,0,19.3,0,1325.73,1000.79,324.94,1190,898,292,75.5,14,10,8,4,57.1,7,7,0,100.0,48,2,0,2,797,537,260,67.4,360.7,197.6,54.8,9,8,1,7.3,2,18,9,9,31.6,84,399,1.0,158.0,2022-05-08,2022-10-13,True
3deb9840-f026-4519-bc3a-21a3cb5b98a2,e4af1032-4fd3-42dc-af48-fa745faea270,2022-09-05,Award / Valuation,Compensation Disbursement,12,11,1,91.7,16,0,0,0,8.0,0,1325.73,984.35,341.38,1190,883,307,74.2,14,14,10,0,71.4,7,7,0,100.0,48,1,0,1,797,608,189,76.3,360.7,328.6,91.1,9,8,1,27.1,2,18,15,3,5.9,42,473,,,,,True
ce5d4e90-305e-46e6-9a7d-edaaae513f9a,e4af1032-4fd3-42dc-af48-fa745faea270,2022-09-28,Award / Valuation,Compensation Disbursement,12,11,1,91.7,83,0,0,0,8.8,0,1325.73,1325.73,0.0,1190,1190,0,100.0,14,14,11,0,78.6,7,6,1,85.7,48,2,0,2,797,772,25,96.9,360.7,222.4,61.7,9,9,0,28.7,2,18,14,4,38.4,65,496,,,,,True
38609167-9b7b-456e-af35-b192369f5396,5ab67541-a89b-43ce-941f-60307f290250,2021-11-24,Land & Ownership Verification,Award / Valuation,9,3,6,33.3,58,2,2,0,5.4,48,282.23,19.91,262.32,590,41,549,7.1,23,6,4,17,17.4,8,4,4,50.0,74,18,11,7,70,2,68,2.9,77.6,0.7,0.9,23,9,14,22.9,3,13,3,10,44.4,21,207,0.0,11.0,2022-04-25,2022-05-06,True
9190355c-4955-4b94-9412-d2bf9436aa1b,5ab67541-a89b-43ce-941f-60307f290250,2021-12-15,Land & Ownership Verification,Award / Valuation,9,4,5,44.4,76,2,2,0,5.7,108,282.23,57.01,225.22,590,119,471,20.2,23,11,5,12,21.7,8,3,5,37.5,74,5,2,3,70,3,67,4.3,77.6,1.8,2.3,23,7,16,15.2,3,13,3,10,6.0,42,228,0.0,11.0,2022-04-25,2022-05-06,True
2462bb2c-6571-4e32-b0e5-17637cbadc83,5ab67541-a89b-43ce-941f-60307f290250,2021-12-29,Land & Ownership Verification,Award / Valuation,9,5,4,55.6,70,2,2,0,5.3,120,282.23,69.05,213.18,590,144,446,24.5,23,10,5,13,21.7,8,4,4,50.0,74,9,3,6,70,16,54,22.9,77.6,0.0,0.0,23,10,13,4.9,3,13,4,9,14.9,56,242,0.0,11.0,2022-04-25,2022-05-06,True
69ccb772-7599-43e2-aee4-12752418ae7d,5ab67541-a89b-43ce-941f-60307f290250,2022-01-10,Land & Ownership Verification,Award / Valuation,9,5,4,55.6,71,2,2,0,5.8,165,282.23,72.08,210.15,590,150,440,25.5,23,9,6,14,26.1,8,5,3,62.5,74,8,2,6,70,3,67,4.3,77.6,1.0,1.3,23,8,15,13.8,3,13,3,10,23.6,68,254,0.0,11.0,2022-04-25,2022-05-06,True
2f57eb8b-3ae6-41b9-9cc2-832829b2669f,5ab67541-a89b-43ce-941f-60307f290250,2022-01-11,Land & Ownership Verification,Award / Valuation,9,4,5,44.4,5,2,2,0,4.9,59,282.23,65.65,216.58,590,137,453,23.3,23,11,8,12,34.8,8,4,4,50.0,74,8,3,5,70,14,56,20.0,77.6,14.4,18.6,23,9,14,20.0,3,13,3,10,34.6,69,255,0.0,11.0,2022-04-25,2022-05-06,True
b5aeae38-5691-4d67-864c-c7fc260a76a6,5ab67541-a89b-43ce-941f-60307f290250,2022-02-18,Land & Ownership Verification,Award / Valuation,9,5,4,55.6,63,2,2,0,4.7,67,282.23,129.46,152.77,590,270,320,45.9,23,10,6,13,26.1,8,6,2,75.0,74,14,4,10,70,26,44,37.1,77.6,6.7,8.6,23,11,12,19.8,3,13,5,8,33.7,107,293,0.0,11.0,2022-04-25,2022-05-06,True
ed65b0e3-0edf-4539-a599-121f104a5883,5ab67541-a89b-43ce-941f-60307f290250,2022-05-02,Award / Valuation,Compensation Disbursement,9,6,3,66.7,17,2,2,0,4.8,76,282.23,144.78,137.45,590,302,288,51.3,23,14,8,9,34.8,8,7,1,87.5,74,3,0,3,70,31,39,44.3,77.6,29.9,38.5,23,16,7,5.5,3,13,5,8,11.5,59,366,0.0,15.0,2022-06-12,2022-06-27,True
c25bb3e3-e1d3-4a84-8cbb-f343b4423b34,5ab67541-a89b-43ce-941f-60307f290250,2022-09-12,Rehabilitation & Resettlement,Possession,9,9,0,100.0,0,2,1,1,2.2,148,282.23,220.26,61.97,590,460,130,78.0,23,21,12,2,52.2,8,8,0,100.0,74,8,0,8,70,54,16,77.1,77.6,54.4,70.1,23,18,5,22.9,3,13,7,6,37.1,77,499,0.0,8.0,2022-11-22,2022-11-30,True
deffa8a1-8cac-404a-8e0e-5b471f73f163,5ab67541-a89b-43ce-941f-60307f290250,2022-09-30,Possession,Acquisition Completion,9,9,0,100.0,0,2,1,1,2.8,137,282.23,182.91,99.32,590,382,208,64.8,23,19,12,4,52.2,8,7,1,87.5,74,2,0,2,70,58,12,82.9,77.6,61.9,79.8,23,20,3,27.3,3,13,8,5,17.8,1,517,0.0,0.0,2023-01-07,2023-01-01,True
40e8e78b-7b27-45c9-a1aa-492a3c860411,5ab67541-a89b-43ce-941f-60307f290250,2022-12-01,Acquisition Completion,,9,8,1,88.9,85,2,1,1,1.1,80,282.23,271.65,10.58,590,567,23,96.3,23,23,14,0,60.9,8,8,0,100.0,74,2,0,2,70,56,14,80.0,77.6,66.1,85.2,23,23,0,7.1,3,13,10,3,41.5,1,579,,,,,True
80b18cb3-5d79-478e-8264-9274bc3520e2,10b99722-52ae-451b-a75e-264b692e07a7,2021-08-20,Initial Assessment / SIA,Notification,14,3,11,21.4,66,13,12,1,3.7,149,38.45,7.01,31.44,1230,224,1006,18.2,19,4,2,15,10.5,8,0,8,0.0,48,14,14,0,737,0,737,0.0,40.4,4.1,10.1,12,2,10,29.7,2,7,0,7,42.8,91,91,1.0,59.0,2021-12-08,2022-02-05,True
67fbada7-d942-424f-aa09-08b45d6f207f,10b99722-52ae-451b-a75e-264b692e07a7,2021-10-31,Notification,Objection / Hearing,14,2,12,14.3,58,13,11,2,3.4,109,38.45,0.0,38.45,1230,0,1230,0.0,19,3,2,16,10.5,8,2,6,25.0,48,6,3,3,737,75,662,10.2,40.4,0.0,0.0,12,2,10,13.7,2,7,0,7,11.6,54,163,1.0,83.0,2022-01-09,2022-04-02,True
7657fe9c-70b6-4466-b577-87f2a42f23e5,10b99722-52ae-451b-a75e-264b692e07a7,2022-02-28,Objection / Hearing,Land & Ownership Verification,14,5,9,35.7,33,13,12,1,3.6,36,38.45,7.21,31.24,1230,230,1000,18.8,19,5,3,14,15.8,8,3,5,37.5,48,12,8,4,737,0,737,0.0,40.4,0.0,0.0,12,4,8,8.7,2,7,1,6,23.9,23,283,1.0,131.0,2022-03-30,2022-08-08,True
3a0e2530-9367-46a0-b1f4-3adcb2a7f933,10b99722-52ae-451b-a75e-264b692e07a7,2022-04-01,Objection / Hearing,Land & Ownership Verification,14,6,8,42.9,16,13,11,2,3.2,13,38.45,8.02,30.43,1230,256,974,20.9,19,3,2,16,10.5,8,2,6,25.0,48,8,3,5,737,51,686,6.9,40.4,1.3,3.2,12,1,11,14.7,2,7,2,5,27.1,55,315,1.0,131.0,2022-03-30,2022-08-08,True
c89bff69-16c5-49cc-ba4f-fb0dad0b55e7,10b99722-52ae-451b-a75e-264b692e07a7,2022-06-04,Land & Ownership Verification,Award / Valuation,14,7,7,50.0,47,13,9,4,2.6,58,38.45,12.98,25.47,1230,415,815,33.8,19,10,6,9,31.6,8,5,3,62.5,48,6,3,3,737,76,661,10.3,40.4,2.5,6.2,12,4,8,6.4,2,7,1,6,34.4,63,379,1.0,143.0,2022-05-10,2022-09-30,True
00862e51-28ed-432c-a425-c2de2999a0f6,10b99722-52ae-451b-a75e-264b692e07a7,2022-07-08,Land & Ownership Verification,Award / Valuation,14,6,8,42.9,56,13,10,3,3.0,108,38.45,13.09,25.36,1230,418,812,34.0,19,9,5,10,26.3,8,4,4,50.0,48,5,1,4,737,154,583,20.9,40.4,6.3,15.6,12,5,7,6.7,2,7,3,4,7.0,97,413,1.0,143.0,2022-05-10,2022-09-30,True
48fed819-9ea2-478a-9a29-ff22873e021b,10b99722-52ae-451b-a75e-264b692e07a7,2022-08-16,Award / Valuation,Compensation Disbursement,14,9,5,64.3,87,13,7,6,2.0,121,38.45,17.14,21.31,1230,548,682,44.6,19,7,5,12,26.3,8,5,3,62.5,48,5,0,5,737,250,487,33.9,40.4,6.0,14.9,12,5,7,27.9,2,7,2,5,14.8,8,452,1.0,165.0,2022-08-16,2023-01-28,True
c378ffa7-ce80-4f2d-969b-e785fc0cc88a,10b99722-52ae-451b-a75e-264b692e07a7,2023-03-20,Possession,Acquisition Completion,14,12,2,85.7,52,13,7,6,2.0,150,38.45,31.17,7.28,1230,996,234,81.1,19,15,9,4,47.4,8,7,1,87.5,48,5,0,5,737,409,328,55.5,40.4,19.9,49.3,12,9,3,16.7,2,7,4,3,24.5,17,668,1.0,232.0,2023-04-10,2023-11-28,True
fa90a325-cd3d-4aa2-b8e1-7a19db4cb616,10b99722-52ae-451b-a75e-264b692e07a7,2023-11-04,Acquisition Completion,,14,14,0,100.0,0,13,4,9,1.1,94,38.45,33.04,5.41,1230,1056,174,85.9,19,19,11,0,57.9,8,6,2,75.0,48,1,0,1,737,673,64,91.3,40.4,34.4,85.1,12,11,1,6.1,2,7,5,2,43.4,120,897,,,,,True
a4c96f57-b3cc-48a3-834b-f4f77c0c0d4c,0e4ff73f-191c-4d95-8e1a-e18e5fe59eeb,2023-02-10,Initial Assessment / SIA,Notification,9,0,9,0.0,19,4,4,0,16.7,70,682.34,47.53,634.81,965,67,898,7.0,10,0,0,10,0.0,5,0,5,0.0,45,13,13,0,69,4,65,5.8,167.4,14.6,8.7,11,1,10,29.3,4,5,0,5,40.0,30,30,1.0,146.0,2023-07-25,2023-12-18,True
47dfc625-e004-498e-967f-fb16f2f1974c,0e4ff73f-191c-4d95-8e1a-e18e5fe59eeb,2023-09-25,Notification,Objection / Hearing,9,1,8,11.1,56,4,4,0,13.0,25,682.34,0.0,682.34,965,0,965,0.0,10,2,1,8,10.0,5,1,4,20.0,45,8,6,2,69,0,69,0.0,167.4,6.0,3.6,11,1,10,8.3,4,5,0,5,9.3,104,257,1.0,230.0,2023-10-31,2024-06-17,True
73ab13a7-a514-4619-93aa-23917887934d,0e4ff73f-191c-4d95-8e1a-e18e5fe59eeb,2024-02-12,Objection / Hearing,Land & Ownership Verification,9,3,6,33.3,62,4,4,0,12.7,84,682.34,39.39,642.95,965,55,910,5.8,10,3,1,7,10.0,5,2,3,40.0,45,8,5,3,69,0,69,0.0,167.4,0.0,0.0,11,3,8,12.3,4,5,0,5,7.1,56,397,1.0,324.0,2024-02-03,2024-12-23,True
17c8fd91-204a-4a3a-bd03-361586b2b755,0e4ff73f-191c-4d95-8e1a-e18e5fe59eeb,2024-02-17,Objection / Hearing,Land & Ownership Verification,9,3,6,33.3,8,4,3,1,12.0,159,682.34,114.63,567.71,965,162,803,16.8,10,2,1,8,10.0,5,1,4,20.0,45,8,4,4,69,0,69,0.0,167.4,23.1,13.8,11,4,7,14.5,4,5,1,4,18.2,61,402,1.0,324.0,2024-02-03,2024-12-23,True
f67485ac-9e6f-4464-8542-5e5cb3df474a,0e4ff73f-191c-4d95-8e1a-e18e5fe59eeb,2025-09-05,Rehabilitation & Resettlement,Possession,9,8,1,88.9,14,4,3,1,9.2,169,682.34,448.9,233.44,965,634,331,65.8,10,9,5,1,50.0,5,4,1,80.0,45,5,0,5,69,30,39,43.5,167.4,87.9,52.5,11,8,3,4.8,4,5,3,2,26.0,30,968,1.0,536.0,2024-12-19,2026-06-08,True
d522b5c5-147a-4083-9da5-101f0b6d851a,0e4ff73f-191c-4d95-8e1a-e18e5fe59eeb,2025-11-23,Rehabilitation & Resettlement,Possession,9,8,1,88.9,51,4,2,2,6.1,23,682.34,466.83,215.51,965,660,305,68.4,10,8,7,2,70.0,5,4,1,80.0,45,2,0,2,69,44,25,63.8,167.4,71.4,42.7,11,8,3,22.4,4,5,3,2,23.0,109,1047,1.0,536.0,2024-12-19,2026-06-08,True
27aac811-3b8e-4466-be1f-11695c7972e9,118c6d8d-d915-4e7a-b012-46f9f55398aa,2022-01-20,Initial Assessment / SIA,Notification,14,0,14,0.0,25,19,19,0,8.3,92,415.74,0.0,415.74,264,0,264,0.0,17,1,0,16,0.0,2,0,2,0.0,74,11,11,0,175,0,175,0.0,83.4,1.4,1.7,24,0,24,23.8,4,19,1,18,41.4,5,5,1.0,65.0,2022-06-09,2022-08-13,True
bec68d30-e4cd-4e8f-a9b2-480a9e2f124b,118c6d8d-d915-4e7a-b012-46f9f55398aa,2022-07-07,Notification,Objection / Hearing,14,3,11,21.4,52,19,17,2,7.3,78,415.74,0.0,415.74,264,0,264,0.0,17,2,1,15,5.9,2,0,2,0.0,74,13,8,5,175,0,175,0.0,83.4,6.8,8.2,24,4,20,14.7,4,19,3,16,32.6,75,173,1.0,90.0,2022-08-14,2022-11-12,True
0a50fb9b-82ee-4e8c-984b-32111e2ac2a9,118c6d8d-d915-4e7a-b012-46f9f55398aa,2023-07-13,Award / Valuation,Compensation Disbursement,14,9,5,64.3,6,19,8,11,3.2,143,415.74,228.41,187.33,264,145,119,54.9,17,8,4,9,23.5,2,1,1,50.0,74,10,0,10,175,68,107,38.9,83.4,21.4,25.7,24,14,10,20.5,4,19,8,11,13.5,87,544,1.0,210.0,2023-05-25,2023-12-21,True
32447846-fcbd-4489-994b-ebb532ef1393,118c6d8d-d915-4e7a-b012-46f9f55398aa,2023-08-31,Award / Valuation,Compensation Disbursement,14,10,4,71.4,27,19,11,8,4.8,48,415.74,161.89,253.85,264,102,162,38.9,17,13,11,4,64.7,2,1,1,50.0,74,8,0,8,175,82,93,46.9,83.4,28.7,34.4,24,16,8,18.0,4,19,8,11,32.0,136,593,1.0,210.0,2023-05-25,2023-12-21,True
51697676-ec9a-4519-885c-1649562c86ef,118c6d8d-d915-4e7a-b012-46f9f55398aa,2023-10-19,Compensation Disbursement,Rehabilitation & Resettlement,14,14,0,100.0,0,19,6,13,2.4,167,415.74,310.59,105.15,264,197,67,74.7,17,14,7,3,41.2,2,1,1,50.0,74,4,0,4,175,113,62,64.6,83.4,30.5,36.6,24,18,6,11.3,4,19,10,9,29.9,33,642,1.0,215.0,2023-07-22,2024-02-22,True
b9301faa-44f4-499b-8208-819c877dd090,4f2d120a-8c77-4ba4-ab74-790568316e31,2023-03-02,Objection / Hearing,Land & Ownership Verification,4,1,3,25.0,15,0,0,0,1.2,0,64.53,16.54,47.99,1981,507,1474,25.6,16,5,3,11,18.8,8,3,5,37.5,19,5,3,2,865,37,828,4.3,17.7,0.0,0.0,20,5,15,20.2,3,11,3,8,14.2,26,160,0.0,21.0,2023-05-24,2023-06-14,True
4c0b4337-1ed1-4025-85c4-e76f1611ab09,4f2d120a-8c77-4ba4-ab74-790568316e31,2023-09-01,Compensation Disbursement,Rehabilitation & Resettlement,4,3,1,75.0,72,0,0,0,1.2,0,64.53,33.16,31.37,1981,1017,964,51.4,16,11,8,5,50.0,8,6,2,75.0,19,1,0,1,865,531,334,61.4,17.7,7.2,40.7,20,13,7,4.6,3,11,7,4,31.5,7,343,0.0,5.0,2023-11-07,2023-11-12,True
28418f9d-4eb0-4069-a802-e419fffbd55c,4f2d120a-8c77-4ba4-ab74-790568316e31,2023-09-30,Compensation Disbursement,Rehabilitation & Resettlement,4,3,1,75.0,49,0,0,0,1.0,0,64.53,43.46,21.07,1981,1334,647,67.3,16,10,7,6,43.8,8,8,0,100.0,19,2,0,2,865,524,341,60.6,17.7,7.5,42.4,20,16,4,3.1,3,11,5,6,8.6,36,372,0.0,5.0,2023-11-07,2023-11-12,True
159d8564-3347-44ad-83e8-e9ac30a4a009,4f2d120a-8c77-4ba4-ab74-790568316e31,2024-03-12,Acquisition Completion,,4,3,1,75.0,61,0,0,0,0.4,0,64.53,62.54,1.99,1981,1919,62,96.9,16,16,10,0,62.5,8,7,1,87.5,19,0,0,0,865,756,109,87.4,17.7,15.8,89.3,20,17,3,15.5,3,11,8,3,16.9,29,536,,,,,True
6a457f26-7dfe-49cf-adeb-8aa3950914a2,4f2d120a-8c77-4ba4-ab74-790568316e31,2024-03-13,Acquisition Completion,,4,4,0,100.0,0,0,0,0,0.4,0,64.53,64.53,0.0,1981,1981,0,100.0,16,16,12,0,75.0,8,8,0,100.0,19,0,0,0,865,844,21,97.6,17.7,12.8,72.3,20,16,4,26.3,3,11,9,2,41.4,30,537,,,,,True
859be1d9-5b10-43e6-8803-ce95d476a4c4,cd99d689-5b61-46fd-9499-e58adc34aed2,2020-09-22,Initial Assessment / SIA,Notification,7,0,7,0.0,44,8,8,0,6.3,114,192.25,0.0,192.25,384,0,384,0.0,17,0,0,17,0.0,8,0,8,0.0,16,2,2,0,21,0,21,0.0,62.8,0.0,0.0,14,0,14,10.7,4,13,0,13,36.0,10,10,0.0,7.0,2021-01-15,2021-01-22,True
a6e66f4a-b764-4f5d-872e-1975385c3341,cd99d689-5b61-46fd-9499-e58adc34aed2,2020-10-12,Initial Assessment / SIA,Notification,7,0,7,0.0,20,8,8,0,6.1,62,192.25,17.62,174.63,384,35,349,9.2,17,0,0,17,0.0,8,0,8,0.0,16,2,2,0,21,0,21,0.0,62.8,0.2,0.3,14,1,13,25.0,4,13,0,13,25.8,30,30,0.0,7.0,2021-01-15,2021-01-22,True
b07790fb-2c87-4d71-8378-79c13ca20070,cd99d689-5b61-46fd-9499-e58adc34aed2,2021-01-10,Notification,Objection / Hearing,7,0,7,0.0,13,8,7,1,5.4,88,192.25,0.0,192.25,384,0,384,0.0,17,1,0,16,0.0,8,0,8,0.0,16,3,3,0,21,0,21,0.0,62.8,0.0,0.0,14,1,13,19.0,4,13,1,12,16.6,41,120,1.0,63.0,2021-04-27,2021-06-29,True
173393ee-5200-46bf-9bc8-825f96920e97,cd99d689-5b61-46fd-9499-e58adc34aed2,2021-04-07,Objection / Hearing,Land & Ownership Verification,7,2,5,28.6,51,8,8,0,6.1,17,192.25,0.0,192.25,384,0,384,0.0,17,3,2,14,11.8,8,1,7,12.5,16,3,3,0,21,0,21,0.0,62.8,0.5,0.8,14,1,13,11.2,4,13,0,13,25.9,75,207,1.0,126.0,2021-08-19,2021-12-23,True
036f38ca-133f-48e0-9e7c-69ce01f6b4bf,cd99d689-5b61-46fd-9499-e58adc34aed2,2023-03-17,Possession,Acquisition Completion,7,6,1,85.7,84,8,3,5,2.2,68,192.25,153.46,38.79,384,306,78,79.8,17,15,8,2,47.1,8,8,0,100.0,16,0,0,0,21,14,7,66.7,62.8,31.7,50.5,14,8,6,8.7,4,13,7,6,17.9,75,916,1.0,410.0,2022-08-29,2023-10-13,True
d7dccc6e-17c3-4705-86e6-c09b1b6911bf,cd99d689-5b61-46fd-9499-e58adc34aed2,2023-06-07,Possession,Acquisition Completion,7,7,0,100.0,0,8,3,5,2.1,160,192.25,155.45,36.8,384,310,74,80.9,17,17,12,0,70.6,8,8,0,100.0,16,0,0,0,21,15,6,71.4,62.8,46.7,74.4,14,14,0,12.8,4,13,9,4,16.9,157,998,1.0,410.0,2022-08-29,2023-10-13,True
c402df86-dccd-4e4e-8dc1-d554547dbc9e,cd99d689-5b61-46fd-9499-e58adc34aed2,2023-06-24,Possession,Acquisition Completion,7,7,0,100.0,0,8,3,5,1.6,129,192.25,145.47,46.78,384,290,94,75.7,17,17,10,0,58.8,8,8,0,100.0,16,1,0,1,21,16,5,76.2,62.8,47.1,75.0,14,13,1,29.7,4,13,9,4,16.7,174,1015,1.0,410.0,2022-08-29,2023-10-13,True
b433ab97-97e7-4eef-ad76-318de811a63a,cd99d689-5b61-46fd-9499-e58adc34aed2,2023-09-17,Acquisition Completion,,7,6,1,85.7,11,8,2,6,1.0,12,192.25,183.54,8.71,384,366,18,95.5,17,17,11,0,64.7,8,7,1,87.5,16,0,0,0,21,18,3,85.7,62.8,58.0,92.4,14,11,3,11.5,4,13,11,2,32.7,79,1100,,,,,True
6b031afc-11c1-486e-aa0a-3c7fcdb546cb,1f53d31e-3b5b-465e-9c3d-8628fd494fac,2023-05-03,Notification,Objection / Hearing,6,1,5,16.7,38,4,4,0,28.4,42,687.47,0.0,687.47,299,0,299,0.0,5,0,0,5,0.0,7,1,6,14.3,95,25,19,6,270,0,270,0.0,311.3,0.0,0.0,19,1,18,13.4,6,8,0,8,22.8,54,93,0.0,24.0,2023-06-15,2023-07-09,True
2f55641d-6036-43ef-9c0c-302ec5e40408,1f53d31e-3b5b-465e-9c3d-8628fd494fac,2023-05-13,Objection / Hearing,Land & Ownership Verification,6,1,5,16.7,28,4,4,0,29.1,48,687.47,0.0,687.47,299,0,299,0.0,5,0,0,5,0.0,7,1,6,14.3,95,14,10,4,270,9,261,3.3,311.3,0.0,0.0,19,1,18,29.2,6,8,0,8,31.8,9,103,0.0,23.0,2023-08-31,2023-09-23,True
47320dec-6fd5-4fbb-8932-6bccc71936d5,1f53d31e-3b5b-465e-9c3d-8628fd494fac,2024-02-23,Compensation Disbursement,Rehabilitation & Resettlement,6,3,3,50.0,72,4,3,1,15.9,23,687.47,294.48,392.99,299,128,171,42.8,5,2,1,3,20.0,7,4,3,57.1,95,5,1,4,270,106,164,39.3,311.3,92.0,29.6,19,8,11,19.9,6,8,3,5,9.0,24,389,1.0,92.0,2024-04-18,2024-07-19,True
358d082f-880f-439e-be9b-79d061dccc2b,1f53d31e-3b5b-465e-9c3d-8628fd494fac,2024-05-21,Rehabilitation & Resettlement,Possession,6,5,1,83.3,22,4,3,1,18.5,178,687.47,337.39,350.08,299,146,153,49.1,5,3,1,2,20.0,7,5,2,71.4,95,3,0,3,270,121,149,44.8,311.3,101.9,32.7,19,10,9,10.2,6,8,4,4,16.4,46,477,1.0,106.0,2024-08-13,2024-11-27,True
64b7962e-278e-407a-9766-e0ffbde42600,1f53d31e-3b5b-465e-9c3d-8628fd494fac,2024-07-21,Possession,Acquisition Completion,6,6,0,100.0,0,4,2,2,9.8,170,687.47,503.11,184.36,299,218,81,73.2,5,3,2,2,40.0,7,7,0,100.0,95,5,0,5,270,183,87,67.8,311.3,152.2,48.9,19,13,6,20.1,6,8,4,4,13.7,2,538,1.0,111.0,2024-10-22,2025-02-10,True
7a3a75ab-fe50-4e97-a513-3ef3bc2a407d,1f53d31e-3b5b-465e-9c3d-8628fd494fac,2024-10-30,Possession,Acquisition Completion,6,5,1,83.3,13,4,1,3,7.7,55,687.47,593.72,93.75,299,258,41,86.4,5,4,2,1,40.0,7,7,0,100.0,95,4,0,4,270,222,48,82.2,311.3,187.8,60.3,19,13,6,20.5,6,8,5,3,19.6,103,639,1.0,111.0,2024-10-22,2025-02-10,True
150e6293-5e13-43a6-a170-34a473fc5d7d,5d0913d9-36d3-496b-982a-5147bf969d62,2020-02-17,Initial Assessment / SIA,Notification,11,0,11,0.0,83,5,5,0,27.5,109,249.22,0.0,249.22,733,0,733,0.0,28,0,0,28,0.0,2,0,2,0.0,15,3,3,0,166,0,166,0.0,275.0,0.0,0.0,23,0,23,11.3,3,3,0,3,10.8,10,10,1.0,38.0,2020-06-13,2020-07-21,True
749c5228-509a-45f2-b4d1-e57aee932720,5d0913d9-36d3-496b-982a-5147bf969d62,2020-03-22,Initial Assessment / SIA,Notification,11,0,11,0.0,36,5,5,0,23.8,123,249.22,0.0,249.22,733,0,733,0.0,28,0,0,28,0.0,2,0,2,0.0,15,1,1,0,166,8,158,4.8,275.0,24.1,8.8,23,0,23,23.5,3,3,0,3,25.1,44,44,1.0,38.0,2020-06-13,2020-07-21,True
42be0569-d937-4498-9dda-9f94c11d7272,5d0913d9-36d3-496b-982a-5147bf969d62,2020-04-17,Notification,Objection / Hearing,11,1,10,9.1,22,5,5,0,24.8,132,249.22,0.0,249.22,733,0,733,0.0,28,1,0,27,0.0,2,0,2,0.0,15,4,4,0,166,6,160,3.6,275.0,2.2,0.8,23,0,23,27.6,3,3,0,3,32.5,25,70,1.0,45.0,2020-07-24,2020-09-07,True
3e80b63f-cc54-44f1-8ecc-977440dfb75a,5d0913d9-36d3-496b-982a-5147bf969d62,2020-05-06,Notification,Objection / Hearing,11,2,9,18.2,83,5,5,0,26.4,61,249.22,0.0,249.22,733,0,733,0.0,28,0,0,28,0.0,2,0,2,0.0,15,2,2,0,166,19,147,11.4,275.0,25.9,9.4,23,0,23,22.1,3,3,0,3,35.5,44,89,1.0,45.0,2020-07-24,2020-09-07,True
f63e5c08-de49-4457-a63a-f61a86b0b390,5d0913d9-36d3-496b-982a-5147bf969d62,2020-06-03,Notification,Objection / Hearing,11,2,9,18.2,38,5,5,0,24.8,35,249.22,23.49,225.73,733,69,664,9.4,28,8,5,20,17.9,2,0,2,0.0,15,3,2,1,166,29,137,17.5,275.0,26.5,9.6,23,4,19,26.1,3,3,0,3,6.0,72,117,1.0,45.0,2020-07-24,2020-09-07,True
f0fc1547-2d9b-4936-8c63-e93d46aba67e,5d0913d9-36d3-496b-982a-5147bf969d62,2020-11-14,Award / Valuation,Compensation Disbursement,11,4,7,36.4,42,5,4,1,17.8,133,249.22,64.23,184.99,733,188,545,25.8,28,9,6,19,21.4,2,1,1,50.0,15,1,1,0,166,43,123,25.9,275.0,33.1,12.0,23,9,14,28.9,3,3,1,2,5.2,6,281,1.0,97.0,2021-04-14,2021-07-20,True
f4ae98ee-9a72-470c-ae54-9e9591c85690,5d0913d9-36d3-496b-982a-5147bf969d62,2021-05-20,Compensation Disbursement,Rehabilitation & Resettlement,11,9,2,81.8,48,5,3,2,13.7,176,249.22,147.41,101.81,733,433,300,59.1,28,20,13,8,46.4,2,2,0,100.0,15,0,0,0,166,74,92,44.6,275.0,71.4,26.0,23,13,10,22.5,3,3,2,1,11.1,75,468,1.0,113.0,2021-07-03,2021-10-24,True
2656db91-b259-4fe1-a0de-e17e5dca4050,5d0913d9-36d3-496b-982a-5147bf969d62,2021-09-24,Rehabilitation & Resettlement,Possession,11,11,0,100.0,0,5,2,3,8.4,174,249.22,204.98,44.24,733,602,131,82.2,28,25,16,3,57.1,2,1,1,50.0,15,2,0,2,166,131,35,78.9,275.0,223.3,81.2,23,18,5,4.1,3,3,2,1,20.9,66,595,1.0,119.0,2021-08-23,2021-12-20,True
28627657-2cec-47ed-9613-41e2d19f85fd,5d0913d9-36d3-496b-982a-5147bf969d62,2021-10-19,Rehabilitation & Resettlement,Possession,11,10,1,90.9,23,5,2,3,10.3,150,249.22,221.33,27.89,733,650,83,88.8,28,25,18,3,64.3,2,2,0,100.0,15,0,0,0,166,143,23,86.1,275.0,207.2,75.3,23,20,3,19.8,3,3,2,1,31.5,91,620,1.0,119.0,2021-08-23,2021-12-20,True
19d86df5-6411-4118-bd37-ada8bec7a095,ed56049f-31f4-4000-ae54-6b1d46d3afe0,2022-06-06,Objection / Hearing,Land & Ownership Verification,11,4,7,36.4,9,10,7,3,11.4,124,738.41,65.17,673.24,1144,100,1044,8.8,7,2,1,5,14.3,9,4,5,44.4,8,1,1,0,1009,13,996,1.3,169.3,4.0,2.4,24,8,16,25.3,2,9,1,8,35.1,55,287,1.0,131.0,2022-05-04,2022-09-12,True
c701d5d4-86fb-4871-9130-adf5fe58f7fa,ed56049f-31f4-4000-ae54-6b1d46d3afe0,2022-07-01,Land & Ownership Verification,Award / Valuation,11,5,6,45.5,54,10,7,3,11.8,95,738.41,194.51,543.9,1144,301,843,26.3,7,2,1,5,14.3,9,3,6,33.3,8,1,1,0,1009,53,956,5.3,169.3,0.0,0.0,24,6,18,23.0,2,9,2,7,38.2,7,312,1.0,137.0,2022-07-07,2022-11-21,True
83c4e62b-bf37-47ec-b6e4-562d91807a24,ed56049f-31f4-4000-ae54-6b1d46d3afe0,2022-08-25,Land & Ownership Verification,Award / Valuation,11,5,6,45.5,62,10,7,3,11.5,83,738.41,252.32,486.09,1144,390,754,34.2,7,3,2,4,28.6,9,6,3,66.7,8,1,1,0,1009,201,808,19.9,169.3,0.0,0.0,24,9,15,25.0,2,9,2,7,30.8,62,367,1.0,137.0,2022-07-07,2022-11-21,True
d6a8eb2e-8ce7-4264-9544-4150aa1af127,ed56049f-31f4-4000-ae54-6b1d46d3afe0,2023-04-10,Compensation Disbursement,Rehabilitation & Resettlement,11,8,3,72.7,69,10,4,6,5.4,122,738.41,380.36,358.05,1144,589,555,51.5,7,5,2,2,28.6,9,9,0,100.0,8,0,0,0,1009,576,433,57.1,169.3,57.1,33.7,24,17,7,6.1,2,9,4,5,5.5,140,595,1.0,216.0,2022-11-05,2023-06-09,True
e88e00fb-e08e-40ad-9e74-64443e5993f2,ed56049f-31f4-4000-ae54-6b1d46d3afe0,2024-02-06,Acquisition Completion,,11,10,1,90.9,71,10,3,7,3.7,10,738.41,738.41,0.0,1144,1144,0,100.0,7,7,4,0,57.1,9,9,0,100.0,8,0,0,0,1009,958,51,94.9,169.3,167.2,98.8,24,23,1,27.2,2,9,8,1,38.7,143,897,,,,,True
1ae0695b-b36c-4ce4-abd3-12812d46e722,e1dfc712-9ac5-4124-a689-3d85604651ed,2021-05-01,Objection / Hearing,Land & Ownership Verification,11,4,7,36.4,81,4,3,1,5.8,65,79.87,10.09,69.78,1283,162,1121,12.6,14,4,2,10,14.3,7,3,4,42.9,73,7,4,3,132,0,132,0.0,82.9,10.1,12.2,6,1,5,23.7,2,18,2,16,11.0,93,178,1.0,127.0,2021-07-23,2021-11-27,True
3771cbdb-1433-4d4c-bdad-84b4e37a0467,e1dfc712-9ac5-4124-a689-3d85604651ed,2021-06-30,Land & Ownership Verification,Award / Valuation,11,3,8,27.3,73,4,3,1,4.4,129,79.87,19.57,60.3,1283,314,969,24.5,14,5,3,9,21.4,7,2,5,28.6,73,17,8,9,132,8,124,6.1,82.9,3.7,4.5,6,0,6,26.7,2,18,3,15,5.8,15,238,1.0,132.0,2021-09-19,2022-01-29,True
5c1f8fbd-70d3-4ed4-94ad-640b80ff484c,e1dfc712-9ac5-4124-a689-3d85604651ed,2021-08-05,Land & Ownership Verification,Award / Valuation,11,5,6,45.5,57,4,4,0,6.6,75,79.87,13.42,66.45,1283,215,1068,16.8,14,5,3,9,21.4,7,4,3,57.1,73,18,8,10,132,8,124,6.1,82.9,0.0,0.0,6,2,4,8.8,2,18,6,12,18.1,51,274,1.0,132.0,2021-09-19,2022-01-29,True
a1d486c7-5454-400f-bb72-6f5750c004db,e1dfc712-9ac5-4124-a689-3d85604651ed,2021-08-29,Land & Ownership Verification,Award / Valuation,11,6,5,54.5,89,4,3,1,5.2,99,79.87,14.74,65.13,1283,236,1047,18.5,14,5,3,9,21.4,7,4,3,57.1,73,6,1,5,132,17,115,12.9,82.9,5.4,6.5,6,2,4,14.1,2,18,3,15,18.2,75,298,1.0,132.0,2021-09-19,2022-01-29,True
37417099-338f-4930-88f7-795764d397fa,e1dfc712-9ac5-4124-a689-3d85604651ed,2021-09-10,Land & Ownership Verification,Award / Valuation,11,5,6,45.5,25,4,3,1,6.1,45,79.87,18.86,61.01,1283,302,981,23.6,14,5,4,9,28.6,7,5,2,71.4,73,10,2,8,132,32,100,24.2,82.9,0.0,0.0,6,1,5,15.8,2,18,6,12,8.5,87,310,1.0,132.0,2021-09-19,2022-01-29,True
01ab0cb7-4922-4a07-b68e-597345faf8ce,e1dfc712-9ac5-4124-a689-3d85604651ed,2021-10-13,Land & Ownership Verification,Award / Valuation,11,7,4,63.6,28,4,3,1,5.0,20,79.87,18.92,60.95,1283,303,980,23.7,14,8,4,6,28.6,7,4,3,57.1,73,9,0,9,132,21,111,15.9,82.9,12.0,14.5,6,2,4,11.2,2,18,4,14,31.1,120,343,1.0,132.0,2021-09-19,2022-01-29,True
33c2a880-ce80-4f80-91b6-aab13381dbf9,e1dfc712-9ac5-4124-a689-3d85604651ed,2021-12-03,Award / Valuation,Compensation Disbursement,11,7,4,63.6,63,4,3,1,4.5,113,79.87,44.01,35.86,1283,706,577,55.1,14,7,4,7,28.6,7,5,2,71.4,73,15,1,14,132,40,92,30.3,82.9,9.2,11.1,6,3,3,8.0,2,18,9,9,36.6,6,394,1.0,152.0,2021-11-13,2022-04-14,True
afbf483c-978f-4faa-8287-f48bc632b796,e1dfc712-9ac5-4124-a689-3d85604651ed,2021-12-08,Award / Valuation,Compensation Disbursement,11,8,3,72.7,30,4,2,2,3.3,69,79.87,30.05,49.82,1283,482,801,37.6,14,9,7,5,50.0,7,5,2,71.4,73,8,1,7,132,40,92,30.3,82.9,11.2,13.5,6,3,3,26.7,2,18,11,7,12.2,11,399,1.0,152.0,2021-11-13,2022-04-14,True
9adb7a02-6ad4-4a0d-a8e8-f54e52101dbf,e1dfc712-9ac5-4124-a689-3d85604651ed,2022-02-22,Compensation Disbursement,Rehabilitation & Resettlement,11,9,2,81.8,77,4,3,1,4.5,138,79.87,47.7,32.17,1283,766,517,59.7,14,11,7,3,50.0,7,5,2,71.4,73,6,0,6,132,57,75,43.2,82.9,27.3,32.9,6,3,3,23.4,2,18,9,9,34.6,24,475,1.0,165.0,2021-12-25,2022-06-08,True
d0dbd9ed-59cf-430e-a019-c3f242fbb5fa,e1dfc712-9ac5-4124-a689-3d85604651ed,2022-02-24,Compensation Disbursement,Rehabilitation & Resettlement,11,8,3,72.7,5,4,3,1,4.3,37,79.87,45.33,34.54,1283,728,555,56.8,14,10,5,4,35.7,7,6,1,85.7,73,6,1,5,132,68,64,51.5,82.9,28.0,33.8,6,3,3,25.9,2,18,8,10,25.8,26,477,1.0,165.0,2021-12-25,2022-06-08,True
0bebc789-21f1-4554-8f01-04b9634a1ff4,969aeadc-78b6-486d-a33b-fae03eca4002,2021-12-25,Initial Assessment / SIA,Notification,8,0,8,0.0,26,19,18,1,40.4,172,540.61,0.0,540.61,1408,0,1408,0.0,9,0,0,9,0.0,3,0,3,0.0,83,23,18,5,1184,0,1184,0.0,446.0,36.3,8.1,22,0,22,17.7,5,18,1,17,33.6,35,35,1.0,66.0,2022-03-13,2022-05-18,True
95f2f5f1-111c-4151-8b19-0497fbdc1b75,969aeadc-78b6-486d-a33b-fae03eca4002,2022-02-14,Notification,Objection / Hearing,8,3,5,37.5,16,19,16,3,37.5,18,540.61,0.0,540.61,1408,0,1408,0.0,9,1,0,8,0.0,3,0,3,0.0,83,31,31,0,1184,0,1184,0.0,446.0,4.8,1.1,22,2,20,21.4,5,18,2,16,20.1,7,86,1.0,86.0,2022-05-15,2022-08-09,True
ad2960f4-0515-4028-8fc5-18213f765541,969aeadc-78b6-486d-a33b-fae03eca4002,2022-07-22,Objection / Hearing,Land & Ownership Verification,8,2,6,25.0,16,19,14,5,32.6,50,540.61,100.43,440.18,1408,261,1147,18.6,9,3,2,6,22.2,3,1,2,33.3,83,8,3,5,1184,101,1083,8.5,446.0,0.9,0.2,22,7,15,12.4,5,18,5,13,34.7,65,244,1.0,87.0,2022-06-14,2022-09-09,True
c2d71619-527a-410d-8358-a3476f161e8b,969aeadc-78b6-486d-a33b-fae03eca4002,2022-10-23,Award / Valuation,Compensation Disbursement,8,5,3,62.5,27,19,10,9,22.1,101,540.61,147.71,392.9,1408,384,1024,27.3,9,4,2,5,22.2,3,2,1,66.7,83,17,2,15,1184,175,1009,14.8,446.0,49.7,11.1,22,8,14,12.1,5,18,5,13,11.3,44,337,1.0,157.0,2022-09-04,2023-02-08,True
64969fe1-ebe5-41c5-8569-9d05fb1d872a,969aeadc-78b6-486d-a33b-fae03eca4002,2022-11-09,Award / Valuation,Compensation Disbursement,8,5,3,62.5,58,19,13,6,30.3,160,540.61,185.84,354.77,1408,484,924,34.4,9,4,2,5,22.2,3,2,1,66.7,83,4,0,4,1184,270,914,22.8,446.0,4.7,1.1,22,12,10,17.9,5,18,6,12,17.6,61,354,1.0,157.0,2022-09-04,2023-02-08,True
cf64f70c-6105-45bc-a31a-7532f0a288c7,969aeadc-78b6-486d-a33b-fae03eca4002,2022-11-15,Award / Valuation,Compensation Disbursement,8,4,4,50.0,86,19,12,7,27.8,26,540.61,292.71,247.9,1408,762,646,54.1,9,5,3,4,33.3,3,1,2,33.3,83,9,0,9,1184,318,866,26.9,446.0,8.2,1.8,22,14,8,28.6,5,18,9,9,35.6,67,360,1.0,157.0,2022-09-04,2023-02-08,True
c20de329-565b-4fd2-aae0-4324ca2cae41,969aeadc-78b6-486d-a33b-fae03eca4002,2023-01-09,Compensation Disbursement,Rehabilitation & Resettlement,8,6,2,75.0,74,19,11,8,25.3,47,540.61,234.99,305.62,1408,612,796,43.5,9,6,3,3,33.3,3,2,1,66.7,83,10,0,10,1184,509,675,43.0,446.0,57.2,12.8,22,14,8,20.8,5,18,8,10,38.2,38,415,1.0,218.0,2022-11-28,2023-07-04,True
9170c38e-4b24-4133-93a4-2741d2e927c7,969aeadc-78b6-486d-a33b-fae03eca4002,2023-03-18,Rehabilitation & Resettlement,Possession,8,6,2,75.0,67,19,8,11,17.8,16,540.61,321.69,218.92,1408,837,571,59.5,9,6,3,3,33.3,3,2,1,66.7,83,7,0,7,1184,504,680,42.6,446.0,121.5,27.2,22,16,6,23.2,5,18,8,10,12.1,38,483,1.0,258.0,2023-01-27,2023-10-12,True
4a30a8ec-4e5a-43db-9f8e-9684d199b526,969aeadc-78b6-486d-a33b-fae03eca4002,2023-08-21,Possession,Acquisition Completion,8,7,1,87.5,88,19,6,13,12.4,64,540.61,392.45,148.16,1408,1022,386,72.6,9,9,6,0,66.7,3,2,1,66.7,83,1,0,1,1184,1046,138,88.3,446.0,303.4,68.0,22,17,5,19.1,5,18,13,5,30.1,48,639,1.0,268.0,2023-02-26,2023-11-21,True
4c3d8bd1-7076-4eb3-a8a1-6637b2b4e8dc,969aeadc-78b6-486d-a33b-fae03eca4002,2023-11-07,Acquisition Completion,,8,8,0,100.0,0,19,2,17,3.8,145,540.61,478.1,62.51,1408,1245,163,88.4,9,9,6,0,66.7,3,3,0,100.0,83,0,0,0,1184,1184,0,100.0,446.0,397.0,89.0,22,19,3,24.5,5,18,16,2,13.3,26,717,,,,,True
21fc2afb-1ac0-4613-9d4e-e3a503fb695d,03f2daf5-f0e8-4124-a783-ec988ffe17c7,2023-05-14,Notification,Objection / Hearing,10,4,6,40.0,65,18,13,5,13.0,50,722.87,159.48,563.39,1636,360,1276,22.1,17,3,1,14,5.9,4,2,2,50.0,60,10,5,5,767,37,730,4.8,184.2,0.0,0.0,3,0,3,20.8,5,17,5,12,25.5,13,41,0.0,0.0,2023-08-19,2023-08-02,True
e6229e1c-3833-423d-9718-7996ca3459ab,03f2daf5-f0e8-4124-a783-ec988ffe17c7,2023-05-23,Notification,Objection / Hearing,10,6,4,60.0,37,18,13,5,12.7,97,722.87,306.89,415.98,1636,694,942,42.5,17,7,4,10,23.5,4,2,2,50.0,60,6,2,4,767,93,674,12.1,184.2,37.4,20.3,3,1,2,15.7,5,17,8,9,14.4,22,50,0.0,0.0,2023-08-19,2023-08-02,True
e3ce8d5a-bd68-4100-8b4d-1685bdde6aa8,03f2daf5-f0e8-4124-a783-ec988ffe17c7,2023-06-03,Notification,Objection / Hearing,10,7,3,70.0,55,18,10,8,9.4,73,722.87,272.72,450.15,1636,617,1019,37.7,17,10,5,7,29.4,4,3,1,75.0,60,12,2,10,767,212,555,27.6,184.2,9.8,5.3,3,1,2,21.4,5,17,3,14,6.3,33,61,0.0,0.0,2023-08-19,2023-08-02,True
25b77296-221c-49a3-9d76-f02d22d0b033,03f2daf5-f0e8-4124-a783-ec988ffe17c7,2023-07-02,Objection / Hearing,Land & Ownership Verification,10,9,1,90.0,87,18,5,13,4.9,141,722.87,507.68,215.19,1636,1148,488,70.2,17,12,8,5,47.1,4,3,1,75.0,60,2,0,2,767,478,289,62.3,184.2,92.4,50.2,3,2,1,20.0,5,17,11,6,8.2,1,90,,,,,True
8f861c4d-ee92-4bf8-abc2-ee2ce0df98b6,03f2daf5-f0e8-4124-a783-ec988ffe17c7,2023-07-11,Objection / Hearing,Land & Ownership Verification,10,9,1,90.0,35,18,8,10,7.3,168,722.87,551.42,171.45,1636,1247,389,76.3,17,15,7,2,41.2,4,3,1,75.0,60,4,0,4,767,352,415,45.9,184.2,113.0,61.3,3,2,1,26.9,5,17,10,7,21.6,10,99,,,,,True
02f887e8-ec8c-4700-b279-280fa9b12c51,03f2daf5-f0e8-4124-a783-ec988ffe17c7,2023-07-23,Objection / Hearing,Land & Ownership Verification,10,10,0,100.0,0,18,3,15,2.8,167,722.87,722.87,0.0,1636,1636,0,100.0,17,16,11,1,64.7,4,4,0,100.0,60,2,0,2,767,683,84,89.0,184.2,160.0,86.9,3,2,1,11.1,5,17,11,6,41.0,22,111,,,,,True
feba6603-6bef-4fd2-90f7-55b9987d3156,8b90d58d-4005-4601-a879-d1da6f27a99c,2020-07-11,Initial Assessment / SIA,Notification,9,0,9,0.0,77,19,19,0,43.5,35,320.64,45.19,275.45,1570,221,1349,14.1,20,3,2,17,10.0,7,0,7,0.0,85,18,18,0,520,41,479,7.9,443.1,0.0,0.0,17,0,17,3.3,2,4,0,4,10.8,34,34,0.0,6.0,2020-08-22,2020-08-28,True
182d7a67-6d66-4a5c-b410-f675866ca51c,8b90d58d-4005-4601-a879-d1da6f27a99c,2020-09-11,Objection / Hearing,Land & Ownership Verification,9,3,6,33.3,23,19,18,1,40.7,39,320.64,6.34,314.3,1570,31,1539,2.0,20,1,0,19,0.0,7,1,6,14.3,85,32,32,0,520,36,484,6.9,443.1,0.0,0.0,17,1,16,14.2,2,4,0,4,7.3,14,96,0.0,11.0,2021-01-20,2021-01-31,True
81b723fe-898e-4342-89ec-17b5884eb97f,8b90d58d-4005-4601-a879-d1da6f27a99c,2020-09-28,Objection / Hearing,Land & Ownership Verification,9,1,8,11.1,26,19,17,2,39.2,64,320.64,57.33,263.31,1570,280,1290,17.9,20,3,2,17,10.0,7,1,6,14.3,85,17,11,6,520,0,520,0.0,443.1,25.8,5.8,17,3,14,6.1,2,4,0,4,39.2,31,113,0.0,11.0,2021-01-20,2021-01-31,True
8c2d5ed8-751e-40c3-811f-cc0c86e8cd1f,8b90d58d-4005-4601-a879-d1da6f27a99c,2020-12-01,Land & Ownership Verification,Award / Valuation,9,4,5,44.4,48,19,16,3,35.8,162,320.64,47.91,272.73,1570,234,1336,14.9,20,5,4,15,20.0,7,3,4,42.9,85,17,13,4,520,0,520,0.0,443.1,0.0,0.0,17,7,10,29.8,2,4,0,4,27.6,32,177,0.0,17.0,2021-05-19,2021-06-05,True
8380100c-a5f8-48e5-8528-b95cde61a593,8b90d58d-4005-4601-a879-d1da6f27a99c,2021-05-06,Award / Valuation,Compensation Disbursement,9,6,3,66.7,46,19,14,5,31.8,65,320.64,150.81,169.83,1570,738,832,47.0,20,11,7,9,35.0,7,5,2,71.4,85,5,1,4,520,200,320,38.5,443.1,103.2,23.3,17,8,9,16.1,2,4,2,2,9.3,95,333,1.0,34.0,2021-07-16,2021-08-19,True
4e6ab7a0-4d97-4dee-9a97-a3f5db3d1cda,8b90d58d-4005-4601-a879-d1da6f27a99c,2021-06-06,Compensation Disbursement,Rehabilitation & Resettlement,9,7,2,77.8,80,19,9,10,19.0,16,320.64,134.7,185.94,1570,659,911,42.0,20,13,9,7,45.0,7,6,1,85.7,85,7,0,7,520,204,316,39.2,443.1,149.2,33.7,17,12,5,7.8,2,4,1,3,23.6,1,364,1.0,44.0,2021-09-06,2021-10-20,True
86e473c6-ffff-488a-bb5a-ea58e1e28a6c,8b90d58d-4005-4601-a879-d1da6f27a99c,2021-06-08,Compensation Disbursement,Rehabilitation & Resettlement,9,6,3,66.7,5,19,12,7,26.2,14,320.64,245.52,75.12,1570,1202,368,76.6,20,14,9,6,45.0,7,5,2,71.4,85,6,0,6,520,279,241,53.7,443.1,175.9,39.7,17,11,6,23.7,2,4,2,2,38.3,3,366,1.0,44.0,2021-09-06,2021-10-20,True
c1711588-f058-45c2-94c8-aeeb82b0c33a,8b90d58d-4005-4601-a879-d1da6f27a99c,2021-08-07,Compensation Disbursement,Rehabilitation & Resettlement,9,8,1,88.9,72,19,9,10,18.9,96,320.64,225.31,95.33,1570,1103,467,70.3,20,15,10,5,50.0,7,6,1,85.7,85,3,0,3,520,336,184,64.6,443.1,200.5,45.2,17,12,5,11.0,2,4,2,2,44.1,63,426,1.0,44.0,2021-09-06,2021-10-20,True
c2767a4c-91d2-4192-a394-5a4a74e87aca,8b90d58d-4005-4601-a879-d1da6f27a99c,2022-01-05,Acquisition Completion,,9,9,0,100.0,0,19,5,14,10.4,90,320.64,320.64,0.0,1570,1570,0,100.0,20,20,13,0,65.0,7,7,0,100.0,85,2,0,2,520,520,0,100.0,443.1,380.1,85.8,17,16,1,18.6,2,4,3,1,19.8,22,577,,,,,True
e8d18c74-847c-4a9a-9d6b-577f2350c46a,fe1d7b6f-d797-4e83-9e78-51356723d810,2020-07-02,Initial Assessment / SIA,Notification,13,0,13,0.0,74,6,6,0,35.5,138,279.71,10.81,268.9,262,10,252,3.9,10,0,0,10,0.0,8,1,7,12.5,79,23,15,8,156,11,145,7.1,372.3,9.4,2.5,24,0,24,28.5,5,7,0,7,43.3,36,36,0.0,7.0,2020-09-02,2020-09-09,True
ed192b73-d93b-4858-a087-b7eac9fdbe70,fe1d7b6f-d797-4e83-9e78-51356723d810,2021-04-22,Compensation Disbursement,Rehabilitation & Resettlement,13,8,5,61.5,19,6,5,1,27.0,15,279.71,75.06,204.65,262,70,192,26.8,10,4,2,6,20.0,8,3,5,37.5,79,11,2,9,156,21,135,13.5,372.3,36.4,9.8,24,8,16,10.2,5,7,3,4,44.5,20,330,1.0,33.0,2021-09-25,2021-10-28,True
ec848d95-1c37-4dab-a7fc-5dc8f4f4cf00,fe1d7b6f-d797-4e83-9e78-51356723d810,2021-10-18,Rehabilitation & Resettlement,Possession,13,12,1,92.3,66,6,4,2,18.9,12,279.71,157.29,122.42,262,147,115,56.2,10,7,5,3,50.0,8,7,1,87.5,79,4,0,4,156,71,85,45.5,372.3,191.6,51.5,24,13,11,27.1,5,7,3,4,24.5,117,509,1.0,43.0,2021-12-25,2022-02-06,True
9e14294b-6680-458a-9a7b-caeec9a626ce,fe1d7b6f-d797-4e83-9e78-51356723d810,2022-01-31,Possession,Acquisition Completion,13,11,2,84.6,24,6,2,4,8.7,48,279.71,229.4,50.31,262,214,48,82.0,10,8,5,2,50.0,8,8,0,100.0,79,6,0,6,156,114,42,73.1,372.3,216.7,58.2,24,18,6,11.5,5,7,5,2,34.5,95,614,1.0,81.0,2022-04-01,2022-06-21,True
9a2b6627-bed9-40d6-aaef-3df688e516d9,fe1d7b6f-d797-4e83-9e78-51356723d810,2022-03-12,Acquisition Completion,,13,12,1,92.3,67,6,3,3,12.5,155,279.71,238.97,40.74,262,223,39,85.4,10,8,6,2,60.0,8,8,0,100.0,79,1,0,1,156,120,36,76.9,372.3,247.0,66.3,24,22,2,6.3,5,7,4,3,9.5,34,654,,,,,True
2680977b-18d4-4ff7-80bf-a3e81a2d8bf8,fe1d7b6f-d797-4e83-9e78-51356723d810,2022-03-16,Acquisition Completion,,13,13,0,100.0,0,6,2,4,8.5,73,279.71,259.75,19.96,262,243,19,92.9,10,9,5,1,50.0,8,7,1,87.5,79,4,0,4,156,125,31,80.1,372.3,193.2,51.9,24,19,5,18.5,5,7,5,2,39.2,38,658,,,,,True
785003fd-5d5f-4feb-b3cc-846d359ee0fa,fe1d7b6f-d797-4e83-9e78-51356723d810,2022-05-14,Acquisition Completion,,13,13,0,100.0,0,6,2,4,11.8,133,279.71,279.71,0.0,262,262,0,100.0,10,9,5,1,50.0,8,7,1,87.5,79,3,0,3,156,147,9,94.2,372.3,285.5,76.7,24,21,3,6.9,5,7,5,2,22.1,97,717,,,,,True
d2042bbd-d581-4b17-9fee-49e73d57c636,78ba9f72-71d1-412d-9e7c-f592ddbd6801,2020-06-19,Notification,Objection / Hearing,3,1,2,33.3,57,1,1,0,3.8,15,82.49,0.0,82.49,1543,0,1543,0.0,6,1,0,5,0.0,3,0,3,0.0,69,11,9,2,528,29,499,5.5,41.0,1.9,4.6,12,3,9,26.3,7,13,0,13,30.2,41,118,0.0,14.0,2020-11-08,2020-11-22,True
dd9f07a9-a854-4572-8da6-f0418dac3ba7,78ba9f72-71d1-412d-9e7c-f592ddbd6801,2020-09-02,Notification,Objection / Hearing,3,1,2,33.3,78,1,1,0,2.4,93,82.49,5.92,76.57,1543,110,1433,7.2,6,2,1,4,16.7,3,1,2,33.3,69,7,4,3,528,0,528,0.0,41.0,0.0,0.0,12,4,8,11.7,7,13,2,11,36.6,116,193,0.0,14.0,2020-11-08,2020-11-22,True
255b6a56-5ad8-4b07-8d9e-d89e45203db0,78ba9f72-71d1-412d-9e7c-f592ddbd6801,2021-01-28,Land & Ownership Verification,Award / Valuation,3,2,1,66.7,15,1,1,0,1.8,101,82.49,45.9,36.59,1543,858,685,55.6,6,3,1,3,16.7,3,1,2,33.3,69,5,2,3,528,112,416,21.2,41.0,6.2,15.1,12,5,7,14.1,7,13,5,8,21.4,67,341,0.0,22.0,2021-03-06,2021-03-28,True
a190453d-c9e8-4f58-9142-0eadb3d91bf3,78ba9f72-71d1-412d-9e7c-f592ddbd6801,2021-04-27,Rehabilitation & Resettlement,Possession,3,2,1,66.7,47,1,1,0,1.9,61,82.49,49.46,33.03,1543,925,618,60.0,6,4,2,2,33.3,3,2,1,66.7,69,12,0,12,528,268,260,50.8,41.0,18.4,44.9,12,8,4,25.1,7,13,7,6,42.9,14,430,0.0,5.0,2021-08-28,2021-09-02,True
934645a0-82f5-4c8b-a971-dbb4031092eb,78ba9f72-71d1-412d-9e7c-f592ddbd6801,2021-04-28,Rehabilitation & Resettlement,Possession,3,2,1,66.7,47,1,1,0,1.8,116,82.49,43.8,38.69,1543,819,724,53.1,6,4,2,2,33.3,3,2,1,66.7,69,4,0,4,528,279,249,52.8,41.0,9.6,23.4,12,7,5,9.9,7,13,8,5,42.2,15,431,0.0,5.0,2021-08-28,2021-09-02,True
75df4699-5ae1-49cc-b2c6-9600a1005406,78ba9f72-71d1-412d-9e7c-f592ddbd6801,2021-06-09,Possession,Acquisition Completion,3,3,0,100.0,0,1,1,0,2.0,166,82.49,62.05,20.44,1543,1160,383,75.2,6,5,3,1,50.0,3,2,1,66.7,69,4,0,4,528,375,153,71.0,41.0,17.3,42.2,12,8,4,22.4,7,13,9,4,14.4,15,473,0.0,0.0,2021-12-06,2021-12-04,True
fb1ae1eb-5a87-4d50-a001-f9b896fa4d13,f28a905d-d603-4756-a114-70ba54599e6a,2022-06-16,Objection / Hearing,Land & Ownership Verification,11,4,7,36.4,71,17,12,5,17.8,167,1030.74,40.2,990.54,1071,41,1030,3.9,18,7,4,11,22.2,8,3,5,37.5,86,17,3,14,530,11,519,2.1,260.7,21.0,8.1,21,7,14,4.0,7,3,0,3,21.2,40,289,1.0,114.0,2022-07-13,2022-11-04,True
a52c495c-a811-43cc-97ba-2df8adda09cd,f28a905d-d603-4756-a114-70ba54599e6a,2022-12-25,Compensation Disbursement,Rehabilitation & Resettlement,11,7,4,63.6,79,17,7,10,10.0,68,1030.74,525.6,505.14,1071,546,525,51.0,18,9,6,9,33.3,8,6,2,75.0,86,7,0,7,530,240,290,45.3,260.7,83.9,32.2,21,10,11,23.7,7,3,1,2,23.1,16,481,1.0,196.0,2023-02-08,2023-08-23,True
3460e69e-b7e0-4884-87e6-b335196d1e79,f28a905d-d603-4756-a114-70ba54599e6a,2023-01-11,Compensation Disbursement,Rehabilitation & Resettlement,11,8,3,72.7,42,17,8,9,11.2,124,1030.74,546.08,484.66,1071,567,504,53.0,18,13,8,5,44.4,8,6,2,75.0,86,8,2,6,530,243,287,45.8,260.7,53.8,20.6,21,9,12,27.0,7,3,1,2,15.4,33,498,1.0,196.0,2023-02-08,2023-08-23,True
558c1571-4e5c-4401-b0d3-a941f26940b2,f28a905d-d603-4756-a114-70ba54599e6a,2023-02-25,Compensation Disbursement,Rehabilitation & Resettlement,11,9,2,81.8,6,17,7,10,10.5,143,1030.74,646.28,384.46,1071,671,400,62.7,18,10,5,8,27.8,8,6,2,75.0,86,5,0,5,530,297,233,56.0,260.7,62.6,24.0,21,12,9,15.6,7,3,2,1,26.7,78,543,1.0,196.0,2023-02-08,2023-08-23,True
6c26f023-5b25-4096-80ad-6aa71c247424,f28a905d-d603-4756-a114-70ba54599e6a,2023-02-28,Compensation Disbursement,Rehabilitation & Resettlement,11,9,2,81.8,76,17,9,8,12.8,50,1030.74,496.85,533.89,1071,516,555,48.2,18,12,8,6,44.4,8,7,1,87.5,86,6,0,6,530,295,235,55.7,260.7,92.4,35.4,21,15,6,29.4,7,3,2,1,13.8,81,546,1.0,196.0,2023-02-08,2023-08-23,True
420f3021-a549-48a5-9a9a-96435027c7fb,f28a905d-d603-4756-a114-70ba54599e6a,2023-05-03,Rehabilitation & Resettlement,Possession,11,10,1,90.9,26,17,8,9,10.8,89,1030.74,605.67,425.07,1071,629,442,58.8,18,13,7,5,38.9,8,7,1,87.5,86,9,0,9,530,327,203,61.7,260.7,148.4,56.9,21,16,5,24.7,7,3,1,2,17.4,40,610,1.0,216.0,2023-03-10,2023-10-12,True
b7614694-9daf-4f19-8912-097f1ee2fa79,f28a905d-d603-4756-a114-70ba54599e6a,2023-07-19,Rehabilitation & Resettlement,Possession,11,11,0,100.0,0,17,6,11,8.9,25,1030.74,751.58,279.16,1071,780,291,72.9,18,16,11,2,61.1,8,7,1,87.5,86,11,0,11,530,414,116,78.1,260.7,170.2,65.3,21,18,3,21.0,7,3,1,2,22.2,117,687,1.0,216.0,2023-03-10,2023-10-12,True
02dacc6a-05c7-4daa-a96d-17829307a8e8,99843987-c4a6-4cc8-ac66-7ec8c6d6cea5,2020-03-19,Initial Assessment / SIA,Notification,4,0,4,0.0,7,7,7,0,1.9,36,59.28,3.24,56.04,853,46,807,5.5,26,2,1,24,3.8,4,0,4,0.0,26,8,8,0,265,44,221,16.6,19.3,0.0,0.0,12,0,12,7.8,5,17,0,17,44.5,11,11,1.0,44.0,2020-07-27,2020-09-09,True
22eb0e65-e9b8-4f58-9e13-2b6ddfdf1cb2,99843987-c4a6-4cc8-ac66-7ec8c6d6cea5,2020-03-20,Initial Assessment / SIA,Notification,4,0,4,0.0,6,7,6,1,1.6,88,59.28,0.0,59.28,853,0,853,0.0,26,0,0,26,0.0,4,0,4,0.0,26,7,7,0,265,40,225,15.1,19.3,1.4,7.3,12,0,12,20.0,5,17,0,17,19.5,12,12,1.0,44.0,2020-07-27,2020-09-09,True
47ba6b7e-eb1a-47cd-975a-29ae61e6893d,99843987-c4a6-4cc8-ac66-7ec8c6d6cea5,2020-06-06,Initial Assessment / SIA,Notification,4,0,4,0.0,26,7,7,0,1.7,134,59.28,0.0,59.28,853,0,853,0.0,26,3,2,23,7.7,4,0,4,0.0,26,6,6,0,265,0,265,0.0,19.3,0.3,1.6,12,0,12,3.7,5,17,0,17,11.9,90,90,1.0,44.0,2020-07-27,2020-09-09,True
99437b60-98fb-4203-b5d0-c13e73661129,99843987-c4a6-4cc8-ac66-7ec8c6d6cea5,2021-02-05,Land & Ownership Verification,Award / Valuation,4,1,3,25.0,20,7,5,2,1.3,48,59.28,10.78,48.5,853,155,698,18.2,26,8,5,18,19.2,4,2,2,50.0,26,2,2,0,265,13,252,4.9,19.3,0.0,0.0,12,4,8,27.4,5,17,4,13,43.2,71,334,1.0,204.0,2021-03-05,2021-09-25,True
d5b62b8a-55da-41ae-83a2-0c1bf529b606,99843987-c4a6-4cc8-ac66-7ec8c6d6cea5,2021-05-05,Award / Valuation,Compensation Disbursement,4,2,2,50.0,66,7,5,2,1.3,21,59.28,16.56,42.72,853,238,615,27.9,26,10,7,16,26.9,4,2,2,50.0,26,5,1,4,265,16,249,6.0,19.3,1.4,7.3,12,6,6,29.6,5,17,4,13,35.7,20,423,1.0,231.0,2021-05-24,2022-01-10,True
d0119031-91a6-4ed2-abfa-76bae87b217a,99843987-c4a6-4cc8-ac66-7ec8c6d6cea5,2021-11-14,Compensation Disbursement,Rehabilitation & Resettlement,4,3,1,75.0,30,7,5,2,1.2,44,59.28,38.05,21.23,853,547,306,64.2,26,16,10,10,38.5,4,3,1,75.0,26,3,0,3,265,131,134,49.4,19.3,5.8,30.1,12,6,6,7.3,5,17,9,8,13.9,50,616,1.0,291.0,2021-08-27,2022-06-14,True
7cd80c39-3e41-4ec0-b1ca-2b3f6e3ce2de,99843987-c4a6-4cc8-ac66-7ec8c6d6cea5,2022-10-16,Acquisition Completion,,4,3,1,75.0,62,7,2,5,0.4,69,59.28,50.73,8.55,853,729,124,85.6,26,26,16,0,61.5,4,4,0,100.0,26,0,0,0,265,232,33,87.5,19.3,15.4,79.8,12,11,1,24.4,5,17,13,4,43.8,70,952,,,,,True
4194879b-d7be-4ad2-8751-1689d7865ee0,46ecfd07-573b-45ac-b7a8-321ca7f29d57,2021-03-06,Notification,Objection / Hearing,11,1,10,9.1,68,19,19,0,43.9,111,2097.79,229.17,1868.62,216,23,193,10.9,16,0,0,16,0.0,3,1,2,33.3,33,8,5,3,63,3,60,4.8,439.4,0.0,0.0,16,1,15,6.3,4,17,0,17,37.6,36,84,1.0,100.0,2021-07-28,2021-11-05,True
83f00751-fa61-44d2-ba64-d7d6bc1b9ca7,46ecfd07-573b-45ac-b7a8-321ca7f29d57,2021-05-18,Objection / Hearing,Land & Ownership Verification,11,3,8,27.3,41,19,14,5,31.9,13,2097.79,78.29,2019.5,216,8,208,3.7,16,0,0,16,0.0,3,0,3,0.0,33,9,7,2,63,0,63,0.0,439.4,0.0,0.0,16,2,14,14.9,4,17,1,16,20.0,2,157,1.0,128.0,2021-10-18,2022-02-23,True
133eccaf-ea26-45f5-88c4-c27c447cbe0d,46ecfd07-573b-45ac-b7a8-321ca7f29d57,2021-05-30,Objection / Hearing,Land & Ownership Verification,11,2,9,18.2,86,19,16,3,36.6,21,2097.79,0.0,2097.79,216,0,216,0.0,16,3,2,13,12.5,3,1,2,33.3,33,12,12,0,63,0,63,0.0,439.4,0.0,0.0,16,1,15,27.2,4,17,3,14,10.8,14,169,1.0,128.0,2021-10-18,2022-02-23,True
4b359b67-cbc8-4d2d-818e-1ec33abf1905,46ecfd07-573b-45ac-b7a8-321ca7f29d57,2022-07-31,Compensation Disbursement,Rehabilitation & Resettlement,11,8,3,72.7,13,19,11,8,23.7,179,2097.79,987.77,1110.02,216,101,115,47.1,16,10,5,6,31.2,3,2,1,66.7,33,3,0,3,63,35,28,55.6,439.4,188.7,42.9,16,9,7,15.2,4,17,7,10,41.6,94,596,1.0,185.0,2022-05-11,2022-11-12,True
11d43394-a741-4659-a56f-3b8a6022021e,46ecfd07-573b-45ac-b7a8-321ca7f29d57,2022-12-22,Possession,Acquisition Completion,11,9,2,81.8,73,19,8,11,18.3,51,2097.79,1615.49,482.3,216,166,50,77.0,16,16,11,0,68.8,3,3,0,100.0,33,1,0,1,63,42,21,66.7,439.4,199.0,45.3,16,12,4,13.3,4,17,12,5,26.0,40,740,1.0,259.0,2022-11-09,2023-07-26,True
5fd05cd6-7941-4866-ad9b-c8c5e20a896b,46ecfd07-573b-45ac-b7a8-321ca7f29d57,2023-03-01,Possession,Acquisition Completion,11,11,0,100.0,0,19,8,11,16.6,34,2097.79,1863.51,234.28,216,191,25,88.8,16,12,8,4,50.0,3,3,0,100.0,33,3,0,3,63,54,9,85.7,439.4,253.1,57.6,16,12,4,16.2,4,17,10,7,30.5,109,809,1.0,259.0,2022-11-09,2023-07-26,True
653590f7-4029-4a2a-b117-d65f79c1e8d7,46ecfd07-573b-45ac-b7a8-321ca7f29d57,2023-05-22,Acquisition Completion,,11,9,2,81.8,60,19,5,14,10.9,38,2097.79,1758.91,338.88,216,181,35,83.8,16,14,9,2,56.2,3,3,0,100.0,33,2,0,2,63,63,0,100.0,439.4,408.5,93.0,16,15,1,15.3,4,17,13,4,12.6,73,891,,,,,True
487975a1-2192-46bb-8d5d-fe136001c952,46ecfd07-573b-45ac-b7a8-321ca7f29d57,2023-06-14,Acquisition Completion,,11,11,0,100.0,0,19,6,13,12.5,134,2097.79,2055.2,42.59,216,211,5,98.0,16,16,7,0,43.8,3,3,0,100.0,33,0,0,0,63,54,9,85.7,439.4,310.0,70.6,16,15,1,10.5,4,17,14,3,7.8,96,914,,,,,True
3f0148c4-19bb-46f9-9a2c-3909fd00ffd5,07389e73-e21d-4646-bca4-a1d8b80f327b,2022-02-09,Objection / Hearing,Land & Ownership Verification,14,5,9,35.7,26,17,15,2,11.2,30,209.7,8.74,200.96,88,3,85,4.2,20,5,3,15,15.0,4,1,3,25.0,9,1,1,0,79,6,73,7.6,131.9,8.8,6.7,18,5,13,16.2,7,7,2,5,40.6,77,264,1.0,67.0,2022-03-14,2022-05-20,True
fa0153ed-dc77-4ad1-b843-b977732a1217,07389e73-e21d-4646-bca4-a1d8b80f327b,2022-02-21,Land & Ownership Verification,Award / Valuation,14,4,10,28.6,69,17,15,2,11.4,51,209.7,7.59,202.11,88,3,85,3.6,20,8,5,12,25.0,4,1,3,25.0,9,1,1,0,79,0,79,0.0,131.9,21.9,16.6,18,4,14,20.3,7,7,1,6,29.5,7,276,1.0,93.0,2022-05-03,2022-08-04,True
2d76add9-5612-4d80-934d-50ee152eba0a,07389e73-e21d-4646-bca4-a1d8b80f327b,2022-05-31,Award / Valuation,Compensation Disbursement,14,8,6,57.1,48,17,12,5,9.0,79,209.7,14.9,194.8,88,6,82,7.1,20,11,7,9,35.0,4,1,3,25.0,9,1,1,0,79,14,65,17.7,131.9,0.0,0.0,18,6,12,22.2,7,7,2,5,25.4,11,375,1.0,139.0,2022-08-03,2022-12-20,True
8d10fbe8-7d9f-4fda-ba63-9f2202a79ed3,07389e73-e21d-4646-bca4-a1d8b80f327b,2023-04-12,Possession,Acquisition Completion,14,14,0,100.0,0,17,8,9,5.9,116,209.7,153.2,56.5,88,64,24,73.1,20,18,12,2,60.0,4,4,0,100.0,9,0,0,0,79,38,41,48.1,131.9,48.2,36.5,18,10,8,25.7,7,7,3,4,7.4,11,691,1.0,241.0,2023-05-08,2024-01-04,True
77d24163-bad3-4fad-96d8-cee190923436,07389e73-e21d-4646-bca4-a1d8b80f327b,2023-05-09,Possession,Acquisition Completion,14,12,2,85.7,37,17,8,9,5.7,33,209.7,122.57,87.13,88,51,37,58.5,20,18,15,2,75.0,4,4,0,100.0,9,0,0,0,79,40,39,50.6,131.9,63.7,48.3,18,11,7,25.1,7,7,5,2,36.2,38,718,1.0,241.0,2023-05-08,2024-01-04,True
a467ee71-e4b0-496a-9026-cbbb9217b30a,d45178d9-37ce-43a3-b718-dcca83525e4a,2021-07-17,Initial Assessment / SIA,Notification,5,0,5,0.0,47,13,13,0,4.4,77,157.6,7.16,150.44,854,38,816,4.5,19,0,0,19,0.0,5,0,5,0.0,27,6,6,0,715,0,715,0.0,43.5,0.0,0.0,15,0,15,19.0,4,5,0,5,31.4,63,63,1.0,57.0,2021-11-28,2022-01-24,True
87b864e0-d33f-45fc-a73d-bb0173c7a775,d45178d9-37ce-43a3-b718-dcca83525e4a,2022-03-25,Objection / Hearing,Land & Ownership Verification,5,2,3,40.0,10,13,11,2,3.5,89,157.6,27.77,129.83,854,150,704,17.6,19,6,4,13,21.1,5,2,3,40.0,27,2,1,1,715,0,715,0.0,43.5,0.0,0.0,15,3,12,11.1,4,5,0,5,35.9,60,314,1.0,135.0,2022-05-15,2022-09-27,True
c593d66f-1131-44fe-a579-77e5fc0b840b,d45178d9-37ce-43a3-b718-dcca83525e4a,2022-05-24,Land & Ownership Verification,Award / Valuation,5,2,3,40.0,88,13,12,1,3.7,142,157.6,35.6,122.0,854,192,662,22.6,19,7,4,12,21.1,5,3,2,60.0,27,1,1,0,715,44,671,6.2,43.5,0.0,0.0,15,7,8,7.1,4,5,1,4,40.9,18,374,1.0,145.0,2022-08-02,2022-12-25,True
2e3ede8e-0228-4491-be3d-61bbec631ad8,d45178d9-37ce-43a3-b718-dcca83525e4a,2023-01-15,Compensation Disbursement,Rehabilitation & Resettlement,5,3,2,60.0,52,13,7,6,2.2,63,157.6,93.52,64.08,854,506,348,59.3,19,11,8,8,42.1,5,4,1,80.0,27,1,0,1,715,305,410,42.7,43.5,13.1,30.1,15,7,8,20.6,4,5,1,4,10.9,21,610,1.0,208.0,2023-01-20,2023-08-16,True
43ea3952-9914-4ea7-9a0e-0b7d31ffbdd4,d45178d9-37ce-43a3-b718-dcca83525e4a,2023-12-10,Possession,Acquisition Completion,5,4,1,80.0,54,13,4,9,1.0,32,157.6,157.6,0.0,854,854,0,100.0,19,19,15,0,78.9,5,4,1,80.0,27,2,0,2,715,573,142,80.1,43.5,25.5,58.6,15,15,0,25.5,4,5,5,0,18.8,116,939,1.0,272.0,2023-05-21,2024-02-17,True
ff5745f0-e390-4df6-9741-a4c1f0b6f983,d45178d9-37ce-43a3-b718-dcca83525e4a,2023-12-25,Possession,Acquisition Completion,5,4,1,80.0,41,13,4,9,1.2,86,157.6,130.33,27.27,854,706,148,82.7,19,18,13,1,68.4,5,5,0,100.0,27,1,0,1,715,715,0,100.0,43.5,34.2,78.6,15,15,0,17.4,4,5,4,1,35.7,131,954,1.0,272.0,2023-05-21,2024-02-17,True
a7122326-a1ed-49df-8de5-18586fe97eca,00bccc39-6479-43c7-a4cf-db4ab1eda337,2021-11-07,Objection / Hearing,Land & Ownership Verification,6,2,4,33.3,14,13,10,3,20.2,124,1020.79,81.87,938.92,249,19,230,8.0,27,8,5,19,18.5,2,1,1,50.0,18,1,1,0,146,0,146,0.0,277.3,35.1,12.7,9,2,7,14.1,4,18,4,14,38.6,105,328,1.0,167.0,2021-11-26,2022-05-12,True
655e9374-5ec0-46ee-b21c-4d6ea5f38e97,00bccc39-6479-43c7-a4cf-db4ab1eda337,2021-11-19,Objection / Hearing,Land & Ownership Verification,6,2,4,33.3,19,13,9,4,19.1,63,1020.79,9.75,1011.04,249,2,247,1.0,27,10,5,17,18.5,2,0,2,0.0,18,3,2,1,146,0,146,0.0,277.3,30.3,10.9,9,2,7,4.9,4,18,5,13,25.0,117,340,1.0,167.0,2021-11-26,2022-05-12,True
61cc8230-787e-4930-a5d9-5c9a96c857b2,00bccc39-6479-43c7-a4cf-db4ab1eda337,2021-12-11,Objection / Hearing,Land & Ownership Verification,6,2,4,33.3,41,13,10,3,19.8,127,1020.79,147.39,873.4,249,35,214,14.4,27,11,6,16,22.2,2,0,2,0.0,18,4,2,2,146,6,140,4.1,277.3,0.0,0.0,9,2,7,15.7,4,18,6,12,36.1,139,362,1.0,167.0,2021-11-26,2022-05-12,True
f9133ebb-7883-4aa0-b874-ac97324f4d36,00bccc39-6479-43c7-a4cf-db4ab1eda337,2021-12-16,Objection / Hearing,Land & Ownership Verification,6,1,5,16.7,64,13,9,4,18.5,69,1020.79,131.0,889.79,249,31,218,12.8,27,10,5,17,18.5,2,0,2,0.0,18,1,1,0,146,0,146,0.0,277.3,14.2,5.1,9,3,6,10.4,4,18,4,14,28.7,144,367,1.0,167.0,2021-11-26,2022-05-12,True
f2a8b8e6-0524-43ad-9935-d9e8fb820010,00bccc39-6479-43c7-a4cf-db4ab1eda337,2022-01-28,Land & Ownership Verification,Award / Valuation,6,2,4,33.3,33,13,9,4,18.5,153,1020.79,152.85,867.94,249,37,212,15.0,27,12,9,15,33.3,2,0,2,0.0,18,1,0,1,146,30,116,20.5,277.3,0.0,0.0,9,3,6,21.4,4,18,5,13,29.8,27,410,1.0,215.0,2022-01-22,2022-08-25,True
d97719d4-70df-4a08-b5a3-4ce4c69633a8,00bccc39-6479-43c7-a4cf-db4ab1eda337,2022-08-12,Award / Valuation,Compensation Disbursement,6,4,2,66.7,64,13,8,5,16.4,50,1020.79,407.49,613.3,249,99,150,39.9,27,18,13,9,48.1,2,1,1,50.0,18,2,1,1,146,63,83,43.2,277.3,18.4,6.6,9,5,4,27.8,4,18,10,8,32.8,92,606,1.0,227.0,2022-05-10,2022-12-23,True
b43d7c39-a0e5-43ca-bc25-5d95f74bdaa1,00bccc39-6479-43c7-a4cf-db4ab1eda337,2022-11-23,Compensation Disbursement,Rehabilitation & Resettlement,6,5,1,83.3,40,13,6,7,11.9,50,1020.79,548.75,472.04,249,133,116,53.8,27,20,13,7,48.1,2,1,1,50.0,18,1,0,1,146,74,72,50.7,277.3,111.3,40.1,9,6,3,5.2,4,18,10,8,29.0,90,709,1.0,266.0,2022-08-22,2023-05-15,True
3c01aeec-d72b-43b5-96ff-3164a8cb503d,00bccc39-6479-43c7-a4cf-db4ab1eda337,2023-05-03,Rehabilitation & Resettlement,Possession,6,6,0,100.0,0,13,4,9,6.4,20,1020.79,928.58,92.21,249,226,23,91.0,27,27,15,0,55.6,2,2,0,100.0,18,0,0,0,146,110,36,75.3,277.3,165.1,59.5,9,6,3,9.1,4,18,14,4,31.4,131,870,1.0,293.0,2022-10-10,2023-07-30,True
d1b8e197-5dfa-4961-8128-a946d07caf53,00bccc39-6479-43c7-a4cf-db4ab1eda337,2023-09-23,Acquisition Completion,,6,6,0,100.0,0,13,3,10,5.7,87,1020.79,754.26,266.53,249,183,66,73.9,27,27,23,0,85.2,2,2,0,100.0,18,0,0,0,146,121,25,82.9,277.3,194.5,70.1,9,9,0,14.6,4,18,14,4,5.8,55,1013,,,,,True
cc99ad4c-0c95-4995-b03a-01a50fad0cf7,1c720ec4-17df-4734-a646-67b89209fad2,2023-06-10,Notification,Objection / Hearing,6,1,5,16.7,72,17,14,3,28.3,127,1432.94,12.09,1420.85,914,7,907,0.8,17,3,2,14,11.8,8,2,6,25.0,14,2,2,0,829,92,737,11.1,343.2,1.8,0.5,24,1,23,10.8,2,17,1,16,42.3,93,143,1.0,49.0,2023-09-13,2023-11-01,True
1de7381d-6de3-4554-9086-681d7087ad2c,1c720ec4-17df-4734-a646-67b89209fad2,2023-07-06,Notification,Objection / Hearing,6,1,5,16.7,48,17,15,2,29.7,161,1432.94,11.98,1420.96,914,7,907,0.8,17,5,3,12,17.6,8,2,6,25.0,14,3,2,1,829,0,829,0.0,343.2,0.0,0.0,24,2,22,12.7,2,17,1,16,34.4,119,169,1.0,49.0,2023-09-13,2023-11-01,True
6d3d4e9a-b17d-49af-9d00-bc5aa32d621d,1c720ec4-17df-4734-a646-67b89209fad2,2023-08-11,Notification,Objection / Hearing,6,1,5,16.7,24,17,13,4,25.6,158,1432.94,0.0,1432.94,914,0,914,0.0,17,3,1,14,5.9,8,3,5,37.5,14,1,1,0,829,19,810,2.3,343.2,0.0,0.0,24,5,19,25.3,2,17,3,14,31.2,155,205,1.0,49.0,2023-09-13,2023-11-01,True
736b7c08-8bd9-4269-b125-33644bb00eb4,1c720ec4-17df-4734-a646-67b89209fad2,2023-08-13,Notification,Objection / Hearing,6,2,4,33.3,24,17,16,1,30.4,136,1432.94,0.0,1432.94,914,0,914,0.0,17,5,3,12,17.6,8,2,6,25.0,14,2,1,1,829,90,739,10.9,343.2,0.0,0.0,24,1,23,13.2,2,17,4,13,31.9,157,207,1.0,49.0,2023-09-13,2023-11-01,True
ae5b0d87-c365-41c0-ac54-136c2da994db,1c720ec4-17df-4734-a646-67b89209fad2,2023-11-15,Land & Ownership Verification,Award / Valuation,6,3,3,50.0,71,17,11,6,21.4,103,1432.94,374.15,1058.79,914,238,676,26.1,17,8,5,9,29.4,8,3,5,37.5,14,3,2,1,829,171,658,20.6,343.2,0.0,0.0,24,11,13,23.4,2,17,7,10,43.6,14,301,1.0,95.0,2024-01-24,2024-04-28,True
769a0e05-c942-41f9-bb35-c8485cd42505,1c720ec4-17df-4734-a646-67b89209fad2,2024-11-22,Possession,Acquisition Completion,6,5,1,83.3,85,17,8,9,14.9,70,1432.94,900.15,532.79,914,574,340,62.8,17,15,10,2,58.8,8,8,0,100.0,14,0,0,0,829,657,172,79.3,343.2,227.8,66.4,24,19,5,18.5,2,17,13,4,32.4,2,674,1.0,187.0,2024-09-26,2025-04-01,True
66c13752-ad61-4b3a-b8c8-93d836c4c9f4,1c720ec4-17df-4734-a646-67b89209fad2,2025-02-15,Acquisition Completion,,6,6,0,100.0,0,17,4,13,7.5,162,1432.94,1104.13,328.81,914,704,210,77.1,17,17,12,0,70.6,8,8,0,100.0,14,0,0,0,829,812,17,97.9,343.2,250.9,73.1,24,23,1,6.5,2,17,11,6,44.4,23,759,,,,,True
3f80745b-7e89-44d4-877d-cd3c8ea7e03d,1c720ec4-17df-4734-a646-67b89209fad2,2025-03-03,Acquisition Completion,,6,6,0,100.0,0,17,4,13,7.2,127,1432.94,1265.74,167.2,914,807,107,88.3,17,17,12,0,70.6,8,7,1,87.5,14,0,0,0,829,689,140,83.1,343.2,321.8,93.8,24,23,1,7.7,2,17,14,3,37.2,39,775,,,,,True
90dddaa7-84ea-4fa3-acb6-379c7e41244a,3ea9e52b-af49-446c-92fa-400ff9d625d5,2023-04-04,Compensation Disbursement,Rehabilitation & Resettlement,4,3,1,75.0,5,10,5,5,10.0,44,747.56,287.28,460.28,116,44,72,38.4,7,3,2,4,28.6,4,2,2,50.0,77,11,0,11,51,20,31,39.2,205.3,57.8,28.2,7,3,4,28.8,2,17,9,8,31.0,37,719,1.0,317.0,2023-01-18,2023-12-01,True
9cfd9f70-b7e5-418a-828c-bfbce1ce6cd2,3ea9e52b-af49-446c-92fa-400ff9d625d5,2023-04-10,Compensation Disbursement,Rehabilitation & Resettlement,4,3,1,75.0,70,10,7,3,14.2,103,747.56,346.46,401.1,116,53,63,46.3,7,4,2,3,28.6,4,3,1,75.0,77,16,3,13,51,18,33,35.3,205.3,42.0,20.5,7,4,3,26.9,2,17,8,9,15.6,43,725,1.0,317.0,2023-01-18,2023-12-01,True
f3116a76-6c4a-4eef-b5e0-7998e10a2dda,3ea9e52b-af49-446c-92fa-400ff9d625d5,2023-09-15,Rehabilitation & Resettlement,Possession,4,4,0,100.0,0,10,6,4,11.0,178,747.56,407.41,340.15,116,63,53,54.5,7,5,3,2,42.9,4,3,1,75.0,77,10,0,10,51,21,30,41.2,205.3,85.3,41.5,7,3,4,8.9,2,17,7,10,37.8,33,883,1.0,363.0,2023-05-12,2024-05-09,True
a618d4e7-b45a-4d51-9025-3240ab31f47f,3ea9e52b-af49-446c-92fa-400ff9d625d5,2024-01-17,Possession,Acquisition Completion,4,3,1,75.0,62,10,6,4,11.1,42,747.56,430.27,317.29,116,66,50,57.6,7,5,4,2,57.1,4,3,1,75.0,77,3,0,3,51,30,21,58.8,205.3,103.7,50.5,7,5,2,27.5,2,17,11,6,11.3,47,1007,1.0,445.0,2023-08-31,2024-11-18,True
53b95379-c898-4a27-88f5-d3faccef1c73,3ea9e52b-af49-446c-92fa-400ff9d625d5,2024-05-11,Acquisition Completion,,4,4,0,100.0,0,10,3,7,5.8,114,747.56,682.11,65.45,116,105,11,91.2,7,6,4,1,57.1,4,3,1,75.0,77,5,0,5,51,36,15,70.6,205.3,121.8,59.3,7,5,2,10.5,2,17,9,8,12.9,2,1122,,,,,True
15f58d09-57b8-4828-8a45-13824c527b03,480a94dd-2b74-4eba-8c38-d4cbaa97bd3d,2020-02-05,Initial Assessment / SIA,Notification,12,0,12,0.0,36,17,16,1,22.3,60,1094.0,164.62,929.38,881,132,749,15.0,26,0,0,26,0.0,8,0,8,0.0,44,10,10,0,158,0,158,0.0,242.6,0.0,0.0,5,0,5,4.7,6,16,0,16,7.8,8,8,0.0,9.0,2020-05-06,2020-05-15,True
d72f2bc2-e0c5-465c-b5fb-b33bf85c112f,480a94dd-2b74-4eba-8c38-d4cbaa97bd3d,2020-07-30,Objection / Hearing,Land & Ownership Verification,12,5,7,41.7,76,17,14,3,19.5,124,1094.0,92.95,1001.05,881,74,807,8.5,26,9,6,17,23.1,8,3,5,37.5,44,9,5,4,158,15,143,9.5,242.6,1.3,0.5,5,0,5,4.6,6,16,2,14,43.4,76,184,0.0,0.0,2020-09-24,2020-09-20,True
fe4b4787-83b0-4966-92d7-826e59764db1,480a94dd-2b74-4eba-8c38-d4cbaa97bd3d,2020-12-06,Award / Valuation,Compensation Disbursement,12,4,8,33.3,42,17,12,5,16.3,79,1094.0,178.07,915.93,881,143,738,16.3,26,16,10,10,38.5,8,4,4,50.0,44,4,1,3,158,39,119,24.7,242.6,0.0,0.0,5,1,4,17.5,6,16,6,10,37.8,77,313,1.0,39.0,2021-02-07,2021-03-18,True
ff0c61f4-364b-419f-803b-b1aac178bca1,480a94dd-2b74-4eba-8c38-d4cbaa97bd3d,2021-01-28,Compensation Disbursement,Rehabilitation & Resettlement,12,7,5,58.3,54,17,10,7,13.8,140,1094.0,535.43,558.57,881,431,450,48.9,26,15,10,11,38.5,8,5,3,62.5,44,2,1,1,158,32,126,20.3,242.6,43.4,17.9,5,2,3,9.3,6,16,6,10,27.0,42,366,0.0,29.0,2021-04-09,2021-05-08,True
4e7bdc31-9597-4c0f-bc2f-e5f91d2df176,480a94dd-2b74-4eba-8c38-d4cbaa97bd3d,2021-08-31,Possession,Acquisition Completion,12,12,0,100.0,0,17,10,7,13.2,168,1094.0,804.21,289.79,881,647,234,73.5,26,26,17,0,65.4,8,8,0,100.0,44,4,0,4,158,96,62,60.8,242.6,158.4,65.3,5,4,1,11.0,6,16,9,7,20.9,115,581,1.0,47.0,2021-11-28,2022-01-14,True
d2e38f22-5c8a-4ac6-80b0-45fea8ab8593,2d19ab7b-cf14-430f-be27-f8e4f0fcbe99,2022-09-30,Initial Assessment / SIA,Notification,4,0,4,0.0,64,10,8,2,23.9,129,1151.89,0.0,1151.89,485,0,485,0.0,19,0,0,19,0.0,2,0,2,0.0,54,9,9,0,124,0,124,0.0,299.0,0.0,0.0,22,0,22,18.3,5,5,0,5,33.1,71,71,1.0,114.0,2023-02-13,2023-06-07,True
fa7532a5-3344-4247-a3b2-5af399a0db28,2d19ab7b-cf14-430f-be27-f8e4f0fcbe99,2023-01-25,Notification,Objection / Hearing,4,1,3,25.0,11,10,8,2,23.8,29,1151.89,0.0,1151.89,485,0,485,0.0,19,3,1,16,5.3,2,0,2,0.0,54,13,11,2,124,4,120,3.2,299.0,6.6,2.2,22,6,16,13.0,5,5,1,4,21.9,27,188,1.0,131.0,2023-03-16,2023-07-25,True
323d2f13-59ef-4f45-88cc-fea732e5a2a5,2d19ab7b-cf14-430f-be27-f8e4f0fcbe99,2023-01-29,Notification,Objection / Hearing,4,0,4,0.0,47,10,10,0,29.7,114,1151.89,0.0,1151.89,485,0,485,0.0,19,5,3,14,15.8,2,0,2,0.0,54,8,4,4,124,0,124,0.0,299.0,0.0,0.0,22,2,20,22.3,5,5,0,5,9.4,31,192,1.0,131.0,2023-03-16,2023-07-25,True
94bfb4f6-24b7-4f85-873c-57a201ac7043,2d19ab7b-cf14-430f-be27-f8e4f0fcbe99,2023-04-27,Notification,Objection / Hearing,4,1,3,25.0,23,10,8,2,22.2,155,1151.89,359.64,792.25,485,151,334,31.2,19,4,3,15,15.8,2,0,2,0.0,54,12,5,7,124,1,123,0.8,299.0,0.0,0.0,22,5,17,8.8,5,5,0,5,26.9,119,280,1.0,131.0,2023-03-16,2023-07-25,True
aad2d710-af02-44b0-9395-e01b3c785222,2d19ab7b-cf14-430f-be27-f8e4f0fcbe99,2023-10-16,Land & Ownership Verification,Award / Valuation,4,2,2,50.0,63,10,8,2,22.0,82,1151.89,499.23,652.66,485,210,275,43.3,19,10,7,9,36.8,2,1,1,50.0,54,5,1,4,124,24,100,19.4,299.0,1.5,0.5,22,10,12,14.4,5,5,1,4,17.2,83,452,1.0,183.0,2023-07-19,2024-01-18,True
370f1c47-2420-44bc-8d93-77ceaa2415b8,2d19ab7b-cf14-430f-be27-f8e4f0fcbe99,2024-03-13,Compensation Disbursement,Rehabilitation & Resettlement,4,3,1,75.0,63,10,6,4,17.2,149,1151.89,634.28,517.61,485,267,218,55.1,19,15,9,4,47.4,2,1,1,50.0,54,3,0,3,124,50,74,40.3,299.0,99.5,33.3,22,15,7,25.9,5,5,2,3,7.1,55,601,1.0,232.0,2023-11-18,2024-07-07,True
817978ff-6554-4269-8fc8-b6faca66d492,2d19ab7b-cf14-430f-be27-f8e4f0fcbe99,2024-09-18,Possession,Acquisition Completion,4,3,1,75.0,32,10,4,6,10.0,81,1151.89,951.33,200.56,485,400,85,82.6,19,18,11,1,57.9,2,2,0,100.0,54,3,0,3,124,103,21,83.1,299.0,199.8,66.8,22,18,4,13.4,5,5,2,3,18.6,73,790,1.0,297.0,2024-06-04,2025-03-28,True
c081a0a2-b481-407d-87b6-0c969c83a5bb,2d19ab7b-cf14-430f-be27-f8e4f0fcbe99,2024-10-14,Possession,Acquisition Completion,4,3,1,75.0,11,10,4,6,9.7,176,1151.89,845.06,306.83,485,355,130,73.4,19,19,11,0,57.9,2,2,0,100.0,54,3,0,3,124,90,34,72.6,299.0,202.7,67.8,22,17,5,16.1,5,5,2,3,22.7,99,816,1.0,297.0,2024-06-04,2025-03-28,True
87cbbf33-8fa4-480f-8cf4-4b50bad6f236,2d19ab7b-cf14-430f-be27-f8e4f0fcbe99,2025-01-18,Acquisition Completion,,4,3,1,75.0,15,10,3,7,6.4,168,1151.89,1056.09,95.8,485,444,41,91.7,19,17,15,2,78.9,2,1,1,50.0,54,1,0,1,124,109,15,87.9,299.0,274.9,91.9,22,19,3,3.6,5,5,4,1,9.2,45,912,,,,,True
4c0f4ad1-be85-4203-85c1-bf51ba0c7b5c,97e451f7-a065-4bda-aa7c-5ba5494c31e4,2020-06-04,Initial Assessment / SIA,Notification,4,0,4,0.0,6,7,7,0,44.6,70,1142.91,0.0,1142.91,1668,0,1668,0.0,27,0,0,27,0.0,7,1,6,14.3,42,16,16,0,775,0,775,0.0,445.5,7.2,1.6,23,1,22,28.7,7,4,0,4,27.4,66,66,1.0,113.0,2020-09-30,2021-01-21,True
2504f29e-bf40-4ebe-80fa-9f19245cebc5,97e451f7-a065-4bda-aa7c-5ba5494c31e4,2021-02-13,Objection / Hearing,Land & Ownership Verification,4,1,3,25.0,13,7,5,2,26.8,11,1142.91,68.67,1074.24,1668,100,1568,6.0,27,8,5,19,18.5,7,2,5,28.6,42,4,2,2,775,0,775,0.0,445.5,0.0,0.0,23,3,20,29.5,7,4,1,3,10.8,23,320,1.0,222.0,2021-04-07,2021-11-15,True
135a8d5b-473b-4e53-bf9a-f09f5ea207da,97e451f7-a065-4bda-aa7c-5ba5494c31e4,2021-06-08,Objection / Hearing,Land & Ownership Verification,4,1,3,25.0,62,7,5,2,30.8,147,1142.91,296.72,846.19,1668,433,1235,26.0,27,11,8,16,29.6,7,3,4,42.9,42,9,7,2,775,72,703,9.3,445.5,0.0,0.0,23,8,15,17.7,7,4,0,4,29.6,138,435,1.0,222.0,2021-04-07,2021-11-15,True
1c1b5ed3-0fd8-4ceb-95ef-04d160e172db,97e451f7-a065-4bda-aa7c-5ba5494c31e4,2021-11-05,Land & Ownership Verification,Award / Valuation,4,2,2,50.0,48,7,4,3,23.4,67,1142.91,361.45,781.46,1668,527,1141,31.6,27,13,9,14,33.3,7,4,3,57.1,42,10,3,7,775,321,454,41.4,445.5,46.1,10.3,23,11,12,25.2,7,4,1,3,40.6,78,585,1.0,264.0,2021-06-15,2022-03-06,True
110db7bf-f985-4feb-88d4-77d9eaa62f0c,97e451f7-a065-4bda-aa7c-5ba5494c31e4,2022-08-10,Rehabilitation & Resettlement,Possession,4,3,1,75.0,19,7,4,3,22.4,103,1142.91,451.34,691.57,1668,658,1010,39.5,27,20,13,7,48.1,7,5,2,71.4,42,3,0,3,775,418,357,53.9,445.5,152.2,34.2,23,16,7,25.4,7,4,2,2,39.4,14,863,1.0,411.0,2022-03-19,2023-05-04,True
8bbdbf53-bae2-41e3-9422-5cea783336b4,97e451f7-a065-4bda-aa7c-5ba5494c31e4,2022-09-27,Rehabilitation & Resettlement,Possession,4,3,1,75.0,44,7,3,4,14.4,24,1142.91,750.36,392.55,1668,1095,573,65.7,27,21,14,6,51.9,7,7,0,100.0,42,2,0,2,775,426,349,55.0,445.5,201.0,45.1,23,16,7,16.4,7,4,2,2,26.1,62,911,1.0,411.0,2022-03-19,2023-05-04,True
36e7a52f-f0f3-421d-81df-bbc20926d495,97e451f7-a065-4bda-aa7c-5ba5494c31e4,2022-10-14,Rehabilitation & Resettlement,Possession,4,4,0,100.0,0,7,4,3,20.6,21,1142.91,659.87,483.04,1668,963,705,57.7,27,20,11,7,40.7,7,6,1,85.7,42,2,0,2,775,548,227,70.7,445.5,225.0,50.5,23,18,5,8.0,7,4,2,2,42.0,79,928,1.0,411.0,2022-03-19,2023-05-04,True
8742a6a6-06d3-45ef-847a-5e3ec06a2af9,97e451f7-a065-4bda-aa7c-5ba5494c31e4,2022-11-17,Rehabilitation & Resettlement,Possession,4,3,1,75.0,75,7,2,5,11.5,19,1142.91,908.53,234.38,1668,1325,343,79.5,27,20,14,7,51.9,7,7,0,100.0,42,3,0,3,775,476,299,61.4,445.5,208.9,46.9,23,16,7,28.5,7,4,2,2,24.9,113,962,1.0,411.0,2022-03-19,2023-05-04,True
e136ad37-8186-4aa7-a778-766f76d231de,97e451f7-a065-4bda-aa7c-5ba5494c31e4,2023-03-25,Possession,Acquisition Completion,4,4,0,100.0,0,7,2,5,9.8,146,1142.91,925.28,217.63,1668,1350,318,81.0,27,20,16,7,59.3,7,7,0,100.0,42,3,0,3,775,493,282,63.6,445.5,303.2,68.1,23,18,5,19.9,7,4,2,2,19.1,116,1090,1.0,455.0,2022-07-03,2023-10-01,True
b27a8981-6b39-4e4b-acf0-dd81bc5a20a1,df8ecacc-0c6a-4031-b688-ecafd8a29b18,2021-02-02,Objection / Hearing,Land & Ownership Verification,9,1,8,11.1,43,7,6,1,24.8,97,489.14,16.37,472.77,766,25,741,3.3,29,7,4,22,13.8,5,2,3,40.0,18,3,2,1,236,0,236,0.0,307.4,35.7,11.6,19,4,15,27.8,7,7,1,6,9.5,39,237,1.0,70.0,2021-04-07,2021-06-16,True
c5e4b686-cf10-4a95-b535-d7bd919c2a94,df8ecacc-0c6a-4031-b688-ecafd8a29b18,2021-02-12,Objection / Hearing,Land & Ownership Verification,9,3,6,33.3,12,7,7,0,26.7,133,489.14,30.78,458.36,766,48,718,6.3,29,11,7,18,24.1,5,1,4,20.0,18,4,3,1,236,0,236,0.0,307.4,24.4,7.9,19,3,16,25.3,7,7,1,6,16.1,49,247,1.0,70.0,2021-04-07,2021-06-16,True
3b2bb297-b289-493e-9633-bcb6dae9003c,df8ecacc-0c6a-4031-b688-ecafd8a29b18,2021-04-01,Land & Ownership Verification,Award / Valuation,9,4,5,44.4,20,7,4,3,16.5,21,489.14,24.0,465.14,766,37,729,4.9,29,13,8,16,27.6,5,2,3,40.0,18,4,2,2,236,17,219,7.2,307.4,0.0,0.0,19,6,13,26.8,7,7,0,7,28.8,29,295,1.0,87.0,2021-05-16,2021-08-11,True
d7c3b5ee-4ae1-4a9a-ba8f-78bf107ed176,df8ecacc-0c6a-4031-b688-ecafd8a29b18,2021-06-24,Award / Valuation,Compensation Disbursement,9,6,3,66.7,11,7,6,1,26.2,131,489.14,95.17,393.97,766,149,617,19.5,29,10,7,19,24.1,5,2,3,40.0,18,1,1,0,236,37,199,15.7,307.4,30.3,9.9,19,3,16,11.8,7,7,2,5,36.5,8,379,1.0,107.0,2021-08-03,2021-11-18,True
48b2dc25-cc75-4bed-b246-8dac14117d4f,df8ecacc-0c6a-4031-b688-ecafd8a29b18,2021-12-03,Rehabilitation & Resettlement,Possession,9,6,3,66.7,43,7,5,2,18.4,111,489.14,243.07,246.07,766,380,386,49.7,29,18,12,11,41.4,5,4,1,80.0,18,1,0,1,236,102,134,43.2,307.4,109.0,35.5,19,10,9,20.0,7,7,4,3,8.0,15,541,1.0,190.0,2022-03-25,2022-10-01,True
f23d4cda-95bd-4523-8232-6842e3f7cf4f,df8ecacc-0c6a-4031-b688-ecafd8a29b18,2022-08-31,Possession,Acquisition Completion,9,9,0,100.0,0,7,2,5,8.3,54,489.14,480.98,8.16,766,753,13,98.3,29,27,22,2,75.9,5,4,1,80.0,18,0,0,0,236,209,27,88.6,307.4,218.0,70.9,19,16,3,9.6,7,7,5,2,41.2,115,812,1.0,191.0,2022-05-06,2022-11-13,True
a6dbe82d-cd30-46f7-9037-fd77b04b1552,6598fc6e-0d7d-47b0-be70-6ec5b780792a,2022-12-14,Initial Assessment / SIA,Notification,14,1,13,7.1,12,7,7,0,14.4,142,538.23,0.0,538.23,518,0,518,0.0,18,1,0,17,0.0,8,0,8,0.0,15,3,3,0,427,0,427,0.0,153.2,25.7,16.8,17,1,16,18.2,2,15,0,15,13.3,84,84,1.0,54.0,2023-02-05,2023-03-31,True
55ffd606-92b7-4dc6-bbf5-5d410cfa8591,6598fc6e-0d7d-47b0-be70-6ec5b780792a,2023-03-21,Notification,Objection / Hearing,14,2,12,14.3,58,7,7,0,14.2,146,538.23,40.21,498.02,518,38,480,7.5,18,4,2,14,11.1,8,4,4,50.0,15,4,3,1,427,0,427,0.0,153.2,0.0,0.0,17,4,13,3.8,2,15,3,12,24.5,74,181,1.0,86.0,2023-03-12,2023-06-06,True
d225f79c-6bc0-4518-ab10-8223f1722ae4,6598fc6e-0d7d-47b0-be70-6ec5b780792a,2023-07-27,Land & Ownership Verification,Award / Valuation,14,5,9,35.7,45,7,6,1,11.1,124,538.23,92.81,445.42,518,89,429,17.2,18,5,3,13,16.7,8,5,3,62.5,15,3,1,2,427,75,352,17.6,153.2,0.0,0.0,17,3,14,28.7,2,15,5,10,19.7,51,309,1.0,170.0,2023-08-13,2024-01-30,True
d0c98d0a-caf4-4478-be5d-168d33dc0a01,6598fc6e-0d7d-47b0-be70-6ec5b780792a,2024-02-27,Compensation Disbursement,Rehabilitation & Resettlement,14,10,4,71.4,74,7,5,2,8.8,53,538.23,273.55,264.68,518,263,255,50.8,18,9,6,9,33.3,8,5,3,62.5,15,0,0,0,427,215,212,50.4,153.2,41.1,26.8,17,9,8,12.0,2,15,7,8,26.6,28,524,1.0,207.0,2023-12-23,2024-07-17,True
0ae47218-4c6d-408a-800c-dc8be97e8f6d,6598fc6e-0d7d-47b0-be70-6ec5b780792a,2024-06-21,Rehabilitation & Resettlement,Possession,14,14,0,100.0,0,7,4,3,6.6,140,538.23,436.43,101.8,518,420,98,81.1,18,15,9,3,50.0,8,8,0,100.0,15,0,0,0,427,219,208,51.3,153.2,66.5,43.4,17,13,4,28.5,2,15,9,6,39.3,48,639,1.0,258.0,2024-03-12,2024-11-25,True
040e00b0-133b-46de-88e2-be9ddda5966e,6598fc6e-0d7d-47b0-be70-6ec5b780792a,2024-09-02,Possession,Acquisition Completion,14,14,0,100.0,0,7,4,3,6.8,92,538.23,416.35,121.88,518,400,118,77.4,18,17,9,1,50.0,8,7,1,87.5,15,0,0,0,427,300,127,70.3,153.2,71.4,46.6,17,12,5,28.6,2,15,9,6,9.3,47,712,1.0,285.0,2024-04-19,2025-01-29,True
9f27c419-bfee-4b38-b75a-e6efc82bff26,6598fc6e-0d7d-47b0-be70-6ec5b780792a,2024-10-23,Possession,Acquisition Completion,14,14,0,100.0,0,7,2,5,3.6,167,538.23,424.97,113.26,518,408,110,79.0,18,16,10,2,55.6,8,8,0,100.0,15,1,0,1,427,327,100,76.6,153.2,120.7,78.8,17,14,3,19.7,2,15,10,5,32.7,98,763,1.0,285.0,2024-04-19,2025-01-29,True
7e13c5b7-f045-4204-b3e7-f2d54e9adc56,6598fc6e-0d7d-47b0-be70-6ec5b780792a,2024-11-09,Possession,Acquisition Completion,14,12,2,85.7,70,7,3,4,5.6,81,538.23,494.04,44.19,518,475,43,91.8,18,18,15,0,83.3,8,7,1,87.5,15,0,0,0,427,367,60,85.9,153.2,117.9,77.0,17,13,4,16.2,2,15,9,6,5.4,115,780,1.0,285.0,2024-04-19,2025-01-29,True
28014fdd-58e1-4a87-8859-8cca05a76c3b,0f46ab48-f975-46e0-a0a0-646e09f0e50d,2021-04-27,Notification,Objection / Hearing,4,1,3,25.0,63,18,14,4,8.3,166,83.81,0.88,82.93,88,0,88,1.0,5,1,0,4,0.0,9,2,7,22.2,21,3,2,1,70,2,68,2.9,107.7,0.0,0.0,13,2,11,13.0,4,19,3,16,39.7,102,284,1.0,220.0,2021-05-18,2021-12-24,True
2de84622-9ee7-4061-833c-4798f15db4ad,0f46ab48-f975-46e0-a0a0-646e09f0e50d,2022-02-18,Land & Ownership Verification,Award / Valuation,4,2,2,50.0,56,18,11,7,6.3,154,83.81,33.34,50.47,88,35,53,39.8,5,2,1,3,20.0,9,6,3,66.7,21,4,1,3,70,27,43,38.6,107.7,0.0,0.0,13,6,7,24.4,4,19,9,10,8.5,56,581,1.0,259.0,2021-08-24,2022-05-10,True
1d2db7bc-f636-4741-9cfb-ccdddbe2eec2,0f46ab48-f975-46e0-a0a0-646e09f0e50d,2022-03-23,Award / Valuation,Compensation Disbursement,4,2,2,50.0,24,18,12,6,7.1,95,83.81,36.98,46.83,88,38,50,44.1,5,2,1,3,20.0,9,7,2,77.8,21,2,1,1,70,23,47,32.9,107.7,9.5,8.8,13,6,7,16.5,4,19,6,13,23.9,32,614,1.0,330.0,2021-11-19,2022-10-15,True
7dae7a3d-b93e-4c91-9290-547eb3b8df74,0f46ab48-f975-46e0-a0a0-646e09f0e50d,2022-04-11,Award / Valuation,Compensation Disbursement,4,2,2,50.0,5,18,9,9,5.3,128,83.81,26.41,57.4,88,27,61,31.5,5,2,1,3,20.0,9,6,3,66.7,21,1,0,1,70,29,41,41.4,107.7,17.3,16.1,13,6,7,29.0,4,19,10,9,26.5,51,633,1.0,330.0,2021-11-19,2022-10-15,True
7fd629a5-2708-41a2-8f34-eca0de47beeb,0f46ab48-f975-46e0-a0a0-646e09f0e50d,2022-04-24,Award / Valuation,Compensation Disbursement,4,2,2,50.0,83,18,10,8,5.4,106,83.81,31.27,52.54,88,32,56,37.3,5,2,1,3,20.0,9,6,3,66.7,21,2,1,1,70,24,46,34.3,107.7,25.7,23.9,13,7,6,5.3,4,19,9,10,34.4,64,646,1.0,330.0,2021-11-19,2022-10-15,True
ff434d06-7c94-4495-99c0-2115435461d4,0f46ab48-f975-46e0-a0a0-646e09f0e50d,2023-01-20,Rehabilitation & Resettlement,Possession,4,3,1,75.0,34,18,8,10,4.3,144,83.81,61.88,21.93,88,64,24,73.8,5,4,2,1,40.0,9,8,1,88.9,21,1,0,1,70,39,31,55.7,107.7,52.1,48.4,13,8,5,27.1,4,19,15,4,16.7,97,917,1.0,448.0,2022-05-12,2023-08-03,True
800dfa58-4d08-4f0b-9d2a-880298a357c3,0070b782-7188-40ae-8ddf-52788c26bb8e,2022-03-15,Objection / Hearing,Land & Ownership Verification,4,1,3,25.0,83,15,11,4,18.0,144,473.4,94.37,379.03,818,163,655,19.9,21,5,3,16,14.3,9,4,5,44.4,84,14,8,6,752,0,752,0.0,266.9,0.0,0.0,22,3,19,6.9,2,14,3,11,15.3,41,260,1.0,60.0,2022-06-12,2022-08-11,True
65bc48bd-93fc-426c-a6bd-a4ab198f56e2,0070b782-7188-40ae-8ddf-52788c26bb8e,2022-05-22,Objection / Hearing,Land & Ownership Verification,4,1,3,25.0,80,15,12,3,21.1,25,473.4,98.35,375.05,818,169,649,20.8,21,6,4,15,19.0,9,4,5,44.4,84,7,2,5,752,0,752,0.0,266.9,0.0,0.0,22,5,17,24.9,2,14,5,9,19.4,109,328,1.0,60.0,2022-06-12,2022-08-11,True
92ec771f-6310-433a-a073-a699f8d73792,0070b782-7188-40ae-8ddf-52788c26bb8e,2022-06-14,Land & Ownership Verification,Award / Valuation,4,1,3,25.0,37,15,12,3,20.5,69,473.4,85.95,387.45,818,148,670,18.2,21,9,5,12,23.8,9,5,4,55.6,84,15,6,9,752,0,752,0.0,266.9,0.0,0.0,22,7,15,10.1,2,14,6,8,44.1,15,351,1.0,73.0,2022-08-24,2022-11-05,True
2640b5c9-d5ea-4f49-b894-87423247eaba,0070b782-7188-40ae-8ddf-52788c26bb8e,2022-09-05,Award / Valuation,Compensation Disbursement,4,2,2,50.0,61,15,10,5,16.5,126,473.4,197.8,275.6,818,341,477,41.8,21,13,8,8,38.1,9,6,3,66.7,84,6,1,5,752,171,581,22.7,266.9,65.5,24.5,22,10,12,22.3,2,14,7,7,23.6,25,434,1.0,95.0,2022-12-11,2023-03-16,True
8d1709bf-f743-4d7f-99ab-6eb4f1b17cbe,0070b782-7188-40ae-8ddf-52788c26bb8e,2022-09-13,Award / Valuation,Compensation Disbursement,4,2,2,50.0,10,15,9,6,15.1,77,473.4,139.43,333.97,818,240,578,29.5,21,11,6,10,28.6,9,5,4,55.6,84,13,2,11,752,214,538,28.5,266.9,22.9,8.6,22,10,12,26.5,2,14,6,8,21.9,33,442,1.0,95.0,2022-12-11,2023-03-16,True
c4de461a-4ec7-4175-b80a-bd4105b90a75,0070b782-7188-40ae-8ddf-52788c26bb8e,2023-02-02,Compensation Disbursement,Rehabilitation & Resettlement,4,3,1,75.0,57,15,9,6,14.9,101,473.4,238.09,235.31,818,411,407,50.3,21,13,8,8,38.1,9,7,2,77.8,84,13,0,13,752,445,307,59.2,266.9,104.5,39.2,22,12,10,20.3,2,14,6,8,14.6,89,584,1.0,129.0,2023-02-12,2023-06-21,True
7fdb9495-bac7-4ed7-bffd-96596f5ec594,0070b782-7188-40ae-8ddf-52788c26bb8e,2023-02-05,Compensation Disbursement,Rehabilitation & Resettlement,4,2,2,50.0,87,15,9,6,15.0,91,473.4,264.62,208.78,818,457,361,55.9,21,16,11,5,52.4,9,8,1,88.9,84,12,0,12,752,394,358,52.4,266.9,81.8,30.6,22,13,9,6.6,2,14,6,8,7.8,92,587,1.0,129.0,2023-02-12,2023-06-21,True
3be2cca7-43d7-46cb-8727-1d68ae5427da,0070b782-7188-40ae-8ddf-52788c26bb8e,2023-05-30,Rehabilitation & Resettlement,Possession,4,3,1,75.0,15,15,8,7,12.7,96,473.4,330.28,143.12,818,570,248,69.8,21,19,12,2,57.1,9,7,2,77.8,84,8,0,8,752,482,270,64.1,266.9,163.2,61.1,22,20,2,12.8,2,14,9,5,26.8,75,701,1.0,159.0,2023-03-20,2023-08-26,True
215a1531-9854-4850-a139-e5bf54cee502,0070b782-7188-40ae-8ddf-52788c26bb8e,2023-07-01,Possession,Acquisition Completion,4,3,1,75.0,37,15,6,9,9.2,145,473.4,341.64,131.76,818,590,228,72.2,21,19,11,2,52.4,9,8,1,88.9,84,6,0,6,752,464,288,61.7,266.9,173.7,65.1,22,17,5,19.4,2,14,9,5,25.3,10,733,1.0,159.0,2023-07-06,2023-12-12,True
752eeac0-b0f2-4cba-9798-62c3a6daea7c,0070b782-7188-40ae-8ddf-52788c26bb8e,2023-07-08,Possession,Acquisition Completion,4,4,0,100.0,0,15,5,10,8.4,137,473.4,332.41,140.99,818,574,244,70.2,21,18,16,3,76.2,9,8,1,88.9,84,4,0,4,752,478,274,63.6,266.9,132.1,49.5,22,18,4,8.6,2,14,8,6,44.0,17,740,1.0,159.0,2023-07-06,2023-12-12,True
6f579f40-91bc-4e6f-8775-db323dce3d73,be6504a2-d293-4043-ba41-8a149c5c3fb4,2023-07-15,Notification,Objection / Hearing,9,1,8,11.1,73,12,10,2,29.1,101,1538.01,0.0,1538.01,1475,0,1475,0.0,17,3,2,14,11.8,5,1,4,20.0,60,7,6,1,228,0,228,0.0,366.8,14.9,4.1,20,2,18,6.0,5,18,3,15,33.9,19,103,0.0,0.0,2023-12-01,2023-11-05,True
ac629c5c-6ea2-42a5-b5c8-9645363a8c4f,be6504a2-d293-4043-ba41-8a149c5c3fb4,2023-09-30,Notification,Objection / Hearing,9,3,6,33.3,46,12,10,2,29.7,71,1538.01,377.02,1160.99,1475,361,1114,24.5,17,4,2,13,11.8,5,1,4,20.0,60,8,7,1,228,0,228,0.0,366.8,0.0,0.0,20,4,16,16.9,5,18,4,14,27.1,96,180,0.0,0.0,2023-12-01,2023-11-05,True
7ac4d2ea-5ff0-4752-a355-7461246b3d2a,be6504a2-d293-4043-ba41-8a149c5c3fb4,2024-01-21,Award / Valuation,Compensation Disbursement,9,4,5,44.4,61,12,7,5,20.4,121,1538.01,651.8,886.21,1475,625,850,42.4,17,8,4,9,23.5,5,2,3,40.0,60,11,4,7,228,17,211,7.5,366.8,6.3,1.7,20,9,11,5.5,5,18,9,9,25.7,30,293,0.0,0.0,2024-08-10,2024-07-20,True
dc97bb0a-548a-4298-ac60-b669d7f220d0,be6504a2-d293-4043-ba41-8a149c5c3fb4,2024-03-23,Award / Valuation,Compensation Disbursement,9,6,3,66.7,41,12,6,6,18.2,61,1538.01,563.33,974.68,1475,540,935,36.6,17,10,6,7,35.3,5,3,2,60.0,60,4,1,3,228,116,112,50.9,366.8,81.1,22.1,20,11,9,24.9,5,18,8,10,13.3,92,355,0.0,0.0,2024-08-10,2024-07-20,True
75253b66-636f-4aa0-9854-1e9f84ae6de1,be6504a2-d293-4043-ba41-8a149c5c3fb4,2024-07-22,Rehabilitation & Resettlement,Possession,9,8,1,88.9,18,12,5,7,14.4,16,1538.01,1123.0,415.01,1475,1076,399,73.0,17,12,10,5,58.8,5,4,1,80.0,60,9,0,9,228,143,85,62.7,366.8,180.1,49.1,20,15,5,15.7,5,18,11,7,32.2,2,476,0.0,0.0,2024-11-27,2024-11-11,True
5992a019-f122-4138-91b7-9224a35e9e28,ac155490-d15d-42cc-8e50-74c7aedbe828,2021-02-03,Initial Assessment / SIA,Notification,11,0,11,0.0,54,6,6,0,45.7,65,1889.96,188.5,1701.46,869,86,783,10.0,19,2,1,17,5.3,2,0,2,0.0,52,17,16,1,699,25,674,3.6,456.6,13.0,2.8,23,0,23,24.0,2,12,0,12,31.3,19,19,0.0,26.0,2021-04-12,2021-05-08,True
ef9d400f-39a2-4310-bce8-8005a50ab5be,ac155490-d15d-42cc-8e50-74c7aedbe828,2022-05-15,Rehabilitation & Resettlement,Possession,11,9,2,81.8,13,6,4,2,23.4,145,1889.96,1332.92,557.04,869,612,257,70.5,19,13,9,6,47.4,2,1,1,50.0,52,5,0,5,699,226,473,32.3,456.6,141.7,31.0,23,14,9,26.1,2,12,6,6,16.5,10,485,1.0,119.0,2022-04-12,2022-08-09,True
81e6e191-f318-448a-bad1-cce0f21ffe51,ac155490-d15d-42cc-8e50-74c7aedbe828,2022-06-10,Rehabilitation & Resettlement,Possession,11,8,3,72.7,30,6,4,2,27.1,54,1889.96,1279.3,610.66,869,588,281,67.7,19,13,8,6,42.1,2,2,0,100.0,52,6,0,6,699,387,312,55.4,456.6,245.3,53.7,23,15,8,9.8,2,12,6,6,23.2,36,511,1.0,119.0,2022-04-12,2022-08-09,True
14e9d355-440a-43e8-beb8-2d5e09d628c6,ac155490-d15d-42cc-8e50-74c7aedbe828,2022-10-28,Acquisition Completion,,11,11,0,100.0,0,6,1,5,6.3,157,1889.96,1602.74,287.22,869,736,133,84.8,19,16,11,3,57.9,2,2,0,100.0,52,3,0,3,699,590,109,84.4,456.6,303.8,66.5,23,20,3,13.1,2,12,8,4,13.8,80,651,,,,,True
536ab153-fb36-405b-8ec3-173b0da32832,ac155490-d15d-42cc-8e50-74c7aedbe828,2023-01-31,Acquisition Completion,,11,9,2,81.8,41,6,1,5,7.1,79,1889.96,1813.77,76.19,869,833,36,96.0,19,19,11,0,57.9,2,1,1,50.0,52,0,0,0,699,639,60,91.4,456.6,374.7,82.1,23,20,3,21.6,2,12,9,3,24.0,175,746,,,,,True
0a62c65b-6317-4255-b93a-985023326162,ac155490-d15d-42cc-8e50-74c7aedbe828,2023-02-18,Acquisition Completion,,11,11,0,100.0,0,6,1,5,3.7,32,1889.96,1889.96,0.0,869,869,0,100.0,19,19,12,0,63.2,2,2,0,100.0,52,0,0,0,699,699,0,100.0,456.6,456.6,100.0,23,22,1,8.1,2,12,8,4,43.7,193,764,,,,,True
e04260a8-f54c-4bd9-8ac8-30f8ad360a63,5d57e6d6-8f15-4bd5-94a3-d9c0ad1dac7b,2022-01-29,Initial Assessment / SIA,Notification,7,0,7,0.0,22,8,8,0,22.0,32,534.09,15.21,518.88,169,4,165,2.8,15,1,0,14,0.0,6,0,6,0.0,9,1,1,0,168,19,149,11.3,221.9,0.0,0.0,9,0,9,8.9,5,7,0,7,6.2,17,17,1.0,72.0,2022-04-21,2022-07-02,True
5903228e-1b96-4a04-8b13-de875293d6d6,5d57e6d6-8f15-4bd5-94a3-d9c0ad1dac7b,2022-09-15,Land & Ownership Verification,Award / Valuation,7,3,4,42.9,53,8,7,1,17.1,14,534.09,81.08,453.01,169,25,144,15.2,15,4,2,11,13.3,6,2,4,33.3,9,1,1,0,168,0,168,0.0,221.9,1.4,0.6,9,2,7,10.6,5,7,1,6,14.4,19,246,1.0,178.0,2022-12-06,2023-06-02,True
e4717ac8-092a-4751-9e6d-7aee4b4287ad,5d57e6d6-8f15-4bd5-94a3-d9c0ad1dac7b,2022-09-28,Land & Ownership Verification,Award / Valuation,7,2,5,28.6,29,8,7,1,18.3,86,534.09,43.05,491.04,169,13,156,8.1,15,3,1,12,6.7,6,2,4,33.3,9,2,2,0,168,0,168,0.0,221.9,0.0,0.0,9,2,7,12.6,5,7,1,6,43.9,32,259,1.0,178.0,2022-12-06,2023-06-02,True
fdc18adb-a2e5-43ca-b84a-8196cfc305f9,5d57e6d6-8f15-4bd5-94a3-d9c0ad1dac7b,2022-11-10,Land & Ownership Verification,Award / Valuation,7,2,5,28.6,75,8,6,2,15.3,146,534.09,124.74,409.35,169,39,130,23.4,15,7,5,8,33.3,6,2,4,33.3,9,1,1,0,168,0,168,0.0,221.9,23.2,10.5,9,2,7,15.3,5,7,1,6,6.2,75,302,1.0,178.0,2022-12-06,2023-06-02,True
cd32d88d-8871-4210-a267-e028059cda56,5d57e6d6-8f15-4bd5-94a3-d9c0ad1dac7b,2023-01-14,Award / Valuation,Compensation Disbursement,7,2,5,28.6,74,8,7,1,18.0,48,534.09,73.22,460.87,169,23,146,13.7,15,5,3,10,20.0,6,2,4,33.3,9,2,2,0,168,43,125,25.6,221.9,33.8,15.2,9,4,5,4.3,5,7,2,5,41.9,11,367,1.0,246.0,2023-02-12,2023-10-16,True
77c795d9-c6fa-4197-aa26-2a689c399f33,5d57e6d6-8f15-4bd5-94a3-d9c0ad1dac7b,2024-03-22,Possession,Acquisition Completion,7,7,0,100.0,0,8,3,5,6.9,169,534.09,480.86,53.23,169,152,17,90.0,15,12,8,3,53.3,6,5,1,83.3,9,0,0,0,168,138,30,82.1,221.9,136.0,61.3,9,7,2,24.6,5,7,5,2,26.0,30,800,1.0,350.0,2023-09-08,2024-08-23,True
da7988a7-6b41-499f-b7d1-22e93b7cdd9b,5d57e6d6-8f15-4bd5-94a3-d9c0ad1dac7b,2024-07-09,Acquisition Completion,,7,7,0,100.0,0,8,2,6,4.8,26,534.09,534.09,0.0,169,169,0,100.0,15,14,10,1,66.7,6,5,1,83.3,9,0,0,0,168,155,13,92.3,221.9,164.6,74.2,9,7,2,13.2,5,7,6,1,23.2,15,909,,,,,True
13608c17-1652-4fde-b0a1-9a87830f7bb2,5d57e6d6-8f15-4bd5-94a3-d9c0ad1dac7b,2024-07-19,Acquisition Completion,,7,6,1,85.7,74,8,2,6,4.3,87,534.09,534.09,0.0,169,169,0,100.0,15,15,9,0,60.0,6,5,1,83.3,9,0,0,0,168,168,0,100.0,221.9,192.6,86.8,9,9,0,29.5,5,7,5,2,26.7,25,919,,,,,True
ea37b60b-b197-4a24-b3ce-bf9280d588db,762c78ec-3971-4040-8913-efe28042cfe1,2021-05-15,Initial Assessment / SIA,Notification,7,0,7,0.0,19,9,8,1,25.1,171,371.05,1.81,369.24,343,1,342,0.5,5,0,0,5,0.0,9,1,8,11.1,84,14,14,0,16,1,15,6.2,294.2,0.0,0.0,19,5,14,17.2,3,3,0,3,5.5,50,50,0.0,30.0,2021-08-01,2021-08-31,True
2f5f44bd-f055-4d7d-8218-e8ffeee68575,762c78ec-3971-4040-8913-efe28042cfe1,2021-06-05,Initial Assessment / SIA,Notification,7,2,5,28.6,39,9,9,0,28.0,60,371.05,0.0,371.05,343,0,343,0.0,5,0,0,5,0.0,9,1,8,11.1,84,20,15,5,16,0,16,0.0,294.2,0.0,0.0,19,1,18,17.5,3,3,0,3,30.9,71,71,0.0,30.0,2021-08-01,2021-08-31,True
01f3e41e-e00f-4763-b128-e83e405664f4,762c78ec-3971-4040-8913-efe28042cfe1,2022-07-03,Award / Valuation,Compensation Disbursement,7,6,1,85.7,81,9,5,4,14.9,64,371.05,317.35,53.7,343,293,50,85.5,5,5,4,0,80.0,9,8,1,88.9,84,5,0,5,16,14,2,87.5,294.2,216.1,73.5,19,13,6,18.0,3,3,2,1,24.7,44,464,,,,,True
7a736310-a7c5-4ef0-ab24-51f7f4b9a02b,762c78ec-3971-4040-8913-efe28042cfe1,2022-07-11,Award / Valuation,Compensation Disbursement,7,6,1,85.7,52,9,3,6,6.6,76,371.05,358.95,12.1,343,331,12,96.7,5,5,2,0,40.0,9,9,0,100.0,84,5,0,5,16,14,2,87.5,294.2,226.1,76.9,19,17,2,14.2,3,3,2,1,8.6,52,472,,,,,True
6e5bcce9-8169-4b19-9219-eb479a08569f,762c78ec-3971-4040-8913-efe28042cfe1,2022-08-19,Award / Valuation,Compensation Disbursement,7,6,1,85.7,71,9,3,6,9.5,118,371.05,367.53,3.52,343,339,4,99.1,5,5,3,0,60.0,9,7,2,77.8,84,3,0,3,16,15,1,93.8,294.2,256.3,87.1,19,17,2,15.4,3,3,2,1,6.2,91,511,,,,,True
c70562c2-fc2d-46be-b46d-a1f3aabd9327,5f09b44b-4cde-4911-af6f-a4ab0914fbb4,2022-03-11,Initial Assessment / SIA,Notification,8,0,8,0.0,18,13,12,1,28.9,33,395.11,12.24,382.87,64,1,63,3.1,26,0,0,26,0.0,2,0,2,0.0,44,4,4,0,47,0,47,0.0,315.8,0.0,0.0,12,1,11,10.3,4,13,0,13,17.3,24,24,1.0,124.0,2022-08-09,2022-12-11,True
d1977daf-51c4-454f-9c85-aed5558a854f,5f09b44b-4cde-4911-af6f-a4ab0914fbb4,2023-04-26,Land & Ownership Verification,Award / Valuation,8,3,5,37.5,87,13,8,5,19.3,22,395.11,70.49,324.62,64,11,53,17.8,26,11,6,15,23.1,2,1,1,50.0,44,4,2,2,47,5,42,10.6,315.8,35.5,11.2,12,6,6,11.5,4,13,2,11,28.3,47,435,1.0,244.0,2023-02-15,2023-10-17,True
5e65f61f-9504-4b43-abf2-5e6cc985845a,5f09b44b-4cde-4911-af6f-a4ab0914fbb4,2023-09-23,Award / Valuation,Compensation Disbursement,8,4,4,50.0,74,13,8,5,18.9,47,395.11,166.98,228.13,64,27,37,42.3,26,13,8,13,30.8,2,1,1,50.0,44,9,2,7,47,11,36,23.4,315.8,48.0,15.2,12,5,7,14.2,4,13,5,8,39.6,23,585,1.0,364.0,2023-05-27,2024-05-25,True
ad3f888f-27b9-45e6-a55b-c3547da3c802,5f09b44b-4cde-4911-af6f-a4ab0914fbb4,2023-11-19,Compensation Disbursement,Rehabilitation & Resettlement,8,4,4,50.0,7,13,7,6,15.6,89,395.11,202.0,193.11,64,32,32,51.1,26,16,14,10,53.8,2,1,1,50.0,44,4,1,3,47,16,31,34.0,315.8,58.2,18.4,12,5,7,8.9,4,13,5,8,30.4,33,642,1.0,464.0,2023-08-23,2024-11-29,True
d84c303d-25c8-49b6-b917-7c9b92b2a868,5f09b44b-4cde-4911-af6f-a4ab0914fbb4,2024-03-27,Compensation Disbursement,Rehabilitation & Resettlement,8,7,1,87.5,14,13,5,8,11.1,37,395.11,269.86,125.25,64,43,21,68.3,26,17,13,9,50.0,2,1,1,50.0,44,8,0,8,47,22,25,46.8,315.8,126.4,40.0,12,6,6,28.5,4,13,7,6,23.8,162,771,1.0,464.0,2023-08-23,2024-11-29,True
109304d8-e161-4c5d-a1bd-669c3bde35ab,5f09b44b-4cde-4911-af6f-a4ab0914fbb4,2024-05-10,Compensation Disbursement,Rehabilitation & Resettlement,8,7,1,87.5,18,13,5,8,11.9,38,395.11,212.83,182.28,64,34,30,53.9,26,19,11,7,42.3,2,1,1,50.0,44,4,0,4,47,31,16,66.0,315.8,122.6,38.8,12,8,4,27.1,4,13,7,6,7.5,206,815,1.0,464.0,2023-08-23,2024-11-29,True
19faef4d-116a-46c7-9477-a85c6a666172,5f09b44b-4cde-4911-af6f-a4ab0914fbb4,2024-10-19,Rehabilitation & Resettlement,Possession,8,8,0,100.0,0,13,4,9,7.3,112,395.11,332.57,62.54,64,53,11,84.2,26,20,16,6,61.5,2,2,0,100.0,44,2,0,2,47,32,15,68.1,315.8,178.8,56.6,12,9,3,25.9,4,13,7,6,29.8,147,977,1.0,539.0,2023-11-01,2025-04-23,True
bf115fb2-8e0e-479e-b410-62b37e249d94,5f09b44b-4cde-4911-af6f-a4ab0914fbb4,2025-01-24,Possession,Acquisition Completion,8,7,1,87.5,8,13,5,8,10.3,28,395.11,363.51,31.6,64,58,6,92.0,26,24,16,2,61.5,2,1,1,50.0,44,1,0,1,47,37,10,78.7,315.8,257.4,81.5,12,10,2,27.3,4,13,10,3,27.9,56,1074,1.0,553.0,2023-12-21,2025-06-26,True
e6a132df-3052-4e4f-9e95-8f20b71de873,5f09b44b-4cde-4911-af6f-a4ab0914fbb4,2025-06-22,Acquisition Completion,,8,7,1,87.5,11,13,2,11,4.2,27,395.11,383.27,11.84,64,62,2,97.0,26,26,18,0,69.2,2,2,0,100.0,44,0,0,0,47,43,4,91.5,315.8,288.3,91.3,12,12,0,17.8,4,13,11,2,44.5,60,1223,,,,,True
d782519a-1ac8-45e3-9f3b-66e4f575af48,1c22b0d2-d542-4768-92ba-cc1520ebefa6,2020-06-16,Initial Assessment / SIA,Notification,9,3,6,33.3,32,12,9,3,33.2,171,464.25,107.08,357.17,1475,340,1135,23.1,5,2,1,3,20.0,8,2,6,25.0,32,3,1,2,739,31,708,4.2,451.1,13.3,2.9,21,5,16,20.6,4,18,3,15,20.8,93,93,0.0,17.0,2020-08-18,2020-09-04,True
383b5036-9dd7-4797-aae6-56e6115bd349,1c22b0d2-d542-4768-92ba-cc1520ebefa6,2020-06-29,Initial Assessment / SIA,Notification,9,4,5,44.4,72,12,8,4,27.8,72,464.25,139.63,324.62,1475,443,1032,30.1,5,2,1,3,20.0,8,5,3,62.5,32,4,2,2,739,153,586,20.7,451.1,0.0,0.0,21,9,12,9.0,4,18,4,14,24.8,106,106,0.0,17.0,2020-08-18,2020-09-04,True
8d22abdd-175d-40bb-9f91-c14ff3bb58bd,1c22b0d2-d542-4768-92ba-cc1520ebefa6,2020-08-14,Notification,Objection / Hearing,9,7,2,77.8,26,12,7,5,22.6,64,464.25,331.36,132.89,1475,1052,423,71.4,5,3,1,2,20.0,8,7,1,87.5,32,6,0,6,739,353,386,47.8,451.1,150.2,33.3,21,13,8,23.5,4,18,10,8,42.2,21,152,0.0,0.0,2020-11-24,2020-11-19,True
c5e77d1e-e472-414d-af16-247d794bbb34,1c22b0d2-d542-4768-92ba-cc1520ebefa6,2020-08-17,Notification,Objection / Hearing,9,7,2,77.8,53,12,7,5,25.2,10,464.25,276.21,188.04,1475,877,598,59.5,5,3,1,2,20.0,8,6,2,75.0,32,4,0,4,739,271,468,36.7,451.1,167.5,37.1,21,13,8,20.0,4,18,10,8,39.6,24,155,0.0,0.0,2020-11-24,2020-11-19,True
4d6b1f2b-8170-4f60-b2a5-2a6c2a881521,1c22b0d2-d542-4768-92ba-cc1520ebefa6,2020-08-22,Notification,Objection / Hearing,9,7,2,77.8,31,12,4,8,13.4,175,464.25,258.31,205.94,1475,820,655,55.6,5,3,2,2,40.0,8,7,1,87.5,32,5,0,5,739,437,302,59.1,451.1,165.0,36.6,21,14,7,18.5,4,18,9,9,40.4,29,160,0.0,0.0,2020-11-24,2020-11-19,True
4b66f8a9-3cc0-4e06-a0d5-164643262a66,1c22b0d2-d542-4768-92ba-cc1520ebefa6,2020-08-25,Notification,Objection / Hearing,9,8,1,88.9,86,12,7,5,25.6,19,464.25,336.53,127.72,1475,1069,406,72.5,5,3,1,2,20.0,8,7,1,87.5,32,3,0,3,739,272,467,36.8,451.1,173.0,38.4,21,14,7,28.1,4,18,8,10,13.6,32,163,0.0,0.0,2020-11-24,2020-11-19,True
49fccbef-623e-4591-8452-af1ad1b83032,1c22b0d2-d542-4768-92ba-cc1520ebefa6,2020-11-12,Objection / Hearing,Land & Ownership Verification,9,8,1,88.9,30,12,3,9,8.7,22,464.25,456.93,7.32,1475,1451,24,98.4,5,5,3,0,60.0,8,7,1,87.5,32,0,0,0,739,711,28,96.2,451.1,337.7,74.9,21,21,0,26.8,4,18,16,2,42.2,69,242,,,,,True
fa0d0a27-ecd3-4000-b56a-766f8b107716,405f63d8-d99a-464a-b5bb-3f4d523c81e4,2023-04-12,Notification,Objection / Hearing,8,1,7,12.5,75,13,11,2,3.2,54,102.18,0.0,102.18,1041,0,1041,0.0,7,1,0,6,0.0,9,1,8,11.1,78,16,9,7,1021,37,984,3.6,39.2,1.2,3.1,21,1,20,4.9,4,14,0,14,32.7,71,114,1.0,74.0,2023-07-20,2023-10-02,True
2835c290-7db7-473e-b1d8-efbfe382c127,405f63d8-d99a-464a-b5bb-3f4d523c81e4,2023-04-17,Notification,Objection / Hearing,8,1,7,12.5,77,13,13,0,3.8,178,102.18,0.0,102.18,1041,0,1041,0.0,7,0,0,7,0.0,9,0,9,0.0,78,23,23,0,1021,111,910,10.9,39.2,0.2,0.5,21,3,18,20.9,4,14,2,12,12.6,76,119,1.0,74.0,2023-07-20,2023-10-02,True
6c276c68-8348-430c-94c3-469a3504414a,405f63d8-d99a-464a-b5bb-3f4d523c81e4,2023-10-18,Land & Ownership Verification,Award / Valuation,8,3,5,37.5,11,13,10,3,2.8,10,102.18,25.29,76.89,1041,257,784,24.8,7,2,1,5,14.3,9,3,6,33.3,78,7,5,2,1021,125,896,12.2,39.2,0.5,1.3,21,9,12,25.8,4,14,5,9,43.9,16,303,1.0,117.0,2023-12-14,2024-04-09,True
5f1c3231-1514-4b09-8a8b-7ad6ff434e2c,405f63d8-d99a-464a-b5bb-3f4d523c81e4,2023-12-30,Award / Valuation,Compensation Disbursement,8,5,3,62.5,29,13,8,5,2.3,140,102.18,52.65,49.53,1041,536,505,51.5,7,3,1,4,14.3,9,6,3,66.7,78,11,3,8,1021,218,803,21.4,39.2,7.1,18.1,21,5,16,22.2,4,14,5,9,41.0,29,376,1.0,140.0,2024-01-30,2024-06-18,True
d5f20fb9-a80f-412f-8094-bf8166409905,405f63d8-d99a-464a-b5bb-3f4d523c81e4,2024-07-17,Rehabilitation & Resettlement,Possession,8,7,1,87.5,76,13,8,5,2.3,156,102.18,54.79,47.39,1041,558,483,53.6,7,5,3,2,42.9,9,8,1,88.9,78,4,0,4,1021,488,533,47.8,39.2,15.1,38.5,21,13,8,3.7,4,14,6,8,35.9,29,576,1.0,219.0,2024-05-05,2024-12-10,True
3c2b36b6-ace1-4922-9959-2edd087ff5af,405f63d8-d99a-464a-b5bb-3f4d523c81e4,2025-03-26,Acquisition Completion,,8,7,1,87.5,83,13,4,9,1.0,96,102.18,91.73,10.45,1041,934,107,89.8,7,7,4,0,57.1,9,9,0,100.0,78,2,0,2,1021,993,28,97.3,39.2,28.0,71.4,21,19,2,3.9,4,14,10,4,32.9,106,828,,,,,True
ee613d7b-e0bd-44c2-8e53-53dfec13a5b7,ba3e3da8-cb8d-4e02-ae0e-22526ca13197,2021-09-23,Initial Assessment / SIA,Notification,6,0,6,0.0,25,19,19,0,37.8,118,445.83,0.0,445.83,1824,0,1824,0.0,11,0,0,11,0.0,2,0,2,0.0,59,14,14,0,1522,123,1399,8.1,382.4,32.2,8.4,7,0,7,24.4,5,6,0,6,39.1,45,45,1.0,172.0,2022-02-28,2022-08-19,True
c89c0f4a-26f1-4044-b8f2-2e765aff6d4c,ba3e3da8-cb8d-4e02-ae0e-22526ca13197,2021-11-26,Initial Assessment / SIA,Notification,6,1,5,16.7,89,19,16,3,30.5,117,445.83,1.11,444.72,1824,4,1820,0.2,11,1,0,10,0.0,2,0,2,0.0,59,18,14,4,1522,0,1522,0.0,382.4,0.0,0.0,7,0,7,15.9,5,6,0,6,43.6,109,109,1.0,172.0,2022-02-28,2022-08-19,True
8b452e52-9202-4285-8b96-66ad7bdbe690,ba3e3da8-cb8d-4e02-ae0e-22526ca13197,2022-01-07,Initial Assessment / SIA,Notification,6,1,5,16.7,55,19,16,3,30.3,110,445.83,0.0,445.83,1824,0,1824,0.0,11,0,0,11,0.0,2,0,2,0.0,59,16,10,6,1522,198,1324,13.0,382.4,0.0,0.0,7,0,7,6.6,5,6,0,6,21.0,151,151,1.0,172.0,2022-02-28,2022-08-19,True
d61e93fb-e087-4bce-bce1-0d6fc7e26e3b,ba3e3da8-cb8d-4e02-ae0e-22526ca13197,2022-03-12,Notification,Objection / Hearing,6,2,4,33.3,66,19,16,3,30.9,88,445.83,90.68,355.15,1824,371,1453,20.3,11,2,1,9,9.1,2,0,2,0.0,59,8,7,1,1522,143,1379,9.4,382.4,0.0,0.0,7,1,6,16.9,5,6,1,5,26.7,61,215,1.0,213.0,2022-04-03,2022-11-02,True
8fdef029-92c8-40bc-b5c3-8d6665bb7ec2,ba3e3da8-cb8d-4e02-ae0e-22526ca13197,2022-05-28,Notification,Objection / Hearing,6,2,4,33.3,9,19,16,3,30.7,120,445.83,60.33,385.5,1824,246,1578,13.5,11,5,3,6,27.3,2,0,2,0.0,59,9,4,5,1522,0,1522,0.0,382.4,21.1,5.5,7,1,6,26.3,5,6,0,6,44.2,138,292,1.0,213.0,2022-04-03,2022-11-02,True
b8d10843-e5a3-4aaa-8a0b-f022789696d8,ba3e3da8-cb8d-4e02-ae0e-22526ca13197,2023-09-20,Compensation Disbursement,Rehabilitation & Resettlement,6,5,1,83.3,65,19,3,16,5.1,46,445.83,345.37,100.46,1824,1413,411,77.5,11,11,7,0,63.6,2,2,0,100.0,59,5,0,5,1522,1240,282,81.5,382.4,245.0,64.1,7,6,1,19.9,5,6,5,1,29.2,94,772,,,,,True
e61e1162-a96a-45fc-8b57-3df261c0573c,1edad9d1-e186-40f9-b85b-99680e01432a,2020-07-02,Initial Assessment / SIA,Notification,7,0,7,0.0,81,14,14,0,44.6,147,883.45,0.0,883.45,284,0,284,0.0,12,1,0,11,0.0,5,0,5,0.0,57,10,10,0,122,5,117,4.1,446.0,67.3,15.1,21,1,20,26.8,6,19,0,19,21.6,36,36,1.0,81.0,2020-09-07,2020-11-27,True
a11e8d82-7aef-449c-b340-9da9e57fa745,1edad9d1-e186-40f9-b85b-99680e01432a,2020-09-18,Initial Assessment / SIA,Notification,7,0,7,0.0,52,14,14,0,44.6,141,883.45,31.13,852.32,284,10,274,3.5,12,1,0,11,0.0,5,1,4,20.0,57,21,21,0,122,4,118,3.3,446.0,0.0,0.0,21,3,18,9.5,6,19,0,19,36.3,114,114,1.0,81.0,2020-09-07,2020-11-27,True
5ca98791-8cdf-4da0-bec8-dea6da996b37,1edad9d1-e186-40f9-b85b-99680e01432a,2020-11-18,Notification,Objection / Hearing,7,0,7,0.0,81,14,13,1,38.5,132,883.45,0.0,883.45,284,0,284,0.0,12,3,2,9,16.7,5,1,4,20.0,57,13,9,4,122,15,107,12.3,446.0,0.0,0.0,21,2,19,5.1,6,19,1,18,28.4,42,175,1.0,136.0,2020-12-14,2021-04-29,True
bfaa1ca6-2441-49e6-a3d3-13a9bab7d5d9,1edad9d1-e186-40f9-b85b-99680e01432a,2020-12-22,Objection / Hearing,Land & Ownership Verification,7,1,6,14.3,62,14,13,1,38.7,148,883.45,0.0,883.45,284,0,284,0.0,12,4,2,8,16.7,5,2,3,40.0,57,17,14,3,122,0,122,0.0,446.0,0.0,0.0,21,4,17,26.0,6,19,1,18,44.9,25,209,1.0,199.0,2021-04-04,2021-10-20,True
6eb53b40-eea7-4cf4-b6e9-f232cba19b50,1edad9d1-e186-40f9-b85b-99680e01432a,2021-03-25,Objection / Hearing,Land & Ownership Verification,7,2,5,28.6,7,14,12,2,36.8,166,883.45,29.48,853.97,284,9,275,3.3,12,3,1,9,8.3,5,2,3,40.0,57,8,6,2,122,0,122,0.0,446.0,16.5,3.7,21,6,15,4.0,6,19,3,16,12.3,118,302,1.0,199.0,2021-04-04,2021-10-20,True
96983051-d183-43d6-8301-99f2e7b34c77,1edad9d1-e186-40f9-b85b-99680e01432a,2022-03-04,Compensation Disbursement,Rehabilitation & Resettlement,7,4,3,57.1,6,14,8,6,23.9,106,883.45,317.23,566.22,284,101,183,35.9,12,5,3,7,25.0,5,3,2,60.0,57,9,2,7,122,44,78,36.1,446.0,106.8,23.9,21,11,10,7.8,6,19,7,12,39.4,8,646,1.0,375.0,2022-02-16,2023-02-26,True
59c43cd1-a0ce-4b6a-9c4d-d56064eec291,1edad9d1-e186-40f9-b85b-99680e01432a,2022-05-12,Compensation Disbursement,Rehabilitation & Resettlement,7,5,2,71.4,52,14,8,6,25.2,20,883.45,405.8,477.65,284,130,154,45.9,12,8,6,4,50.0,5,4,1,80.0,57,7,1,6,122,45,77,36.9,446.0,44.3,9.9,21,14,7,4.2,6,19,9,10,28.3,77,715,1.0,375.0,2022-02-16,2023-02-26,True
904682a2-8d82-4219-a4d7-87391558661f,1edad9d1-e186-40f9-b85b-99680e01432a,2022-11-10,Rehabilitation & Resettlement,Possession,7,6,1,85.7,69,14,6,8,18.4,43,883.45,784.55,98.9,284,252,32,88.8,12,8,5,4,41.7,5,5,0,100.0,57,4,0,4,122,69,53,56.6,446.0,151.6,34.0,21,13,8,25.4,6,19,11,8,30.8,94,897,1.0,411.0,2022-06-04,2023-07-20,True
5521d5f4-075b-4a95-a45d-65ca319dd91c,13395299-ba07-4b0e-ad7b-a1a99f79def5,2020-06-18,Notification,Objection / Hearing,5,1,4,20.0,38,0,0,0,33.2,0,1109.58,53.15,1056.43,977,46,931,4.8,20,1,0,19,0.0,6,1,5,16.7,28,4,4,0,802,0,802,0.0,357.8,0.0,0.0,5,0,5,22.9,2,7,0,7,30.9,26,87,1.0,41.0,2020-10-03,2020-11-13,True
19ac5344-9799-432e-b1cb-fd1b9fdfbe9a,13395299-ba07-4b0e-ad7b-a1a99f79def5,2020-07-27,Notification,Objection / Hearing,5,0,5,0.0,45,0,0,0,32.1,0,1109.58,0.0,1109.58,977,0,977,0.0,20,4,1,16,5.0,6,0,6,0.0,28,5,4,1,802,54,748,6.7,357.8,0.0,0.0,5,0,5,11.9,2,7,0,7,35.6,65,126,1.0,41.0,2020-10-03,2020-11-13,True
2dd33508-fc43-4c5f-b03c-32f7e201f0f4,13395299-ba07-4b0e-ad7b-a1a99f79def5,2020-11-04,Objection / Hearing,Land & Ownership Verification,5,1,4,20.0,78,0,0,0,25.0,0,1109.58,183.31,926.27,977,161,816,16.5,20,3,2,17,10.0,6,1,5,16.7,28,5,2,3,802,47,755,5.9,357.8,0.0,0.0,5,0,5,4.4,2,7,1,6,32.5,71,226,1.0,75.0,2020-12-28,2021-03-13,True
a35288b1-a42e-4bef-9302-209f96d31d9a,13395299-ba07-4b0e-ad7b-a1a99f79def5,2020-12-04,Land & Ownership Verification,Award / Valuation,5,1,4,20.0,57,0,0,0,31.1,0,1109.58,227.26,882.32,977,200,777,20.5,20,5,3,15,15.0,6,1,5,16.7,28,6,3,3,802,0,802,0.0,357.8,0.0,0.0,5,1,4,23.7,2,7,2,5,37.2,21,256,1.0,102.0,2021-02-26,2021-06-08,True
ba6ade90-3d1d-40fc-878c-5d2d48ff6df7,13395299-ba07-4b0e-ad7b-a1a99f79def5,2021-02-09,Land & Ownership Verification,Award / Valuation,5,2,3,40.0,36,0,0,0,23.0,0,1109.58,315.91,793.67,977,278,699,28.5,20,6,4,14,20.0,6,2,4,33.3,28,3,2,1,802,152,650,19.0,357.8,0.0,0.0,5,1,4,14.6,2,7,1,6,37.8,88,323,1.0,102.0,2021-02-26,2021-06-08,True
4fedbb99-b0c2-4515-ae0f-9ccb06b7de5a,13395299-ba07-4b0e-ad7b-a1a99f79def5,2021-02-11,Land & Ownership Verification,Award / Valuation,5,2,3,40.0,68,0,0,0,24.1,0,1109.58,84.75,1024.83,977,74,903,7.6,20,6,3,14,15.0,6,3,3,50.0,28,5,2,3,802,27,775,3.4,357.8,7.2,2.0,5,2,3,9.5,2,7,2,5,41.3,90,325,1.0,102.0,2021-02-26,2021-06-08,True
b4fc6c89-0ba6-4b05-8556-5460076ba3fe,13395299-ba07-4b0e-ad7b-a1a99f79def5,2021-12-31,Possession,Acquisition Completion,5,4,1,80.0,68,0,0,0,14.8,0,1109.58,777.69,331.89,977,684,293,70.1,20,17,13,3,65.0,6,6,0,100.0,28,1,0,1,802,454,348,56.6,357.8,160.0,44.7,5,4,1,6.0,2,7,4,3,43.1,20,648,1.0,251.0,2021-12-05,2022-08-13,True
a17ba971-f592-4d93-ada3-f7e2ebe3d3d5,13395299-ba07-4b0e-ad7b-a1a99f79def5,2022-02-15,Possession,Acquisition Completion,5,4,1,80.0,81,0,0,0,9.4,0,1109.58,816.11,293.47,977,718,259,73.6,20,15,10,5,50.0,6,5,1,83.3,28,1,0,1,802,483,319,60.2,357.8,165.2,46.2,5,3,2,4.7,2,7,5,2,21.4,66,694,1.0,251.0,2021-12-05,2022-08-13,True
1d8221f2-c3fc-468b-867d-7dbcc46d34ba,13395299-ba07-4b0e-ad7b-a1a99f79def5,2022-05-13,Acquisition Completion,,5,5,0,100.0,0,0,0,0,12.7,0,1109.58,746.78,362.8,977,657,320,67.3,20,18,11,2,55.0,6,6,0,100.0,28,1,0,1,802,739,63,92.1,357.8,264.2,73.8,5,5,0,26.4,2,7,4,3,11.4,4,781,,,,,True
83e3fdba-3e78-4ad8-adf0-3990f88a2fa6,13395299-ba07-4b0e-ad7b-a1a99f79def5,2022-05-18,Acquisition Completion,,5,5,0,100.0,0,0,0,0,8.9,0,1109.58,992.41,117.17,977,873,104,89.4,20,20,15,0,75.0,6,6,0,100.0,28,1,0,1,802,672,130,83.8,357.8,255.6,71.4,5,4,1,26.9,2,7,5,2,16.1,9,786,,,,,True
249a66d4-ee2c-426b-982c-7c01ab88f990,69adef1b-a554-42c0-b023-af871df97457,2022-09-18,Objection / Hearing,Land & Ownership Verification,8,2,6,25.0,71,15,12,3,20.0,11,560.05,0.0,560.05,936,0,936,0.0,16,5,3,11,18.8,5,2,3,40.0,53,10,4,6,150,20,130,13.3,259.5,0.0,0.0,21,0,21,18.6,4,8,1,7,22.4,47,222,1.0,97.0,2022-11-01,2023-02-06,True
28d1ffb9-c8dc-4970-96b0-c3cf6bf60294,69adef1b-a554-42c0-b023-af871df97457,2022-10-05,Objection / Hearing,Land & Ownership Verification,8,3,5,37.5,7,15,13,2,21.2,108,560.05,137.56,422.49,936,229,707,24.6,16,3,2,13,12.5,5,1,4,20.0,53,8,7,1,150,9,141,6.0,259.5,16.9,6.5,21,7,14,10.1,4,8,2,6,8.9,64,239,1.0,97.0,2022-11-01,2023-02-06,True
4720c3ec-3d20-4744-a290-3ce0c2964c17,69adef1b-a554-42c0-b023-af871df97457,2023-03-16,Award / Valuation,Compensation Disbursement,8,4,4,50.0,39,15,10,5,15.8,33,560.05,180.78,379.27,936,302,634,32.3,16,5,3,11,18.8,5,2,3,40.0,53,8,3,5,150,28,122,18.7,259.5,14.2,5.5,21,7,14,8.0,4,8,2,6,31.7,38,401,1.0,168.0,2023-03-28,2023-09-12,True
d8847d19-b170-430c-9f91-9ce40b654ab4,69adef1b-a554-42c0-b023-af871df97457,2023-05-06,Compensation Disbursement,Rehabilitation & Resettlement,8,3,5,37.5,76,15,10,5,16.9,165,560.05,257.59,302.46,936,430,506,46.0,16,9,5,7,31.2,5,3,2,60.0,53,7,0,7,150,9,141,6.0,259.5,0.0,0.0,21,9,12,12.0,4,8,2,6,13.9,24,452,1.0,226.0,2023-06-08,2024-01-20,True
7209e624-51fd-403e-a6bd-f24cfd773536,69adef1b-a554-42c0-b023-af871df97457,2023-12-15,Rehabilitation & Resettlement,Possession,8,6,2,75.0,62,15,7,8,10.9,14,560.05,453.85,106.2,936,758,178,81.0,16,13,9,3,56.2,5,5,0,100.0,53,1,0,1,150,89,61,59.3,259.5,122.8,47.3,21,15,6,7.0,4,8,4,4,10.4,94,675,1.0,290.0,2023-09-08,2024-06-24,True
ecf479cc-a32e-483a-a546-31c082e2f55f,69adef1b-a554-42c0-b023-af871df97457,2024-04-20,Possession,Acquisition Completion,8,8,0,100.0,0,15,6,9,8.7,104,560.05,491.68,68.37,936,821,115,87.8,16,15,11,1,68.8,5,4,1,80.0,53,4,0,4,150,102,48,68.0,259.5,132.2,50.9,21,19,2,26.2,4,8,6,2,38.7,91,802,1.0,323.0,2023-11-04,2024-09-22,True
589116e3-b527-4d08-8197-21187065f0d4,69adef1b-a554-42c0-b023-af871df97457,2024-07-13,Acquisition Completion,,8,7,1,87.5,86,15,4,11,6.5,65,560.05,464.11,95.94,936,775,161,82.9,16,16,8,0,50.0,5,4,1,80.0,53,2,0,2,150,115,35,76.7,259.5,162.0,62.4,21,18,3,5.8,4,8,5,3,37.8,19,886,,,,,True
a90f5046-472d-4d45-8e94-ca50a30f340a,7dc5d491-ff6f-4b9f-90e2-1ae11a424b21,2023-12-29,Compensation Disbursement,Rehabilitation & Resettlement,10,8,2,80.0,37,3,2,1,13.2,107,201.14,93.14,108.0,473,219,254,46.3,25,18,11,7,44.0,9,6,3,66.7,21,3,1,2,196,65,131,33.2,223.5,60.5,27.1,18,9,9,14.8,5,12,4,8,34.6,28,556,1.0,155.0,2024-03-26,2024-08-28,True
75b1fb3c-b9ef-4f7e-af08-39dbe289b75a,7dc5d491-ff6f-4b9f-90e2-1ae11a424b21,2024-04-25,Rehabilitation & Resettlement,Possession,10,9,1,90.0,42,3,1,2,5.4,53,201.14,141.18,59.96,473,332,141,70.2,25,18,15,7,60.0,9,7,2,77.8,21,1,0,1,196,134,62,68.4,223.5,99.5,44.5,18,9,9,7.0,5,12,7,5,11.4,14,674,1.0,164.0,2024-05-25,2024-11-05,True
49e08819-624b-4876-bbe4-35fdf571e56b,7dc5d491-ff6f-4b9f-90e2-1ae11a424b21,2024-08-11,Rehabilitation & Resettlement,Possession,10,9,1,90.0,79,3,1,2,6.6,148,201.14,167.41,33.73,473,393,80,83.2,25,23,15,2,60.0,9,9,0,100.0,21,1,0,1,196,145,51,74.0,223.5,115.7,51.8,18,13,5,14.8,5,12,7,5,11.7,122,782,1.0,164.0,2024-05-25,2024-11-05,True
f0f5e40a-f8df-4340-8632-494e839c128e,7dc5d491-ff6f-4b9f-90e2-1ae11a424b21,2024-09-20,Possession,Acquisition Completion,10,10,0,100.0,0,3,2,1,8.5,174,201.14,201.14,0.0,473,473,0,100.0,25,23,15,2,60.0,9,8,1,88.9,21,2,0,2,196,145,51,74.0,223.5,165.2,73.9,18,15,3,19.4,5,12,11,1,27.6,23,822,1.0,183.0,2024-07-16,2025-01-15,True
902aaf72-3ae2-47b1-8a02-bb4b134c0773,7dc5d491-ff6f-4b9f-90e2-1ae11a424b21,2024-10-14,Possession,Acquisition Completion,10,10,0,100.0,0,3,1,2,5.1,67,201.14,187.37,13.77,473,440,33,93.2,25,23,15,2,60.0,9,7,2,77.8,21,1,0,1,196,147,49,75.0,223.5,172.0,77.0,18,15,3,10.6,5,12,8,4,15.3,47,846,1.0,183.0,2024-07-16,2025-01-15,True
b897b5c1-0403-4913-84db-94ee97b2425a,7dc5d491-ff6f-4b9f-90e2-1ae11a424b21,2024-11-10,Acquisition Completion,,10,10,0,100.0,0,3,1,2,6.1,70,201.14,165.2,35.94,473,388,85,82.1,25,23,12,2,48.0,9,8,1,88.9,21,0,0,0,196,175,21,89.3,223.5,187.8,84.0,18,17,1,25.2,5,12,8,4,29.8,5,873,,,,,True
8c67cfe1-210a-4ab2-a9a4-f3732aaab3b6,a4033ae9-8693-4b38-b787-8c741a1acc5d,2023-01-21,Initial Assessment / SIA,Notification,10,2,8,20.0,18,4,4,0,41.9,145,2290.68,127.05,2163.63,412,22,390,5.5,13,0,0,13,0.0,5,0,5,0.0,46,11,9,2,194,0,194,0.0,491.9,0.0,0.0,23,4,19,9.1,5,14,1,13,13.8,34,34,0.0,19.0,2023-04-16,2023-05-05,True
ec61ba2d-f7bc-4a05-9ff0-350dc2b5b70f,a4033ae9-8693-4b38-b787-8c741a1acc5d,2023-04-12,Notification,Objection / Hearing,10,3,7,30.0,77,4,4,0,37.6,101,2290.68,316.41,1974.27,412,56,356,13.8,13,4,2,9,15.4,5,2,3,40.0,46,8,2,6,194,19,175,9.8,491.9,6.7,1.4,23,7,16,25.4,5,14,2,12,5.3,41,115,1.0,59.0,2023-07-03,2023-08-31,True
da5df1c7-977d-4fb0-89c1-c0357f5760d5,a4033ae9-8693-4b38-b787-8c741a1acc5d,2023-07-10,Objection / Hearing,Land & Ownership Verification,10,8,2,80.0,82,4,2,2,24.1,24,2290.68,1351.18,939.5,412,243,169,59.0,13,9,6,4,46.2,5,4,1,80.0,46,2,1,1,194,50,144,25.8,491.9,122.0,24.8,23,16,7,18.7,5,14,7,7,19.2,66,204,1.0,86.0,2023-09-09,2023-12-04,True
ac17e25a-3d0f-4b48-9fa3-82e80c0b731d,a4033ae9-8693-4b38-b787-8c741a1acc5d,2023-09-28,Land & Ownership Verification,Award / Valuation,10,9,1,90.0,23,4,2,2,18.0,12,2290.68,1704.94,585.74,412,306,106,74.4,13,9,6,4,46.2,5,4,1,80.0,46,1,0,1,194,129,65,66.5,491.9,295.5,60.1,23,19,4,24.2,5,14,11,3,16.7,28,284,,,,,True
f15102ab-6855-45e6-9f4d-80365cbf2eca,a4033ae9-8693-4b38-b787-8c741a1acc5d,2023-10-31,Land & Ownership Verification,Award / Valuation,10,10,0,100.0,0,4,2,2,12.4,148,2290.68,1804.41,486.27,412,324,88,78.8,13,11,7,2,53.8,5,5,0,100.0,46,2,0,2,194,184,10,94.8,491.9,236.0,48.0,23,21,2,24.1,5,14,10,4,36.0,61,317,,,,,True
dd2d68bd-1903-4f47-94d5-7aadbe0f4905,fcfe0dd0-fedc-4c7d-b1f0-7bf2a7d9f812,2023-06-26,Objection / Hearing,Land & Ownership Verification,6,2,4,33.3,8,11,9,2,9.6,148,260.93,56.37,204.56,1170,252,918,21.6,17,4,3,13,17.6,3,0,3,0.0,45,4,2,2,754,19,735,2.5,123.0,0.0,0.0,10,3,7,16.1,3,8,2,6,11.2,88,266,0.0,0.0,2023-10-02,2023-09-15,True
7e8af0c9-effe-479f-9591-dc710f351bbf,fcfe0dd0-fedc-4c7d-b1f0-7bf2a7d9f812,2023-09-19,Award / Valuation,Compensation Disbursement,6,3,3,50.0,85,11,8,3,8.6,42,260.93,71.66,189.27,1170,321,849,27.5,17,6,4,11,23.5,3,1,2,33.3,45,7,1,6,754,212,542,28.1,123.0,0.0,0.0,10,4,6,16.4,3,8,2,6,7.0,4,351,0.0,13.0,2024-04-01,2024-04-14,True
d80a786f-e093-44dc-8e69-bed5e7d17fcd,fcfe0dd0-fedc-4c7d-b1f0-7bf2a7d9f812,2024-03-26,Compensation Disbursement,Rehabilitation & Resettlement,6,5,1,83.3,40,11,4,7,4.1,70,260.93,160.8,100.13,1170,721,449,61.6,17,11,7,6,41.2,3,3,0,100.0,45,2,0,2,754,421,333,55.8,123.0,77.3,62.8,10,7,3,26.9,3,8,4,4,39.1,82,540,0.0,8.0,2024-06-23,2024-07-01,True
603ece61-d0cd-4b88-87c5-492d5ca5deab,fcfe0dd0-fedc-4c7d-b1f0-7bf2a7d9f812,2024-06-09,Rehabilitation & Resettlement,Possession,6,6,0,100.0,0,11,6,5,6.7,144,260.93,148.46,112.47,1170,665,505,56.9,17,14,8,3,47.1,3,2,1,66.7,45,3,0,3,754,414,340,54.9,123.0,85.6,69.6,10,7,3,19.1,3,8,5,3,41.0,56,615,0.0,3.0,2024-08-27,2024-08-30,True
cb594d96-e063-42a6-849f-21916513e895,fcfe0dd0-fedc-4c7d-b1f0-7bf2a7d9f812,2024-11-10,Acquisition Completion,,6,6,0,100.0,0,11,2,9,2.1,70,260.93,247.11,13.82,1170,1108,62,94.7,17,17,12,0,70.6,3,2,1,66.7,45,0,0,0,754,732,22,97.1,123.0,85.4,69.4,10,9,1,7.5,3,8,7,1,33.7,72,769,,,,,True
8caf2650-2478-461a-a2c6-be51659cf627,d8be9c1f-a11f-4540-a789-b8800324902b,2022-01-18,Notification,Objection / Hearing,7,1,6,14.3,33,17,14,3,15.3,68,490.9,32.76,458.14,1850,123,1727,6.7,7,1,0,6,0.0,3,0,3,0.0,62,18,12,6,767,46,721,6.0,197.2,0.0,0.0,3,0,3,17.5,7,11,3,8,5.1,132,308,1.0,286.0,2021-11-17,2022-08-30,True
cbd1bb41-ea70-4e01-a33e-353d39dd4a26,d8be9c1f-a11f-4540-a789-b8800324902b,2022-10-08,Land & Ownership Verification,Award / Valuation,7,4,3,57.1,22,17,9,8,10.4,67,490.9,74.26,416.64,1850,279,1571,15.1,7,3,1,4,14.3,3,1,2,33.3,62,14,5,9,767,146,621,19.0,197.2,0.0,0.0,3,1,2,19.2,7,11,5,6,27.1,39,571,1.0,351.0,2022-06-10,2023-05-27,True
a6e0f78e-7f65-43c4-96e7-507612001128,d8be9c1f-a11f-4540-a789-b8800324902b,2023-09-05,Compensation Disbursement,Rehabilitation & Resettlement,7,5,2,71.4,68,17,11,6,11.8,76,490.9,263.96,226.94,1850,994,856,53.8,7,3,2,4,28.6,3,2,1,66.7,62,5,0,5,767,401,366,52.3,197.2,72.8,36.9,3,1,2,23.9,7,11,6,5,38.9,101,903,1.0,500.0,2022-11-01,2024-03-15,True
577bf58c-6246-491e-a366-163fd828a07a,d8be9c1f-a11f-4540-a789-b8800324902b,2024-01-15,Rehabilitation & Resettlement,Possession,7,6,1,85.7,72,17,7,10,7.1,42,490.9,353.56,137.34,1850,1332,518,72.0,7,6,4,1,57.1,3,3,0,100.0,62,5,0,5,767,551,216,71.8,197.2,89.9,45.6,3,2,1,25.9,7,11,8,3,36.6,59,1035,1.0,577.0,2023-02-22,2024-09-21,True
5cf13358-e9a2-405c-9c57-116647b1f048,d8be9c1f-a11f-4540-a789-b8800324902b,2024-11-03,Acquisition Completion,,7,7,0,100.0,0,17,6,11,5.9,27,490.9,488.04,2.86,1850,1839,11,99.4,7,6,3,1,42.9,3,3,0,100.0,62,0,0,0,767,710,57,92.6,197.2,144.9,73.5,3,2,1,5.4,7,11,8,3,22.6,43,1328,,,,,True
28929c07-0a14-43ce-bb38-cfb447ab149d,f14123b4-163c-41de-b0ac-51918ee88f5f,2022-01-18,Objection / Hearing,Land & Ownership Verification,8,1,7,12.5,16,16,16,0,4.2,176,106.45,15.61,90.84,1365,200,1165,14.7,10,2,1,8,10.0,9,1,8,11.1,27,6,4,2,1291,0,1291,0.0,44.6,0.0,0.0,8,0,8,28.4,3,17,1,16,16.5,16,190,1.0,105.0,2022-05-30,2022-09-12,True
d2256f82-4630-4faa-877b-55669ebd02ba,f14123b4-163c-41de-b0ac-51918ee88f5f,2022-08-14,Land & Ownership Verification,Award / Valuation,8,4,4,50.0,12,16,11,5,2.8,32,106.45,19.96,86.49,1365,255,1110,18.8,10,4,2,6,20.0,9,4,5,44.4,27,3,2,1,1291,195,1096,15.1,44.6,1.9,4.3,8,3,5,15.0,3,17,5,12,10.7,67,398,1.0,167.0,2022-09-14,2023-02-28,True
433923ce-d0dd-4251-9289-08070516b875,f14123b4-163c-41de-b0ac-51918ee88f5f,2022-11-17,Award / Valuation,Compensation Disbursement,8,4,4,50.0,59,16,12,4,3.2,143,106.45,39.22,67.23,1365,502,863,36.8,10,4,2,6,20.0,9,6,3,66.7,27,1,1,0,1291,216,1075,16.7,44.6,6.3,14.1,8,3,5,15.2,3,17,7,10,30.1,66,493,1.0,165.0,2022-10-18,2023-04-01,True
4368f005-950d-4a3d-a32b-25ced8ed4b01,f14123b4-163c-41de-b0ac-51918ee88f5f,2023-09-11,Rehabilitation & Resettlement,Possession,8,7,1,87.5,55,16,7,9,1.8,113,106.45,62.1,44.35,1365,796,569,58.3,10,8,5,2,50.0,9,8,1,88.9,27,3,0,3,1291,752,539,58.2,44.6,26.9,60.3,8,6,2,10.8,3,17,10,7,36.9,163,791,1.0,260.0,2023-05-30,2024-02-14,True
147d4272-f0cb-484f-a3d3-13e319e72d63,f14123b4-163c-41de-b0ac-51918ee88f5f,2023-11-05,Possession,Acquisition Completion,8,7,1,87.5,72,16,6,10,1.5,112,106.45,59.83,46.62,1365,767,598,56.2,10,7,4,3,40.0,9,9,0,100.0,27,1,0,1,1291,764,527,59.2,44.6,24.7,55.4,8,5,3,19.9,3,17,11,6,24.7,53,846,1.0,300.0,2023-08-23,2024-06-18,True
7e070601-a6e2-4028-851d-9d5cd94a1bef,82ca1150-c5e6-4e05-9723-6333e01eef9b,2020-05-05,Initial Assessment / SIA,Notification,4,0,4,0.0,71,17,17,0,6.8,165,280.38,0.0,280.38,685,0,685,0.0,5,0,0,5,0.0,7,0,7,0.0,36,11,10,1,293,0,293,0.0,69.0,9.7,14.1,16,0,16,20.3,7,4,0,4,33.8,30,30,0.0,28.0,2020-11-03,2020-12-01,True
2550dbfa-f5e4-4902-96a9-2a6925a51df2,82ca1150-c5e6-4e05-9723-6333e01eef9b,2021-08-11,Award / Valuation,Compensation Disbursement,4,2,2,50.0,9,17,10,7,4.1,110,280.38,106.39,173.99,685,259,426,37.9,5,2,1,3,20.0,7,4,3,57.1,36,7,1,6,293,71,222,24.2,69.0,13.2,19.1,16,6,10,22.0,7,4,1,3,7.0,2,493,1.0,137.0,2021-12-14,2022-04-30,True
b516b6a2-d7f4-48ae-a19c-3fa7ffc29729,82ca1150-c5e6-4e05-9723-6333e01eef9b,2021-08-31,Award / Valuation,Compensation Disbursement,4,2,2,50.0,65,17,9,8,3.4,153,280.38,63.71,216.67,685,155,530,22.7,5,2,1,3,20.0,7,5,2,71.4,36,1,1,0,293,84,209,28.7,69.0,3.4,4.9,16,8,8,22.3,7,4,1,3,32.4,22,513,1.0,137.0,2021-12-14,2022-04-30,True
235dce59-0689-4629-81bb-ba2d1a6c90e2,82ca1150-c5e6-4e05-9723-6333e01eef9b,2021-11-18,Award / Valuation,Compensation Disbursement,4,2,2,50.0,65,17,8,9,3.2,151,280.38,105.39,174.99,685,257,428,37.6,5,3,1,2,20.0,7,4,3,57.1,36,1,0,1,293,109,184,37.2,69.0,18.8,27.2,16,7,9,27.6,7,4,1,3,40.6,101,592,1.0,137.0,2021-12-14,2022-04-30,True
59fc54ac-a199-4ed4-a9d5-7b745ec0e627,82ca1150-c5e6-4e05-9723-6333e01eef9b,2021-12-06,Award / Valuation,Compensation Disbursement,4,2,2,50.0,59,17,10,7,3.7,160,280.38,131.05,149.33,685,320,365,46.7,5,3,1,2,20.0,7,5,2,71.4,36,5,0,5,293,79,214,27.0,69.0,14.4,20.9,16,9,7,10.0,7,4,2,2,10.9,119,610,1.0,137.0,2021-12-14,2022-04-30,True
a92ea8ec-2abb-4968-9385-e8a8e93dc18f,82ca1150-c5e6-4e05-9723-6333e01eef9b,2022-01-03,Compensation Disbursement,Rehabilitation & Resettlement,4,3,1,75.0,84,17,9,8,3.6,179,280.38,103.66,176.72,685,253,432,37.0,5,2,1,3,20.0,7,5,2,71.4,36,1,1,0,293,143,150,48.8,69.0,28.0,40.6,16,8,8,5.4,7,4,1,3,6.6,2,638,1.0,154.0,2022-02-19,2022-07-23,True
2b82fbe2-b9e7-476b-b00e-f0f6ffbe7202,82ca1150-c5e6-4e05-9723-6333e01eef9b,2022-01-20,Compensation Disbursement,Rehabilitation & Resettlement,4,3,1,75.0,15,17,6,11,2.2,137,280.38,162.8,117.58,685,397,288,58.1,5,3,2,2,40.0,7,5,2,71.4,36,2,0,2,293,126,167,43.0,69.0,20.6,29.9,16,8,8,16.8,7,4,1,3,34.0,19,655,1.0,154.0,2022-02-19,2022-07-23,True
ef3f63cd-76a4-4d3d-9fd8-f0f273fdc2c6,82ca1150-c5e6-4e05-9723-6333e01eef9b,2022-08-27,Possession,Acquisition Completion,4,3,1,75.0,8,17,7,10,2.5,65,280.38,205.26,75.12,685,501,184,73.2,5,4,2,1,40.0,7,7,0,100.0,36,2,0,2,293,260,33,88.7,69.0,50.9,73.8,16,11,5,9.5,7,4,2,2,44.1,35,874,1.0,222.0,2022-08-05,2023-03-15,True
efee429c-dd73-4eee-ad61-44520ba8e7c7,7d4615b3-0eea-4b1f-bbbb-a31b70a583aa,2023-08-19,Objection / Hearing,Land & Ownership Verification,7,1,6,14.3,82,15,14,1,43.0,53,1868.46,0.0,1868.46,1849,0,1849,0.0,9,1,0,8,0.0,8,0,8,0.0,31,3,3,0,1337,0,1337,0.0,465.4,62.0,13.3,18,2,16,6.6,7,19,1,18,28.2,10,137,1.0,149.0,2023-12-29,2024-05-26,True
b3a3c6cf-df7b-47a7-aa3d-a8f1de51527c,7d4615b3-0eea-4b1f-bbbb-a31b70a583aa,2023-10-29,Objection / Hearing,Land & Ownership Verification,7,2,5,28.6,77,15,14,1,40.7,53,1868.46,0.0,1868.46,1849,0,1849,0.0,9,1,0,8,0.0,8,3,5,37.5,31,5,4,1,1337,0,1337,0.0,465.4,69.3,14.9,18,3,15,13.9,7,19,4,15,43.6,81,208,1.0,149.0,2023-12-29,2024-05-26,True
bcbde0ae-59de-4fda-b3f6-011f11b2bb0e,7d4615b3-0eea-4b1f-bbbb-a31b70a583aa,2024-03-21,Land & Ownership Verification,Award / Valuation,7,2,5,28.6,25,15,13,2,40.0,144,1868.46,534.49,1333.97,1849,528,1321,28.6,9,2,1,7,11.1,8,3,5,37.5,31,8,5,3,1337,0,1337,0.0,465.4,11.6,2.5,18,4,14,21.8,7,19,5,14,26.7,41,352,1.0,232.0,2024-04-21,2024-12-09,True
ef927135-da98-4d5d-a87d-0775016b3a4f,7d4615b3-0eea-4b1f-bbbb-a31b70a583aa,2024-08-24,Award / Valuation,Compensation Disbursement,7,4,3,57.1,89,15,11,4,31.2,145,1868.46,601.24,1267.22,1849,594,1255,32.2,9,3,1,6,11.1,8,5,3,62.5,31,6,2,4,1337,336,1001,25.1,465.4,74.1,15.9,18,6,12,6.5,7,19,4,15,44.0,90,508,1.0,269.0,2024-06-16,2025-03-12,True
7d1f103d-1fad-44ec-b8fd-936c22640f05,7d4615b3-0eea-4b1f-bbbb-a31b70a583aa,2025-03-04,Compensation Disbursement,Rehabilitation & Resettlement,7,6,1,85.7,23,15,6,9,15.6,179,1868.46,888.07,980.39,1849,878,971,47.5,9,4,2,5,22.2,8,6,2,75.0,31,5,1,4,1337,555,782,41.5,465.4,129.8,27.9,18,9,9,25.0,7,19,8,11,13.7,85,700,1.0,349.0,2024-10-13,2025-09-27,True
8a29d749-2a1e-414d-a7b1-09b62440fb12,7d4615b3-0eea-4b1f-bbbb-a31b70a583aa,2026-01-14,Possession,Acquisition Completion,7,6,1,85.7,55,15,4,11,10.3,82,1868.46,1632.57,235.89,1849,1615,234,87.4,9,8,4,1,44.4,8,8,0,100.0,31,1,0,1,1337,1027,310,76.8,465.4,323.2,69.4,18,16,2,24.0,7,19,16,3,18.5,109,1016,1.0,440.0,2025-03-08,2026-05-22,True
e8803bca-b19f-4b35-b60e-d1646363ef18,6a317ef6-2d70-4b23-b5cc-78e738b8e7ed,2023-03-13,Award / Valuation,Compensation Disbursement,12,8,4,66.7,47,15,10,5,3.5,48,149.97,29.87,120.1,828,164,664,19.9,12,5,4,7,33.3,4,2,2,50.0,12,2,1,1,286,80,206,28.0,52.4,3.7,7.1,23,8,15,3.9,7,4,1,3,31.9,12,446,1.0,239.0,2023-04-17,2023-12-12,True
f3f9fa21-ef0e-4e61-8509-433fedc0a198,6a317ef6-2d70-4b23-b5cc-78e738b8e7ed,2023-12-09,Compensation Disbursement,Rehabilitation & Resettlement,12,9,3,75.0,18,15,7,8,2.3,91,149.97,95.24,54.73,828,525,303,63.5,12,8,5,4,41.7,4,3,1,75.0,12,0,0,0,286,173,113,60.5,52.4,21.7,41.4,23,14,9,28.8,7,4,2,2,42.7,132,717,1.0,303.0,2023-06-11,2024-04-09,True
731dc67e-73fc-423d-b611-9a2771119632,6a317ef6-2d70-4b23-b5cc-78e738b8e7ed,2024-04-14,Possession,Acquisition Completion,12,12,0,100.0,0,15,4,11,1.3,60,149.97,132.92,17.05,828,733,95,88.6,12,12,7,0,58.3,4,4,0,100.0,12,0,0,0,286,187,99,65.4,52.4,32.4,61.8,23,17,6,25.5,7,4,2,2,37.3,5,844,1.0,343.0,2023-10-17,2024-09-24,True
2fce5f50-adf2-43cd-a517-25c3897c8667,6a317ef6-2d70-4b23-b5cc-78e738b8e7ed,2024-07-20,Acquisition Completion,,12,11,1,91.7,80,15,5,10,1.5,143,149.97,126.81,23.16,828,700,128,84.6,12,12,8,0,66.7,4,4,0,100.0,12,0,0,0,286,245,41,85.7,52.4,47.6,90.8,23,18,5,19.7,7,4,3,1,32.6,25,941,,,,,True
0880ff6d-b561-407d-937f-0b1659bd84c4,6a317ef6-2d70-4b23-b5cc-78e738b8e7ed,2024-08-18,Acquisition Completion,,12,11,1,91.7,55,15,6,9,1.8,63,149.97,147.68,2.29,828,815,13,98.5,12,12,8,0,66.7,4,3,1,75.0,12,0,0,0,286,286,0,100.0,52.4,42.2,80.5,23,22,1,5.4,7,4,3,1,33.9,54,970,,,,,True
d92405a9-b856-467f-9bdc-021bc7ee4894,ef9cb033-c3da-423e-a9db-e83aa9f2efa9,2021-04-19,Notification,Objection / Hearing,11,2,9,18.2,8,8,8,0,18.4,157,193.22,19.05,174.17,1435,141,1294,9.9,23,1,0,22,0.0,4,0,4,0.0,23,7,6,1,53,0,53,0.0,206.4,0.0,0.0,21,3,18,20.0,4,11,0,11,9.4,24,67,1.0,87.0,2021-07-16,2021-10-11,True
7345aedc-0db2-4d80-b719-67fa3a7aa7b5,ef9cb033-c3da-423e-a9db-e83aa9f2efa9,2022-05-25,Compensation Disbursement,Rehabilitation & Resettlement,11,6,5,54.5,69,8,6,2,13.3,26,193.22,57.71,135.51,1435,428,1007,29.9,23,10,6,13,26.1,4,2,2,50.0,23,3,1,2,53,19,34,35.8,206.4,31.9,15.5,21,8,13,4.5,4,11,4,7,25.3,27,468,1.0,301.0,2022-05-17,2023-03-14,True
d8630a96-a507-4f6e-830f-97353277f06b,ef9cb033-c3da-423e-a9db-e83aa9f2efa9,2022-09-08,Compensation Disbursement,Rehabilitation & Resettlement,11,6,5,54.5,83,8,6,2,13.8,166,193.22,100.74,92.48,1435,748,687,52.1,23,14,10,9,43.5,4,3,1,75.0,23,1,0,1,53,21,32,39.6,206.4,71.8,34.8,21,11,10,29.1,4,11,5,6,12.1,133,574,1.0,301.0,2022-05-17,2023-03-14,True
56f4a958-46bb-46da-82fc-1a002aec4161,ef9cb033-c3da-423e-a9db-e83aa9f2efa9,2023-02-25,Rehabilitation & Resettlement,Possession,11,10,1,90.9,7,8,4,4,8.0,100,193.22,137.85,55.37,1435,1023,412,71.3,23,19,13,4,56.5,4,4,0,100.0,23,2,0,2,53,33,20,62.3,206.4,107.4,52.0,21,16,5,8.1,4,11,8,3,39.7,167,744,1.0,352.0,2022-07-21,2023-07-08,True
e7b89ea2-e553-40b0-9387-389537a28a78,ef9cb033-c3da-423e-a9db-e83aa9f2efa9,2023-03-27,Possession,Acquisition Completion,11,9,2,81.8,60,8,3,5,6.6,120,193.22,114.1,79.12,1435,847,588,59.1,23,17,11,6,47.8,4,4,0,100.0,23,1,0,1,53,41,12,77.4,206.4,114.8,55.6,21,17,4,28.5,4,11,6,5,9.6,13,774,1.0,407.0,2022-09-25,2023-11-06,True
852ccc7d-3a1d-4a22-8e66-2e63546dd3e6,ef9cb033-c3da-423e-a9db-e83aa9f2efa9,2023-07-27,Acquisition Completion,,11,10,1,90.9,31,8,3,5,6.7,139,193.22,158.99,34.23,1435,1180,255,82.3,23,23,11,0,47.8,4,4,0,100.0,23,1,0,1,53,46,7,86.8,206.4,160.1,77.6,21,21,0,20.8,4,11,8,3,26.3,19,896,,,,,True
f2573941-4e93-4a58-8b90-4235df47cf41,ef9cb033-c3da-423e-a9db-e83aa9f2efa9,2023-10-11,Acquisition Completion,,11,11,0,100.0,0,8,2,6,5.1,112,193.22,186.82,6.4,1435,1387,48,96.7,23,21,13,2,56.5,4,4,0,100.0,23,0,0,0,53,51,2,96.2,206.4,192.1,93.1,21,21,0,5.8,4,11,8,3,14.6,95,972,,,,,True
5bd48232-4a78-42ae-abad-115bb194448e,ef9cb033-c3da-423e-a9db-e83aa9f2efa9,2023-10-20,Acquisition Completion,,11,10,1,90.9,58,8,2,6,3.9,89,193.22,172.85,20.37,1435,1283,152,89.5,23,23,17,0,73.9,4,3,1,75.0,23,0,0,0,53,53,0,100.0,206.4,197.8,95.8,21,21,0,8.3,4,11,8,3,7.5,104,981,,,,,True
b4f1d0d7-3be2-4a45-a4ad-c6337224b99b,5521e5e8-2dcc-473c-85ea-0675ccb31bcb,2022-01-31,Objection / Hearing,Land & Ownership Verification,9,3,6,33.3,39,7,6,1,31.5,150,390.13,0.0,390.13,1950,0,1950,0.0,9,2,1,7,11.1,7,2,5,28.6,96,21,14,7,1300,0,1300,0.0,401.0,0.0,0.0,17,3,14,4.2,6,16,1,15,36.9,33,264,1.0,261.0,2022-02-24,2022-11-12,True
4cead197-00fb-4aca-9a37-1037f437b08c,5521e5e8-2dcc-473c-85ea-0675ccb31bcb,2022-02-27,Objection / Hearing,Land & Ownership Verification,9,1,8,11.1,83,7,6,1,32.3,19,390.13,21.24,368.89,1950,106,1844,5.4,9,2,1,7,11.1,7,2,5,28.6,96,13,10,3,1300,127,1173,9.8,401.0,16.4,4.1,17,4,13,20.6,6,16,2,14,27.1,60,291,1.0,261.0,2022-02-24,2022-11-12,True
c6acff32-4871-46f5-a8ed-92bbae2b5d7f,5521e5e8-2dcc-473c-85ea-0675ccb31bcb,2022-09-01,Land & Ownership Verification,Award / Valuation,9,4,5,44.4,59,7,6,1,30.0,165,390.13,69.9,320.23,1950,349,1601,17.9,9,3,2,6,22.2,7,4,3,57.1,96,21,6,15,1300,177,1123,13.6,401.0,18.1,4.5,17,5,12,20.8,6,16,4,12,13.3,31,477,1.0,366.0,2022-06-04,2023-06-05,True
f5e4ec41-ea19-48ee-99b9-e0373290af8c,5521e5e8-2dcc-473c-85ea-0675ccb31bcb,2023-02-28,Award / Valuation,Compensation Disbursement,9,5,4,55.6,35,7,5,2,23.3,51,390.13,91.09,299.04,1950,455,1495,23.3,9,5,3,4,33.3,7,5,2,71.4,96,10,0,10,1300,310,990,23.8,401.0,40.7,10.1,17,9,8,4.4,6,16,5,11,26.8,108,657,1.0,402.0,2022-09-03,2023-10-10,True
9ecc75af-5193-4632-8aa9-dcbdf7a352cd,5521e5e8-2dcc-473c-85ea-0675ccb31bcb,2023-03-24,Award / Valuation,Compensation Disbursement,9,6,3,66.7,42,7,5,2,23.9,152,390.13,112.28,277.85,1950,561,1389,28.8,9,6,4,3,44.4,7,6,1,85.7,96,16,0,16,1300,439,861,33.8,401.0,98.0,24.4,17,9,8,28.3,6,16,7,9,34.7,132,681,1.0,402.0,2022-09-03,2023-10-10,True
fd75c286-0342-4492-aee4-e09f8c982050,5521e5e8-2dcc-473c-85ea-0675ccb31bcb,2023-12-13,Rehabilitation & Resettlement,Possession,9,8,1,88.9,89,7,3,4,13.2,70,390.13,229.81,160.32,1950,1148,802,58.9,9,6,4,3,44.4,7,6,1,85.7,96,12,0,12,1300,939,361,72.2,401.0,241.1,60.1,17,14,3,7.3,6,16,10,6,38.5,64,945,1.0,496.0,2023-01-12,2024-05-22,True
5c00d59a-588f-478a-8094-47d51e58f3df,7ae793e6-30ae-4f61-b586-b302ac302981,2022-12-21,Initial Assessment / SIA,Notification,6,0,6,0.0,24,17,16,1,39.2,21,1106.94,0.0,1106.94,346,0,346,0.0,16,1,0,15,0.0,2,0,2,0.0,62,9,9,0,162,0,162,0.0,423.4,17.7,4.2,6,0,6,8.9,6,13,0,13,31.5,3,3,0.0,0.0,2023-05-27,2023-05-21,True
7c3624f8-aed8-4e57-940e-7b5a77822575,7ae793e6-30ae-4f61-b586-b302ac302981,2023-01-07,Initial Assessment / SIA,Notification,6,0,6,0.0,87,17,15,2,36.2,15,1106.94,40.16,1066.78,346,12,334,3.6,16,2,1,14,6.2,2,0,2,0.0,62,7,6,1,162,0,162,0.0,423.4,33.3,7.9,6,0,6,22.0,6,13,1,12,28.9,20,20,0.0,0.0,2023-05-27,2023-05-21,True
52953edc-31ce-4c00-8bb0-d5f1b1104edf,7ae793e6-30ae-4f61-b586-b302ac302981,2023-01-11,Initial Assessment / SIA,Notification,6,1,5,16.7,85,17,16,1,37.7,102,1106.94,36.45,1070.49,346,11,335,3.3,16,2,1,14,6.2,2,0,2,0.0,62,8,5,3,162,0,162,0.0,423.4,64.7,15.3,6,1,5,7.8,6,13,2,11,30.5,24,24,0.0,0.0,2023-05-27,2023-05-21,True
5efd9717-078e-4f7c-8319-17d1e5bd28e6,7ae793e6-30ae-4f61-b586-b302ac302981,2023-01-17,Initial Assessment / SIA,Notification,6,0,6,0.0,73,17,16,1,37.8,22,1106.94,0.0,1106.94,346,0,346,0.0,16,3,1,13,6.2,2,0,2,0.0,62,8,8,0,162,0,162,0.0,423.4,0.0,0.0,6,0,6,10.1,6,13,0,13,24.6,30,30,0.0,0.0,2023-05-27,2023-05-21,True
a3c5c4ba-e63a-4610-9a11-4d4b68eb7a0c,7ae793e6-30ae-4f61-b586-b302ac302981,2023-02-06,Initial Assessment / SIA,Notification,6,3,3,50.0,10,17,13,4,30.4,142,1106.94,247.07,859.87,346,77,269,22.3,16,6,4,10,25.0,2,0,2,0.0,62,9,4,5,162,22,140,13.6,423.4,0.0,0.0,6,1,5,5.4,6,13,2,11,33.7,50,50,0.0,0.0,2023-05-27,2023-05-21,True
8bb2fa88-20fa-43db-be76-412365c74b3a,7ae793e6-30ae-4f61-b586-b302ac302981,2023-02-07,Initial Assessment / SIA,Notification,6,2,4,33.3,60,17,13,4,31.2,63,1106.94,247.35,859.59,346,77,269,22.3,16,3,2,13,12.5,2,0,2,0.0,62,6,3,3,162,11,151,6.8,423.4,15.2,3.6,6,1,5,16.1,6,13,3,10,43.8,51,51,0.0,0.0,2023-05-27,2023-05-21,True
51c7ab20-d7bc-489e-8074-867b5af97383,7ae793e6-30ae-4f61-b586-b302ac302981,2023-05-02,Notification,Objection / Hearing,6,6,0,100.0,0,17,7,10,15.0,112,1106.94,1052.51,54.43,346,328,18,95.1,16,16,9,0,56.2,2,2,0,100.0,62,1,0,1,162,136,26,84.0,423.4,297.0,70.1,6,5,1,19.4,6,13,8,5,37.2,65,135,,,,,True
85abd7d3-bd8d-422c-86e0-5bffd4e9e1c0,7ae793e6-30ae-4f61-b586-b302ac302981,2023-05-08,Notification,Objection / Hearing,6,5,1,83.3,10,17,6,11,12.5,57,1106.94,981.45,125.49,346,306,40,88.7,16,16,9,0,56.2,2,1,1,50.0,62,2,0,2,162,128,34,79.0,423.4,322.9,76.3,6,5,1,27.2,6,13,10,3,30.8,71,141,,,,,True
514c80ec-f6c3-48db-bbba-eb29e16a2e05,9b3e6602-1511-4af5-a69d-a36b061af863,2023-01-28,Initial Assessment / SIA,Notification,5,0,5,0.0,82,4,4,0,33.5,170,1703.54,0.0,1703.54,910,0,910,0.0,28,4,3,24,10.7,9,1,8,11.1,43,9,9,0,531,0,531,0.0,375.3,0.5,0.1,16,1,15,14.7,5,8,1,7,15.0,109,109,1.0,70.0,2023-04-06,2023-06-15,True
f695a6ce-d94c-4d6c-b98d-49ecd2cc3885,9b3e6602-1511-4af5-a69d-a36b061af863,2023-02-10,Initial Assessment / SIA,Notification,5,0,5,0.0,65,4,4,0,33.0,112,1703.54,17.43,1686.11,910,9,901,1.0,28,1,0,27,0.0,9,2,7,22.2,43,5,5,0,531,0,531,0.0,375.3,24.9,6.6,16,2,14,13.5,5,8,0,8,14.0,122,122,1.0,70.0,2023-04-06,2023-06-15,True
65b90882-e862-4ef3-be82-50937f67652b,9b3e6602-1511-4af5-a69d-a36b061af863,2023-08-07,Objection / Hearing,Land & Ownership Verification,5,2,3,40.0,57,4,3,1,24.6,28,1703.54,0.0,1703.54,910,0,910,0.0,28,7,6,21,21.4,9,3,6,33.3,43,9,5,4,531,44,487,8.3,375.3,0.0,0.0,16,4,12,21.3,5,8,2,6,25.4,53,300,1.0,183.0,2023-11-02,2024-05-03,True
594bd02e-11e6-4aa9-8731-2a6ca9d7955e,9b3e6602-1511-4af5-a69d-a36b061af863,2024-02-18,Land & Ownership Verification,Award / Valuation,5,3,2,60.0,84,4,3,1,21.8,59,1703.54,642.43,1061.11,910,343,567,37.7,28,13,9,15,32.1,9,5,4,55.6,43,7,2,5,531,133,398,25.0,375.3,52.6,14.0,16,7,9,4.0,5,8,3,5,30.6,55,495,1.0,223.0,2024-01-02,2024-08-12,True
a3c78977-faf8-45b7-aa49-0cd9b3876638,9b3e6602-1511-4af5-a69d-a36b061af863,2024-04-08,Land & Ownership Verification,Award / Valuation,5,3,2,60.0,33,4,3,1,19.6,48,1703.54,487.11,1216.43,910,260,650,28.6,28,16,10,12,35.7,9,6,3,66.7,43,5,0,5,531,155,376,29.2,375.3,120.0,32.0,16,9,7,10.0,5,8,4,4,16.2,105,545,1.0,223.0,2024-01-02,2024-08-12,True
c8bf432e-b83e-47e0-bbc2-4c1c172709c2,9b3e6602-1511-4af5-a69d-a36b061af863,2024-05-03,Award / Valuation,Compensation Disbursement,5,4,1,80.0,20,4,3,1,21.4,35,1703.54,900.59,802.95,910,481,429,52.9,28,18,13,10,46.4,9,6,3,66.7,43,3,0,3,531,197,334,37.1,375.3,71.3,19.0,16,11,5,11.9,5,8,3,5,26.8,0,570,1.0,285.0,2024-04-30,2025-02-09,True
77b4dee4-7521-444e-959c-d677e2489a65,9b3e6602-1511-4af5-a69d-a36b061af863,2025-02-22,Rehabilitation & Resettlement,Possession,5,4,1,80.0,85,4,2,2,12.6,46,1703.54,1572.94,130.6,910,840,70,92.3,28,26,14,2,50.0,9,8,1,88.9,43,0,0,0,531,455,76,85.7,375.3,301.6,80.4,16,14,2,26.3,5,8,5,3,15.3,13,865,,,,,True
d74e657c-d31a-4710-bcbb-1f02f0f7c3cd,ae989f9b-68b4-439d-afb4-bcafc3839927,2021-09-04,Initial Assessment / SIA,Notification,8,0,8,0.0,58,12,11,1,1.6,98,89.26,7.86,81.4,332,29,303,8.8,28,2,1,26,3.6,9,0,9,0.0,94,21,19,2,138,7,131,5.1,19.0,0.0,0.0,19,2,17,25.6,5,15,1,14,12.2,61,61,1.0,78.0,2021-10-23,2022-01-09,True
9bb6b7cb-e2ad-4c60-93f7-4ef2a3dba5e3,ae989f9b-68b4-439d-afb4-bcafc3839927,2022-10-24,Award / Valuation,Compensation Disbursement,8,4,4,50.0,67,12,8,4,1.1,97,89.26,25.93,63.33,332,96,236,29.0,28,17,10,11,35.7,9,6,3,66.7,94,5,0,5,138,23,115,16.7,19.0,1.4,7.4,19,7,12,22.1,5,15,4,11,26.7,7,476,1.0,241.0,2022-08-04,2023-04-02,True
c1162b46-b0de-4b84-b073-d5c348aa43b2,ae989f9b-68b4-439d-afb4-bcafc3839927,2022-11-30,Compensation Disbursement,Rehabilitation & Resettlement,8,5,3,62.5,33,12,8,4,1.2,33,89.26,43.86,45.4,332,163,169,49.1,28,18,11,10,39.3,9,7,2,77.8,94,14,4,10,138,30,108,21.7,19.0,0.0,0.0,19,12,7,9.2,5,15,7,8,15.8,11,513,1.0,298.0,2022-10-20,2023-08-14,True
066fc66a-f378-4632-819e-b2382aebd0af,ae989f9b-68b4-439d-afb4-bcafc3839927,2023-05-18,Rehabilitation & Resettlement,Possession,8,7,1,87.5,47,12,6,6,0.8,104,89.26,52.43,36.83,332,195,137,58.7,28,19,11,9,39.3,9,7,2,77.8,94,13,0,13,138,70,68,50.7,19.0,6.8,35.8,19,12,7,26.2,5,15,11,4,24.5,46,682,1.0,355.0,2022-12-31,2023-12-21,True
9615a622-3665-42f6-a933-87ba1c480355,ae989f9b-68b4-439d-afb4-bcafc3839927,2023-06-14,Rehabilitation & Resettlement,Possession,8,6,2,75.0,37,12,6,6,0.8,89,89.26,64.5,24.76,332,239,93,72.3,28,26,15,2,53.6,9,8,1,88.9,94,5,0,5,138,50,88,36.2,19.0,10.7,56.3,19,14,5,23.6,5,15,7,8,30.4,73,709,1.0,355.0,2022-12-31,2023-12-21,True
a66c01e8-0fd5-4c11-8ed7-1eb253b94bad,ae989f9b-68b4-439d-afb4-bcafc3839927,2023-09-04,Possession,Acquisition Completion,8,8,0,100.0,0,12,7,5,1.1,63,89.26,53.3,35.96,332,198,134,59.7,28,23,18,5,64.3,9,8,1,88.9,94,9,0,9,138,78,60,56.5,19.0,9.0,47.4,19,10,9,11.7,5,15,11,4,15.9,21,791,1.0,410.0,2023-03-28,2024-05-11,True
d4217cc7-da53-4c4f-a2a9-7af2d36329b6,ae989f9b-68b4-439d-afb4-bcafc3839927,2024-01-19,Acquisition Completion,,8,8,0,100.0,0,12,5,7,0.7,102,89.26,62.25,27.01,332,231,101,69.7,28,23,13,5,46.4,9,8,1,88.9,94,1,0,1,138,112,26,81.2,19.0,12.9,67.9,19,15,4,11.1,5,15,11,4,23.9,29,928,,,,,True
6996e57d-fb32-4ff8-b5a3-3b28e01d8cde,ae989f9b-68b4-439d-afb4-bcafc3839927,2024-01-27,Acquisition Completion,,8,8,0,100.0,0,12,3,9,0.5,19,89.26,81.12,8.14,332,301,31,90.9,28,23,18,5,64.3,9,8,1,88.9,94,2,0,2,138,107,31,77.5,19.0,12.0,63.2,19,18,1,4.4,5,15,11,4,39.5,37,936,,,,,True
94a3db15-290f-4b2c-b03b-599edf2cf60e,ae989f9b-68b4-439d-afb4-bcafc3839927,2024-04-24,Acquisition Completion,,8,8,0,100.0,0,12,2,10,0.2,30,89.26,89.26,0.0,332,332,0,100.0,28,28,21,0,75.0,9,9,0,100.0,94,8,0,8,138,127,11,92.0,19.0,19.0,100.0,19,17,2,14.7,5,15,11,4,33.0,125,1024,,,,,True
78937d51-1e43-4627-b151-4573194f22ba,d9f36fd1-1222-44eb-9062-f5ac95de9b72,2023-05-12,Initial Assessment / SIA,Notification,5,0,5,0.0,6,8,8,0,33.7,67,1130.45,0.0,1130.45,120,0,120,0.0,26,1,0,25,0.0,7,0,7,0.0,74,9,7,2,60,0,60,0.0,336.9,0.0,0.0,14,1,13,10.3,3,10,0,10,37.6,33,33,1.0,79.0,2023-10-07,2023-12-25,True
dc875597-17b8-4fe0-be99-547836ce5b83,d9f36fd1-1222-44eb-9062-f5ac95de9b72,2023-06-28,Initial Assessment / SIA,Notification,5,1,4,20.0,56,8,8,0,33.0,18,1130.45,0.0,1130.45,120,0,120,0.0,26,2,1,24,3.8,7,0,7,0.0,74,18,15,3,60,1,59,1.7,336.9,13.2,3.9,14,1,13,27.3,3,10,0,10,40.3,80,80,1.0,79.0,2023-10-07,2023-12-25,True
1bc64654-dca0-4574-8482-cd20f2caef12,d9f36fd1-1222-44eb-9062-f5ac95de9b72,2023-10-13,Notification,Objection / Hearing,5,1,4,20.0,56,8,8,0,30.5,56,1130.45,0.0,1130.45,120,0,120,0.0,26,2,1,24,3.8,7,1,6,14.3,74,12,9,3,60,2,58,3.3,336.9,12.5,3.7,14,2,12,24.9,3,10,1,9,42.7,65,187,1.0,138.0,2024-01-04,2024-05-21,True
53dccbaf-c761-488c-a4a7-79f87327a291,d9f36fd1-1222-44eb-9062-f5ac95de9b72,2024-03-14,Objection / Hearing,Land & Ownership Verification,5,2,3,40.0,87,8,6,2,24.6,166,1130.45,255.1,875.35,120,27,93,22.6,26,11,7,15,26.9,7,4,3,57.1,74,15,7,8,60,8,52,13.3,336.9,16.3,4.8,14,6,8,17.0,3,10,2,8,32.7,80,340,1.0,156.0,2024-02-18,2024-07-23,True
338fa61f-a20d-4ba1-9b61-287f927d5e2b,d9f36fd1-1222-44eb-9062-f5ac95de9b72,2024-05-14,Objection / Hearing,Land & Ownership Verification,5,2,3,40.0,59,8,5,3,20.7,169,1130.45,461.28,669.17,120,48,72,40.8,26,12,7,14,26.9,7,4,3,57.1,74,9,1,8,60,14,46,23.3,336.9,9.5,2.8,14,6,8,18.9,3,10,3,7,32.8,141,401,1.0,156.0,2024-02-18,2024-07-23,True
aceaf346-9492-437b-af95-1887cc32c7ae,d9f36fd1-1222-44eb-9062-f5ac95de9b72,2024-06-11,Land & Ownership Verification,Award / Valuation,5,2,3,40.0,30,8,6,2,24.1,46,1130.45,367.37,763.08,120,38,82,32.5,26,17,12,9,46.2,7,4,3,57.1,74,4,0,4,60,17,43,28.3,336.9,65.7,19.5,14,6,8,23.5,3,10,3,7,44.3,21,429,1.0,163.0,2024-05-20,2024-10-30,True
98a7e19a-5def-47c9-a5d4-b6a8e69c4c3e,d9f36fd1-1222-44eb-9062-f5ac95de9b72,2024-06-26,Land & Ownership Verification,Award / Valuation,5,3,2,60.0,14,8,5,3,17.7,30,1130.45,480.58,649.87,120,51,69,42.5,26,16,9,10,34.6,7,4,3,57.1,74,11,1,10,60,16,44,26.7,336.9,67.1,19.9,14,9,5,22.4,3,10,4,6,38.1,36,444,1.0,163.0,2024-05-20,2024-10-30,True
00221deb-c9aa-426e-903c-9ca130878e29,d9f36fd1-1222-44eb-9062-f5ac95de9b72,2024-07-01,Land & Ownership Verification,Award / Valuation,5,3,2,60.0,22,8,5,3,20.7,92,1130.45,338.14,792.31,120,35,85,29.9,26,15,8,11,30.8,7,4,3,57.1,74,5,1,4,60,15,45,25.0,336.9,37.2,11.0,14,5,9,21.3,3,10,5,5,29.6,41,449,1.0,163.0,2024-05-20,2024-10-30,True
7ea8d338-d231-443f-bd9f-1de593d8d4a2,d9f36fd1-1222-44eb-9062-f5ac95de9b72,2025-07-31,Possession,Acquisition Completion,5,5,0,100.0,0,8,2,6,7.5,70,1130.45,1009.99,120.46,120,107,13,89.3,26,26,17,0,65.4,7,6,1,85.7,74,4,0,4,60,53,7,88.3,336.9,300.7,89.3,14,14,0,17.1,3,10,9,1,27.1,88,844,1.0,269.0,2024-12-31,2025-09-26,True
53a6309b-a435-41d7-bcd0-075fb61bf917,a6faa656-2a16-4592-ae4c-705683830b62,2022-09-11,Initial Assessment / SIA,Notification,9,0,9,0.0,71,13,13,0,21.0,78,623.51,0.0,623.51,1774,0,1774,0.0,27,1,0,26,0.0,2,0,2,0.0,58,6,6,0,1406,90,1316,6.4,209.8,0.0,0.0,4,0,4,21.2,2,4,0,4,17.3,37,37,1.0,51.0,2022-12-22,2023-02-11,True
0ad97c9a-1810-4636-a241-88ed07495eec,a6faa656-2a16-4592-ae4c-705683830b62,2022-11-27,Notification,Objection / Hearing,9,1,8,11.1,84,13,10,3,15.4,64,623.51,0.0,623.51,1774,0,1774,0.0,27,3,2,24,7.4,2,0,2,0.0,58,17,13,4,1406,0,1406,0.0,209.8,6.6,3.1,4,0,4,14.7,2,4,0,4,34.3,3,114,1.0,85.0,2023-02-10,2023-05-06,True
cd3a8ff7-aae3-40d2-9f17-4e91aee0c5ca,a6faa656-2a16-4592-ae4c-705683830b62,2023-08-23,Award / Valuation,Compensation Disbursement,9,5,4,55.6,79,13,8,5,12.2,121,623.51,122.24,501.27,1774,347,1427,19.6,27,10,9,17,33.3,2,0,2,0.0,58,10,4,6,1406,101,1305,7.2,209.8,27.7,13.2,4,1,3,18.9,2,4,1,3,26.6,71,383,1.0,164.0,2023-09-10,2024-02-21,True
3db89033-5723-4fb6-a427-7130a1a0b9cd,a6faa656-2a16-4592-ae4c-705683830b62,2024-04-14,Rehabilitation & Resettlement,Possession,9,8,1,88.9,11,13,8,5,12.6,44,623.51,333.46,290.05,1774,948,826,53.5,27,21,14,6,51.9,2,1,1,50.0,58,7,0,7,1406,735,671,52.3,209.8,73.4,35.0,4,2,2,22.0,2,4,2,2,32.7,53,618,1.0,271.0,2024-03-16,2024-12-12,True
92bd65c4-6e42-4254-972a-dd58dcebcdc5,a6faa656-2a16-4592-ae4c-705683830b62,2024-07-22,Possession,Acquisition Completion,9,8,1,88.9,32,13,3,10,4.5,179,623.51,457.5,166.01,1774,1301,473,73.4,27,18,12,9,44.4,2,2,0,100.0,58,5,0,5,1406,913,493,64.9,209.8,86.2,41.1,4,2,2,19.0,2,4,2,2,7.5,2,717,1.0,298.0,2024-06-22,2025-04-16,True
b7a6e911-ee8c-42e4-9e05-56788cbb808f,a6faa656-2a16-4592-ae4c-705683830b62,2025-03-23,Acquisition Completion,,9,9,0,100.0,0,13,2,11,3.0,10,623.51,599.99,23.52,1774,1707,67,96.2,27,27,20,0,74.1,2,1,1,50.0,58,3,0,3,1406,1371,35,97.5,209.8,188.1,89.7,4,4,0,28.2,2,4,2,2,16.1,101,961,,,,,True
b7615658-f401-48c0-ad68-29c0b6e5eeeb,18ca90f1-186b-40a7-b503-1f2194c850ce,2022-05-02,Initial Assessment / SIA,Notification,4,0,4,0.0,35,16,15,1,16.5,74,478.33,0.0,478.33,802,0,802,0.0,7,0,0,7,0.0,2,0,2,0.0,85,13,10,3,236,14,222,5.9,187.6,0.0,0.0,8,0,8,12.0,7,3,0,3,24.4,10,10,0.0,27.0,2022-10-12,2022-11-08,True
f29f7213-6666-464a-9e4f-88a99faac582,18ca90f1-186b-40a7-b503-1f2194c850ce,2022-11-05,Notification,Objection / Hearing,4,0,4,0.0,68,16,13,3,14.6,51,478.33,43.41,434.92,802,72,730,9.1,7,1,0,6,0.0,2,0,2,0.0,85,22,10,12,236,0,236,0.0,187.6,0.0,0.0,8,3,5,22.3,7,3,0,3,38.4,107,197,1.0,39.0,2023-01-30,2023-03-10,True
f3b596d9-832f-4d3a-b1e6-09fb2699a0da,18ca90f1-186b-40a7-b503-1f2194c850ce,2023-08-22,Compensation Disbursement,Rehabilitation & Resettlement,4,3,1,75.0,44,16,9,7,9.6,178,478.33,259.17,219.16,802,434,368,54.2,7,4,2,3,28.6,2,1,1,50.0,85,7,0,7,236,90,146,38.1,187.6,64.8,34.5,8,4,4,10.5,7,3,1,2,35.6,30,487,1.0,128.0,2023-10-14,2024-02-19,True
cae2e2d5-85a4-467e-a06e-858721300091,18ca90f1-186b-40a7-b503-1f2194c850ce,2023-09-12,Compensation Disbursement,Rehabilitation & Resettlement,4,3,1,75.0,49,16,9,7,10.5,31,478.33,241.51,236.82,802,404,398,50.5,7,4,2,3,28.6,2,1,1,50.0,85,14,0,14,236,97,139,41.1,187.6,60.4,32.2,8,4,4,14.4,7,3,1,2,13.4,51,508,1.0,128.0,2023-10-14,2024-02-19,True
0ec658a6-2f79-41e7-a195-d481059e2127,18ca90f1-186b-40a7-b503-1f2194c850ce,2023-11-18,Rehabilitation & Resettlement,Possession,4,3,1,75.0,49,16,9,7,10.0,89,478.33,316.59,161.74,802,530,272,66.2,7,4,3,3,42.9,2,1,1,50.0,85,5,0,5,236,107,129,45.3,187.6,95.5,50.9,8,6,2,19.6,7,3,1,2,34.7,61,575,1.0,149.0,2023-11-20,2024-04-17,True
f147e5c8-e1b5-4cdb-89e6-7552d0e6aa3c,18ca90f1-186b-40a7-b503-1f2194c850ce,2024-06-07,Acquisition Completion,,4,4,0,100.0,0,16,5,11,5.5,124,478.33,439.3,39.03,802,736,66,91.8,7,7,5,0,71.4,2,2,0,100.0,85,1,0,1,236,191,45,80.9,187.6,128.7,68.6,8,7,1,18.8,7,3,2,1,23.2,51,777,,,,,True
69912531-c528-424e-9b51-ab80e0483200,18ca90f1-186b-40a7-b503-1f2194c850ce,2024-06-14,Acquisition Completion,,4,4,0,100.0,0,16,4,12,3.7,78,478.33,464.05,14.28,802,778,24,97.0,7,7,5,0,71.4,2,1,1,50.0,85,3,0,3,236,177,59,75.0,187.6,164.7,87.8,8,6,2,14.2,7,3,2,1,40.8,58,784,,,,,True
